image_name,class_label,gt_crop,gt_disease,agent,pred_crop,pred_disease,reasoning,confidence,crop_correct,disease_correct,both_correct,parse_failed,reasoning_quality,plausibility
Mg_035.jpg,"Citrus,Magnesium Deficiency",Citrus,Magnesium Deficiency,llava:7b,Citrus,Greasy Spot,"The image shows a citrus leaf with a distinct greasy spot pattern, which is indicative of greasy spot disease. This disease is characterized by the presence of yellowish-green spots on the leaves, which can be a sign of nutrient deficiency, particularly iron. The pattern of the spots and the discoloration of the leaf tissue are consistent with greasy spot disease.",0.9,1,0,0,0,,
HLB_040.jpg,"Citrus,Greening",Citrus,Greening,llava:7b,Citrus,Healthy,"The image shows a citrus leaf with a healthy appearance. There are no visible signs of disease such as discoloration, spots, or distortion. The leaf is a vibrant green color, which is typical for citrus leaves. The edges of the leaf are crisp and well-defined, and there are no visible signs of pests or nutrient deficiencies. The confidence level is 1.0 as there is no evidence of disease or nutrient deficiency in the image provided.",,1,0,0,0,,
N_046.jpg,"Citrus,Nitrogen Deficiency",Citrus,Nitrogen Deficiency,llava:7b,Citrus,Healthy,"The image shows a single citrus leaf with a bright green color, which is typical for healthy citrus leaves. There are no visible signs of disease or nutrient deficiency. The leaf appears to be in good condition, with no discoloration, spots, or other abnormalities that would indicate a disease or nutrient issue. The confidence level is 1.0, as the leaf is clearly healthy and there is no evidence of disease or nutrient deficiency.",,1,0,0,0,,
Greasy_spot_018.jpg,"Citrus,Greasy Spot",Citrus,Greasy Spot,llava:7b,Citrus,Greasy Spot,"The image shows a citrus leaf with a greasy spot, which is a characteristic symptom of Greasy Spot disease. This disease is caused by the bacterium Pseudomonas syringae and is characterized by the production of a slimy, greasy substance on the underside of the leaf. The presence of this slimy substance is a clear indication of the disease.",1.0,1,1,1,0,,
Mg_094.jpg,"Citrus,Magnesium Deficiency",Citrus,Magnesium Deficiency,llava:7b,Citrus,Healthy,"The image shows a citrus leaf with a healthy appearance, no visible signs of disease or nutrient deficiency. The leaf is a vibrant green color, which is typical for citrus leaves, and there are no visible spots, discolorations, or other abnormalities that would indicate a disease or nutrient issue. The confidence level is 1.0, as the leaf appears to be in good health.",,1,0,0,0,,
Healthy_090.jpg,"Citrus,Healthy",Citrus,Healthy,llava:7b,Citrus,Healthy,"The image shows a citrus leaf with a healthy appearance, no visible signs of disease or nutrient deficiency. The leaf is a vibrant green color, which is typical for citrus leaves, and there are no discolorations, spots, or other abnormalities that would indicate a disease or nutrient deficiency. The leaf's structure and coloration suggest it is in good health. Confidence: 1.0",,1,1,1,0,,
Mn_002.jpg,"Citrus,Manganese Deficiency",Citrus,Manganese Deficiency,llava:7b,Citrus,Greasy Spot,"The image shows a citrus leaf with a distinct greasy spot pattern, which is a characteristic symptom of Greasy Spot disease. This disease is caused by the bacterium Pseudomonas syringae pv. syringae and is characterized by the formation of a greasy, water-soaked spot on the leaf surface. The pattern of the spots and the water-soaked appearance of the affected areas are indicative of this disease.",1.0,1,0,0,0,,
HLB_002.jpg,"Citrus,Greening",Citrus,Greening,llava:7b,Citrus,Healthy,"The image shows a citrus leaf with a healthy green color and no visible signs of disease or damage. The leaf appears to be in good condition, with no discoloration, spots, or other indicators of a disease or nutrient deficiency. The confidence level is high, as there is no visual evidence of any issues with the leaf.",,1,0,0,0,,
Red_scale_sequelae_055.jpg,"Citrus,Red Scale Sequelae",Citrus,Red Scale Sequelae,llava:7b,Citrus,Healthy,"The image shows a citrus leaf, which appears to be healthy with no visible signs of disease or nutrient deficiency. The leaf is green and has a normal structure, with no discoloration or abnormal growth patterns that would indicate a specific disease or nutrient deficiency. The confidence level is high, as the leaf looks healthy and there are no clear indications of any issues.",,1,0,0,0,,
Red_scale_024.jpg,"Citrus,Red Scale",Citrus,Red Scale,llava:7b,Citrus,Greasy Spot,"The image shows a leaf with a greasy spot, which is a characteristic symptom of Greasy Spot disease in citrus crops. The greasy spot is a yellow, oily discoloration that can occur due to a variety of factors, including nutrient deficiencies or pests. The presence of this symptom on the leaf suggests that the plant may be affected by Greasy Spot disease. Confidence: 1.0",,1,0,0,0,,
Texas_mite_071.jpg,"Citrus,Texas Mite",Citrus,Texas Mite,llava:7b,Citrus,Healthy,"The image shows a citrus leaf, which appears to be healthy with no visible signs of disease or nutrient deficiency. The leaf is a vibrant green color, which is typical for citrus leaves, and the edges are crisp and well-defined. There are no visible spots, discolorations, or other abnormalities that would indicate a disease or nutrient deficiency. The confidence level is high, as there is no evidence of any issues with the leaf.",,1,0,0,0,,
Mn_025.jpg,"Citrus,Manganese Deficiency",Citrus,Manganese Deficiency,llava:7b,Citrus,Healthy,"The image shows a citrus leaf with a yellow spot on it. This spot is not indicative of any common citrus diseases such as Greasy Spot, Greening, Iron Deficiency, Leaf Miner, Magnesium Deficiency, Manganese Deficiency, Nitrogen Deficiency, Red Scale, Red Scale Sequelae, Texas Mite, or Zinc Deficiency. The leaf appears to be in good condition with no visible signs of disease or nutrient deficiency. The confidence level is 1.0.",,1,0,0,0,,
Mn_018.jpg,"Citrus,Manganese Deficiency",Citrus,Manganese Deficiency,llava:7b,Citrus,Healthy,"The image shows a citrus leaf with a yellow spot on it. This spot is characteristic of a common citrus disease known as ""Greasy Spot."" However, the spot is small and does not show the typical greasy texture or the concentric circles that are often associated with Greasy Spot. Additionally, there are no other symptoms or signs of stress or disease visible on the leaf. The leaf appears to be in good condition, with no visible damage or discoloration. The confidence level for this analysis is high, as the absence of typical Greasy Spot symptoms and the overall health of the leaf suggest that the plant is not currently affected by this disease.",,1,0,0,0,,
Greasy_spot_095.jpg,"Citrus,Greasy Spot",Citrus,Greasy Spot,llava:7b,Citrus,Healthy,"The image shows a citrus leaf with no visible signs of disease or nutrient deficiency. The leaf appears to be a healthy green color, which is typical for citrus leaves. There are no spots, discolorations, or other abnormalities that would indicate a disease or nutrient deficiency. The leaf's structure and coloration are consistent with what one would expect for a healthy citrus leaf. Confidence: 1.0",,1,0,0,0,,
Fe_006.jpg,"Citrus,Iron Deficiency",Citrus,Iron Deficiency,llava:7b,Citrus,Healthy,"The image shows a single citrus leaf with a healthy appearance. There are no visible signs of disease or nutrient deficiency. The leaf is a vibrant green color, which is typical for citrus leaves, and there are no discolorations, spots, or other abnormalities that would indicate a disease or nutrient issue. The confidence level is 1.0, as the leaf appears to be in excellent condition.",,1,0,0,0,,
HLB_013.jpg,"Citrus,Greening",Citrus,Greening,llava:7b,Citrus,Leaf Miner,"The image shows a citrus leaf with a pattern of yellow and green spots, which is characteristic of leaf miner damage. The spots are irregular and appear to be feeding sites, which are typical of insects like leaf miners. The damage is visible on both the upper and lower surfaces of the leaf.",0.9,1,0,0,0,,
Texas_mite_002.jpg,"Citrus,Texas Mite",Citrus,Texas Mite,llava:7b,Citrus,Healthy,"The image shows a citrus leaf with a healthy appearance, no visible signs of disease or nutrient deficiency. The leaf is a vibrant green color, which is typical for citrus leaves. The veins are distinct, and there are no visible spots, discolorations, or other abnormalities that would indicate a disease or nutrient deficiency. The overall condition of the leaf suggests it is healthy and not affected by any of the diseases listed in the given categories.",,1,0,0,0,,
Texas_mite_056.jpg,"Citrus,Texas Mite",Citrus,Texas Mite,llava:7b,Citrus,Healthy,"The image shows a single citrus leaf with a distinct, elongated shape and a glossy surface, which is typical for citrus leaves. There are no visible signs of disease or damage, such as discoloration, spots, or holes. The leaf appears to be in good condition, with no visible symptoms of any of the diseases listed. The confidence level is high, as the absence of disease is clearly evident.",,1,0,0,0,,
N_026.jpg,"Citrus,Nitrogen Deficiency",Citrus,Nitrogen Deficiency,llava:7b,Citrus,Healthy,"The image shows a citrus leaf with a healthy appearance. There are no visible signs of disease or nutrient deficiency. The leaf has a vibrant green color, which is typical for citrus leaves, and there are no visible spots, discolorations, or other abnormalities that would indicate a disease or nutrient deficiency. The leaf's structure appears normal, with a well-defined cuticle, healthy veins, and a symmetrical arrangement of cells. Confidence: 1.0",,1,0,0,0,,
Texas_mite_069.jpg,"Citrus,Texas Mite",Citrus,Texas Mite,llava:7b,Citrus,Healthy,"The image shows a single citrus leaf with no visible signs of disease or nutrient deficiency. The leaf appears to be in good condition with a healthy green color, and there are no visible spots, discolorations, or other abnormalities that would indicate a specific disease or nutrient deficiency. The confidence level is 1.0, as the leaf appears to be in optimal health.",,1,0,0,0,,
Red_scale_009.jpg,"Citrus,Red Scale",Citrus,Red Scale,llava:7b,Citrus,Red Scale,"The image shows a citrus leaf with a pattern of red spots, which is indicative of red scale infestation. Red scale is a common pest in citrus crops, and the presence of these spots is a clear sign of the disease. The confidence level is high, as the characteristic red spots are unmistakable.",,1,1,1,0,,
Zn_039.jpg,"Citrus,Zinc Deficiency",Citrus,Zinc Deficiency,llava:7b,Citrus,Healthy,"The image shows a single citrus leaf, which appears to be healthy with no visible signs of disease or nutrient deficiency. The leaf is a vibrant green color, which is typical for citrus leaves, and there are no discolorations, spots, or other abnormalities that would indicate a disease or nutrient deficiency. The leaf's structure and coloration are consistent with what one would expect for a healthy citrus leaf. Confidence: 1.0",,1,0,0,0,,
Red_scale_sequelae_015.jpg,"Citrus,Red Scale Sequelae",Citrus,Red Scale Sequelae,llava:7b,Citrus,Greasy Spot,"The image shows a leaf with a greasy spot, which is a characteristic symptom of Greasy Spot disease in citrus plants. This disease is caused by the bacterium Pseudomonas syringae and is characterized by the production of a sticky substance on the underside of the leaf. The presence of this sticky substance is visible in the image, indicating the presence of the Greasy Spot disease.",1.0,1,0,0,0,,
Mg_082.jpg,"Citrus,Magnesium Deficiency",Citrus,Magnesium Deficiency,llava:7b,Citrus,Healthy,"The image shows a citrus leaf with a healthy appearance. There are no visible signs of disease or nutrient deficiency. The leaf is a vibrant green color, which is typical for citrus leaves. The edges of the leaf are slightly curled, which is common in citrus species. The veins are distinct, and there are no discolorations or spots that would indicate a disease or nutrient deficiency. The overall condition of the leaf suggests it is healthy and not affected by any of the diseases listed. Confidence: 1.0",,1,0,0,0,,
Red_scale_sequelae_009.jpg,"Citrus,Red Scale Sequelae",Citrus,Red Scale Sequelae,llava:7b,Citrus,Healthy,"The image shows a citrus leaf with a yellow spot on it. This could be a sign of a nutrient deficiency, such as iron or magnesium, or a natural aging process. However, there are no clear signs of common citrus diseases like Greasy Spot, Greening, or Red Scale. The leaf appears to be in good condition, with no visible damage or discoloration that would indicate a disease or nutrient deficiency. Confidence: 1.0",,1,0,0,0,,
Zn_082.jpg,"Citrus,Zinc Deficiency",Citrus,Zinc Deficiency,llava:7b,Citrus,Iron Deficiency,"The leaf in the image exhibits a classic symptom of iron deficiency in citrus plants, which is characterized by a bright yellow coloration, especially on the underside of the leaf. The veins remain green, which is typical for iron deficiency. The leaf's coloration and the fact that the veins are unaffected are indicative of iron deficiency in citrus plants.",1.0,1,0,0,0,,
Greasy_spot_032.jpg,"Citrus,Greasy Spot",Citrus,Greasy Spot,llava:7b,Citrus,Healthy,"The image shows a citrus leaf with no visible signs of disease or nutrient deficiency. The leaf appears to be healthy with a normal coloration and structure. There are no visible spots, discolorations, or other abnormalities that would indicate a disease or nutrient issue. The confidence level is high that the leaf is healthy and there is no disease present.",,1,0,0,0,,
Fe_094.jpg,"Citrus,Iron Deficiency",Citrus,Iron Deficiency,llava:7b,Citrus,Healthy,"The image shows a citrus leaf with a healthy appearance. There are no visible signs of disease or nutrient deficiency. The leaf is a vibrant green color, which is typical for healthy citrus leaves. The edges of the leaf are crisp and the veins are well-defined, indicating proper nutrient uptake and good overall health.",,1,0,0,0,,
Red_scale_sequelae_060.jpg,"Citrus,Red Scale Sequelae",Citrus,Red Scale Sequelae,llava:7b,Citrus,Greasy Spot,"The image shows a citrus leaf with a greasy spot, which is a characteristic symptom of Greasy Spot disease. This disease is caused by the bacterium Xanthomonas citri and is characterized by the formation of greasy spots on the leaves. The presence of these spots indicates that the leaf is affected by Greasy Spot disease.",1.0,1,0,0,0,,
Texas_mite_088.jpg,"Citrus,Texas Mite",Citrus,Texas Mite,llava:7b,Citrus,Healthy,"The image shows a single leaf with a distinct shape, which is characteristic of citrus leaves. There are no visible signs of disease or nutrient deficiency. The leaf appears to be in good condition, with a healthy green color and no visible damage or discoloration. The confidence level is 1.0 because the absence of disease or nutrient deficiency is clearly evident.",,1,0,0,0,,
Citrus_leafminer_038.jpg,"Citrus,Leaf Miner",Citrus,Leaf Miner,llava:7b,Citrus,Red Scale Sequelae,"The image shows a citrus leaf with a significant amount of red scale infestation. The red scale sequelae are visible as the yellowish, mottled areas on the leaf, which are the result of the red scale feeding on the leaf. This damage is indicative of a red scale infestation, which is a common disease in citrus crops.",1.0,1,0,0,0,,
Citrus_leafminer_049.jpg,"Citrus,Leaf Miner",Citrus,Leaf Miner,llava:7b,Citrus,Healthy,"The image shows a citrus leaf with a healthy appearance, no visible signs of disease or nutrient deficiency. The leaf is a vibrant green color, with a smooth surface and no discoloration or abnormal growth patterns. The edges of the leaf are well-defined, and there are no visible spots or lesions that are characteristic of diseases such as greasy spot, greening, iron deficiency, leaf miner, magnesium deficiency, manganese deficiency, nitrogen deficiency, red scale, red scale sequelae, Texas mite, or zinc deficiency. The overall condition of the leaf suggests that it is healthy and not affected by any of the diseases listed.",,1,0,0,0,,
Zn_048.jpg,"Citrus,Zinc Deficiency",Citrus,Zinc Deficiency,llava:7b,Citrus,Healthy,"The image shows a single citrus leaf with a few small, green spots on its surface. These spots are not indicative of any common citrus diseases such as Greasy Spot, Greening, Iron Deficiency, Leaf Miner, Magnesium Deficiency, Manganese Deficiency, Nitrogen Deficiency, Red Scale, Red Scale Sequelae, Texas Mite, or Zinc Deficiency. The leaf appears to be in good condition, with no visible signs of damage or disease. The confidence level is 1.0, as there is no evidence of disease in the image.",,1,0,0,0,,
HLB_043.jpg,"Citrus,Greening",Citrus,Greening,llava:7b,Citrus,Healthy,"The image shows a citrus leaf with a few small yellow spots, which could be indicative of a nutrient deficiency or a mild disease. However, the overall appearance of the leaf is healthy, with no significant discoloration or damage. The leaf is attached to a stem, and the surrounding area looks normal. The confidence level is low, as the yellow spots could be a sign of early disease or nutrient deficiency, but without more context or a larger sample, it's difficult to make a definitive diagnosis.",,1,0,0,0,,
Mn_013.jpg,"Citrus,Manganese Deficiency",Citrus,Manganese Deficiency,llava:7b,Citrus,Greasy Spot,"The image shows a citrus leaf with a yellowish-green discoloration pattern that is characteristic of Greasy Spot disease. This pattern is caused by a fungal pathogen and is often associated with high humidity and poor air circulation. The discoloration appears as a yellowish-green hue, which is typical for this disease. The confidence level is high, as the pattern is clearly visible and indicative of Greasy Spot disease.",,1,0,0,0,,
HLB_026.jpg,"Citrus,Greening",Citrus,Greening,llava:7b,Citrus,Healthy,"The image shows a citrus leaf with a healthy appearance. There are no visible signs of disease or nutrient deficiency. The leaf is a vibrant green color, which is typical for citrus leaves, and there are no discolorations, spots, or other abnormalities that would indicate a disease or nutrient issue. The confidence level is 1.0, as the leaf appears to be in excellent condition.",,1,0,0,0,,
Fe_081.jpg,"Citrus,Iron Deficiency",Citrus,Iron Deficiency,llava:7b,Citrus,Healthy,"The image shows a citrus leaf with a healthy appearance. There are no visible signs of disease or nutrient deficiency. The leaf is a vibrant green color, which is typical for citrus leaves, and there are no discolorations, spots, or other abnormalities that would indicate a disease or nutrient issue. The leaf's structure and coloration appear normal, suggesting that the plant is healthy. Confidence: 1.0",,1,0,0,0,,
Healthy_044.jpg,"Citrus,Healthy",Citrus,Healthy,llava:7b,Citrus,Healthy,"The image shows a citrus leaf with a healthy green color and no visible signs of disease or damage. The leaf appears to be well-nourished and without any of the common citrus diseases such as greasy spot, greening, iron deficiency, leaf miner, magnesium deficiency, manganese deficiency, nitrogen deficiency, red scale, red scale sequelae, Texas mite, or zinc deficiency. The leaf's color and texture suggest it is in good health and receiving adequate nutrients.",,1,1,1,0,,
Red_scale_019.jpg,"Citrus,Red Scale",Citrus,Red Scale,llava:7b,Citrus,Red Scale Sequelae,"The image shows a citrus leaf with a significant amount of red scale infestation. The red scale is a common pest in citrus crops, and the presence of the characteristic red scale spots on the leaf indicates that the plant is affected by this disease. The red scale sequelae, which are the after-effects of the red scale infestation, are also visible on the leaf. The confidence level is high, as the red scale infestation is easily identifiable.",,1,0,0,0,,
Healthy_028.jpg,"Citrus,Healthy",Citrus,Healthy,llava:7b,Citrus,Healthy,"The image shows a citrus leaf with a healthy appearance, no visible signs of disease or nutrient deficiency. The leaf is a vibrant green color, which is typical for citrus leaves, and there are no visible spots, discolorations, or other abnormalities that would indicate a disease or nutrient deficiency. The confidence level is 1.0, as the leaf appears to be in excellent condition.",,1,1,1,0,,
Zn_026.jpg,"Citrus,Zinc Deficiency",Citrus,Zinc Deficiency,llava:7b,Citrus,Healthy,"The image shows a citrus leaf that appears to be healthy, with no visible signs of disease or nutrient deficiency. The leaf is a vibrant green color, which is typical for citrus leaves, and there are no discolorations, spots, or other abnormalities that would indicate a disease or nutrient issue. The leaf's structure and coloration suggest it is in good health, and there is no evidence of any disease or deficiency in this particular image. Confidence: 1.0",,1,0,0,0,,
Citrus_leafminer_030.jpg,"Citrus,Leaf Miner",Citrus,Leaf Miner,llava:7b,Citrus,Red Scale,"The image shows a citrus leaf with a characteristic red scale infestation. The red scale is a common pest in citrus trees, and the presence of these scales indicates a diseased condition. The confidence level is high, as the red scale is easily recognizable and the damage it causes is consistent with the symptoms observed in the image.",,1,0,0,0,,
Red_scale_003.jpg,"Citrus,Red Scale",Citrus,Red Scale,llava:7b,Citrus,Red Scale,"The image shows a citrus leaf with a characteristic red scale infestation. The red scale is a common pest in citrus crops, and the presence of these oval, reddish-orange spots indicates that the leaf is affected by red scale. The infestation is visible on the underside of the leaf, which is typical for red scale. The confidence level for this identification is high, as the red scale is a well-known and easily recognizable disease in citrus crops.",,1,1,1,0,,
Zn_021.jpg,"Citrus,Zinc Deficiency",Citrus,Zinc Deficiency,llava:7b,Citrus,Healthy,"The image shows a single citrus leaf with a bright green color, which is typical for healthy citrus leaves. There are no visible signs of disease or nutrient deficiency. The leaf appears to be in good condition, with no discoloration, spots, or other abnormalities that would indicate a disease or nutrient issue. The confidence level is high, as the absence of disease or nutrient deficiency is clearly evident.",,1,0,0,0,,
Zn_023.jpg,"Citrus,Zinc Deficiency",Citrus,Zinc Deficiency,llava:7b,Citrus,Healthy,"The image shows a citrus leaf with a few small, yellow spots that could be indicative of a nutrient deficiency or a mild stress condition. However, there are no clear signs of any major diseases such as greasy spot, greening, iron deficiency, leaf miner, magnesium deficiency, manganese deficiency, nitrogen deficiency, red scale, red scale sequelae, Texas mite, or zinc deficiency. The leaf appears to be in a healthy condition, and the spots are not severe enough to be considered a disease.",0.9,1,0,0,0,,
Zn_034.jpg,"Citrus,Zinc Deficiency",Citrus,Zinc Deficiency,llava:7b,Citrus,Healthy,"The image shows a citrus leaf with a few small, yellow spots, which could be indicative of a nutrient deficiency or a mild disease. However, the overall condition of the leaf appears to be healthy, with no significant discoloration or damage. The leaf is attached to a stem, and the surrounding area looks normal. There are no signs of common citrus diseases such as greasy spot, red scale, or iron deficiency. The confidence level is low due to the small size of the spots and the limited information available from the image.",,1,0,0,0,,
N_018.jpg,"Citrus,Nitrogen Deficiency",Citrus,Nitrogen Deficiency,llava:7b,Citrus,Healthy,"The image shows a citrus leaf that appears to be healthy with no visible signs of disease or nutrient deficiency. The leaf is a vibrant green color, which is typical for citrus leaves, and there are no discolorations, spots, or other abnormalities that would indicate a disease or nutrient issue. The leaf's structure and coloration are consistent with what one would expect for a healthy citrus leaf. Confidence: 1.0",,1,0,0,0,,
Red_scale_sequelae_020.jpg,"Citrus,Red Scale Sequelae",Citrus,Red Scale Sequelae,llava:7b,Citrus,Leaf Miner,"The image shows a citrus leaf with a pattern of damage that is characteristic of leaf miner infestation. The damage includes small, irregular holes and tunnels in the leaf tissue, which is indicative of leaf miner activity. The presence of these symptoms suggests that the leaf has been affected by leaf miners, a common pest in citrus crops.",1.0,1,0,0,0,,
HLB_006.jpg,"Citrus,Greening",Citrus,Greening,llava:7b,Citrus,Healthy,"The image shows a citrus leaf with a healthy appearance. There are no visible signs of disease such as discoloration, spots, or abnormal growth patterns. The leaf has a normal green color, and the edges are crisp, indicating that the plant is receiving adequate nutrients and is not suffering from any of the common citrus diseases like Greasy Spot, Greening, Iron Deficiency, Leaf Miner, Magnesium Deficiency, Manganese Deficiency, Nitrogen Deficiency, Red Scale, Red Scale Sequelae, Texas Mite, or Zinc Deficiency. The confidence level is 1.0, as the image clearly shows a healthy citrus leaf.",,1,0,0,0,,
Healthy_055.jpg,"Citrus,Healthy",Citrus,Healthy,llava:7b,Citrus,Healthy,"The image shows a single leaf with a glossy surface, which is characteristic of citrus leaves. There are no visible signs of disease, such as discoloration, spots, or distorted growth patterns. The leaf appears to be in good condition, with a healthy green color and no visible damage or abnormalities. The confidence level is high, as there is no evidence of disease or nutrient deficiency in this image.",,1,1,1,0,,
Greasy_spot_005.jpg,"Citrus,Greasy Spot",Citrus,Greasy Spot,llava:7b,Citrus,Greasy Spot,"The image shows a citrus leaf with a greasy spot, which is a characteristic symptom of Greasy Spot disease. This disease is caused by a fungus and is characterized by the presence of a greasy, yellowish-brown spot on the leaf. The spot appears to be in the center of the leaf, which is consistent with the typical pattern of Greasy Spot disease. The confidence level is high, as the visual evidence is clear and the pattern is consistent with known symptoms of Greasy Spot disease.",,1,1,1,0,,
N_016.jpg,"Citrus,Nitrogen Deficiency",Citrus,Nitrogen Deficiency,llava:7b,Citrus,Healthy,"The image shows a citrus leaf with a healthy appearance. There are no visible signs of disease or nutrient deficiency. The leaf is a vibrant green color, which is typical for citrus leaves, and there are no discolorations, spots, or other abnormalities that would indicate a disease or nutrient issue. The confidence level is high, as the leaf appears to be in good condition.",,1,0,0,0,,
Citrus_leafminer_091.jpg,"Citrus,Leaf Miner",Citrus,Leaf Miner,llava:7b,Citrus,Leaf Miner,"The image shows a leaf with a distinct pattern of damage, which is characteristic of leaf miner infestations. The leaf has several small holes and a wavy pattern of discoloration, which is indicative of the feeding activity of leaf miners. The damage is localized and does not appear to be widespread across the leaf, suggesting that the plant may be experiencing some level of stress or nutrient deficiency, but the primary issue visible in the image is leaf miner damage. Confidence: 0.9",,1,1,1,0,,
Texas_mite_021.jpg,"Citrus,Texas Mite",Citrus,Texas Mite,llava:7b,Citrus,Healthy,"The image shows a single citrus leaf with a healthy appearance, no visible signs of disease or nutrient deficiency. The leaf is a vibrant green color, which is typical for citrus leaves, and there are no discolorations, spots, or other abnormalities that would indicate a disease or nutrient deficiency. The leaf's structure and coloration suggest it is in good health. Confidence: 1.0",,1,0,0,0,,
Healthy_036.jpg,"Citrus,Healthy",Citrus,Healthy,llava:7b,Citrus,Healthy,"The image shows a citrus leaf, which appears to be healthy with no visible signs of disease or nutrient deficiency. The leaf is a vibrant green color, which is typical for citrus leaves, and there are no discolorations, spots, or other abnormalities that would indicate a disease or nutrient deficiency. The leaf's structure and coloration suggest that it is in good health and is not affected by any of the diseases listed.",1.0,1,1,1,0,,
HLB_027.jpg,"Citrus,Greening",Citrus,Greening,llava:7b,Citrus,Healthy,"The image shows a citrus leaf with a healthy appearance. There are no visible signs of disease such as discoloration, spots, or distortion that would indicate a problem like greasy spot, greening, iron deficiency, leaf miner, magnesium deficiency, manganese deficiency, nitrogen deficiency, red scale, red scale sequelae, Texas mite, or zinc deficiency. The leaf is a vibrant green color, and the edges are crisp, which suggests that the plant is receiving adequate nutrition and is not currently affected by any of the diseases listed.",1.0,1,0,0,0,,
Mn_020.jpg,"Citrus,Manganese Deficiency",Citrus,Manganese Deficiency,llava:7b,Citrus,Healthy,"The image shows a citrus leaf with a pattern of yellow spots and a few green spots. These spots are not indicative of any common citrus diseases such as Greasy Spot, Greening, Iron Deficiency, Leaf Miner, Magnesium Deficiency, Manganese Deficiency, Nitrogen Deficiency, Red Scale, Red Scale Sequelae, Texas Mite, or Zinc Deficiency. The leaf appears to be healthy, with no signs of damage or disease. The confidence level is 1.0, as the leaf is clearly not affected by any of the diseases listed.",,1,0,0,0,,
Fe_069.jpg,"Citrus,Iron Deficiency",Citrus,Iron Deficiency,llava:7b,Citrus,Healthy,"The image shows a citrus leaf with a healthy green color, and there are no visible signs of disease or nutrient deficiency. The leaf appears to be well-nourished and free of any visible damage or abnormalities. The confidence level is 1.0, as the leaf is clearly healthy and there is no evidence of disease or nutrient deficiency.",,1,0,0,0,,
Healthy_014.jpg,"Citrus,Healthy",Citrus,Healthy,llava:7b,Citrus,Healthy,"The image shows a citrus leaf with a healthy green color, and there are no visible signs of disease or nutrient deficiency. The leaf appears to be in good condition, with no discoloration, spots, or other indications of a problem. The confidence level is 1.0, as there is no evidence of disease or nutrient deficiency in the image provided.",,1,1,1,0,,
Fe_071.jpg,"Citrus,Iron Deficiency",Citrus,Iron Deficiency,llava:7b,Citrus,Healthy,"The image shows a single, green citrus leaf with a smooth surface and no visible signs of damage or disease. The coloration is consistent, and there are no visible spots, discolorations, or other indications of a health issue. The leaf appears to be in good condition, suggesting that it is a healthy leaf.",,1,0,0,0,,
Texas_mite_059.jpg,"Citrus,Texas Mite",Citrus,Texas Mite,llava:7b,Citrus,Healthy,"The image shows a citrus leaf with a distinctively shaped leaf. There are no visible signs of disease or nutrient deficiency. The leaf appears to be in good condition, with no discoloration, spots, or other indications of a problem. The edges of the leaf are crisp and clean, and the veins are clearly visible, which is typical of healthy citrus leaves. The confidence level is high, as there is no visual evidence of any disease or nutrient deficiency present in this leaf.",,1,0,0,0,,
Healthy_046.jpg,"Citrus,Healthy",Citrus,Healthy,llava:7b,Citrus,Healthy,"The image shows a citrus leaf with a healthy appearance. There are no visible signs of disease or nutrient deficiency. The leaf is a vibrant green color, which is typical for citrus leaves, and it has a smooth surface without any discoloration or spots that are indicative of common citrus diseases. The confidence level is high, as the absence of disease or nutrient deficiency is clearly evident.",,1,1,1,0,,
Citrus_leafminer_036.jpg,"Citrus,Leaf Miner",Citrus,Leaf Miner,llava:7b,Citrus,Red Scale,"The image shows a citrus leaf with a characteristic red scale infestation. The red scale is a common pest in citrus crops, and its presence is evident from the reddish-brown spots on the leaf surface. The scale insects are feeding on the leaf, causing the characteristic reddish-brown coloration. This is a clear sign of red scale infestation, which can lead to a variety of issues for the plant, including reduced fruit quality and yield.",,1,0,0,0,,
Citrus_leafminer_059.jpg,"Citrus,Leaf Miner",Citrus,Leaf Miner,llava:7b,Citrus,Healthy,"The image shows a citrus leaf, which appears to be healthy with no visible signs of disease or nutrient deficiency. The leaf is a vibrant green color, which is typical for citrus leaves, and there are no discolorations or spots that are indicative of common citrus diseases such as Greasy Spot, Greening, or Red Scale. The leaf's structure and coloration suggest it is in good health and receiving adequate nutrients. Confidence: 1.0",,1,0,0,0,,
Mg_010.jpg,"Citrus,Magnesium Deficiency",Citrus,Magnesium Deficiency,llava:7b,Citrus,Iron Deficiency,"The image shows a citrus leaf with a distinct yellowing pattern, which is indicative of iron deficiency. Iron deficiency in plants is characterized by a yellowing of the leaves, which is a result of the plant not receiving enough iron from the soil. The pattern of the yellowing is consistent with the typical symptoms of iron deficiency, which include a yellowing of the veins and the interveinal areas of the leaf. The healthy green areas between the yellowed veins and interveinal areas are the only parts of the leaf that are receiving adequate iron.",1.0,1,0,0,0,,
Fe_038.jpg,"Citrus,Iron Deficiency",Citrus,Iron Deficiency,llava:7b,Citrus,Healthy,"The image shows a single citrus leaf with a healthy appearance. There are no visible signs of disease or nutrient deficiency. The leaf is a vibrant green color, which is typical for citrus leaves. The edges of the leaf are crisp and well-defined, indicating that the plant is receiving adequate water and nutrients. The surface of the leaf is smooth without any noticeable spots, discoloration, or damage that would suggest a disease or nutrient deficiency. The confidence level is high that the leaf is healthy and there is no disease present.",,1,0,0,0,,
Red_scale_sequelae_068.jpg,"Citrus,Red Scale Sequelae",Citrus,Red Scale Sequelae,llava:7b,Citrus,Healthy,"The image shows a single leaf with a healthy green color, and there are no visible signs of disease or nutrient deficiency. The leaf appears to be of a citrus plant, and it looks like a typical, healthy citrus leaf. There are no visible spots, discolorations, or other indications of disease or nutrient deficiency. The confidence level is high, as the leaf appears to be in good condition.",,1,0,0,0,,
Red_scale_sequelae_097.jpg,"Citrus,Red Scale Sequelae",Citrus,Red Scale Sequelae,llava:7b,Citrus,Iron Deficiency,"The leaf in the image shows a pale green color, which is indicative of iron deficiency in citrus plants. The veins of the leaf are darker than the leaf tissue itself, which is typical for iron-deficient leaves. This deficiency can occur when the soil lacks sufficient iron for the plant's needs. The confidence level for this diagnosis is high, based on the characteristic coloration and vein contrast.",,1,0,0,0,,
Red_scale_018.jpg,"Citrus,Red Scale",Citrus,Red Scale,llava:7b,Citrus,Greasy Spot,"The image shows a citrus leaf with a greasy spot, which is a characteristic symptom of Greasy Spot disease. This disease is caused by the bacterium Pseudomonas syringae and is characterized by the presence of a greasy, sticky substance on the underside of the leaf. The presence of this substance is a clear indication of the disease.",1.0,1,0,0,0,,
Red_scale_016.jpg,"Citrus,Red Scale",Citrus,Red Scale,llava:7b,Citrus,Greening,"The image shows a citrus leaf with a greenish discoloration, which is indicative of greening, a condition that can occur due to various factors such as nutrient deficiency, water stress, or even a response to pests or diseases. The greening is visible on the leaf, and there are no obvious signs of other diseases or pests.",0.8,1,0,0,0,,
Red_scale_029.jpg,"Citrus,Red Scale",Citrus,Red Scale,llava:7b,Citrus,Greasy Spot,"The image shows a citrus leaf with a greasy spot, which is a characteristic symptom of Greasy Spot disease. This disease is caused by the bacterium Xanthomonas citri and is characterized by the formation of greasy, water-soaked spots on the leaves. The spots can eventually turn brown and lead to the death of the leaf. The presence of this symptom in the leaf suggests that the plant is affected by Greasy Spot disease.",1.0,1,0,0,0,,
Red_scale_013.jpg,"Citrus,Red Scale",Citrus,Red Scale,llava:7b,Citrus,Greasy Spot,"The image shows a leaf with a greasy spot, which is a characteristic symptom of Greasy Spot disease in citrus plants. The spot appears as a yellowish, greasy discoloration on the leaf surface. This is a common symptom of Greasy Spot disease, which is caused by a bacterium called Xanthomonas citri. The presence of this symptom indicates that the leaf is affected by this disease.",1.0,1,0,0,0,,
N_017.jpg,"Citrus,Nitrogen Deficiency",Citrus,Nitrogen Deficiency,llava:7b,Citrus,Healthy,"The image shows a single citrus leaf with a distinct yellowing pattern, which is typical for citrus trees during the winter months when they are dormant. This yellowing is a natural occurrence and not indicative of a disease. The leaf appears to be in good condition with no visible signs of damage or disease. There are no visible spots, discolorations, or other abnormalities that would suggest a disease or nutrient deficiency. The confidence level is 1.0, as the image clearly shows a healthy citrus leaf.",,1,0,0,0,,
Citrus_leafminer_082.jpg,"Citrus,Leaf Miner",Citrus,Leaf Miner,llava:7b,Citrus,Red Scale,"The image shows a citrus leaf with a characteristic red scale infestation. The red scale is a common pest in citrus crops, and the presence of these scales indicates a disease issue. The confidence level is high, as the red scale is easily recognizable and the damage it causes is evident.",,1,0,0,0,,
Healthy_098.jpg,"Citrus,Healthy",Citrus,Healthy,llava:7b,Citrus,Healthy,"The image shows a citrus leaf with a healthy appearance, no visible signs of disease or nutrient deficiency. The leaf is a vibrant green color, which is typical for citrus leaves, and there are no visible spots, discolorations, or damage that would indicate a disease or nutrient deficiency. The confidence level is 1.0, as the leaf appears to be in excellent condition.",,1,1,1,0,,
N_005.jpg,"Citrus,Nitrogen Deficiency",Citrus,Nitrogen Deficiency,llava:7b,Citrus,Healthy,"The image shows a citrus leaf that appears to be healthy with no visible signs of disease or nutrient deficiency. The leaf is a vibrant green color, which is typical for citrus leaves, and there are no discolorations, spots, or other abnormalities that would indicate a disease or nutrient issue. The leaf's structure and coloration are consistent with what one would expect for a healthy citrus leaf.",,1,0,0,0,,
N_009.jpg,"Citrus,Nitrogen Deficiency",Citrus,Nitrogen Deficiency,llava:7b,Citrus,Healthy,"The image shows a citrus leaf with a healthy appearance. There are no visible signs of disease or nutrient deficiency. The leaf is a vibrant green color, and the edges are crisp and well-defined. The veins are clearly visible, and there are no discolorations or spots that are indicative of common citrus diseases such as Greasy Spot, Greening, Iron Deficiency, Leaf Miner, Magnesium Deficiency, Manganese Deficiency, Nitrogen Deficiency, Red Scale, Red Scale Sequelae, Texas Mite, or Zinc Deficiency. The leaf appears to be in good condition, suggesting that it is from a healthy plant.",,1,0,0,0,,
Texas_mite_083.jpg,"Citrus,Texas Mite",Citrus,Texas Mite,llava:7b,Citrus,Healthy,"The image shows a single citrus leaf with a healthy appearance, no visible signs of disease or nutrient deficiency. The leaf is a vibrant green color, which is typical for citrus leaves, and there are no visible spots, discolorations, or other abnormalities that would indicate a disease or nutrient deficiency. The confidence level is 1.0, as the leaf appears to be in excellent condition.",,1,0,0,0,,
Healthy_020.jpg,"Citrus,Healthy",Citrus,Healthy,llava:7b,Citrus,Healthy,"The image shows a single leaf with a healthy appearance, no visible signs of disease or nutrient deficiency. The leaf is a vibrant green color, which is typical for citrus leaves, and there are no visible spots, discolorations, or other abnormalities that would indicate a disease or nutrient deficiency. The leaf's structure and coloration suggest it is in good health.",,1,1,1,0,,
Red_scale_sequelae_050.jpg,"Citrus,Red Scale Sequelae",Citrus,Red Scale Sequelae,llava:7b,Citrus,Healthy,"The image shows a single citrus leaf with a healthy appearance. There are no visible signs of disease or nutrient deficiency. The leaf has a vibrant green color, which is typical for citrus leaves, and there are no discolorations, spots, or other abnormalities that would indicate a disease or nutrient issue. The leaf structure appears normal, with no signs of damage or pests.",1.0,1,0,0,0,,
Mn_022.jpg,"Citrus,Manganese Deficiency",Citrus,Manganese Deficiency,llava:7b,Citrus,Greasy Spot,"The image shows a citrus leaf with a yellow spot that resembles a greasy spot disease, which is a common issue in citrus crops. The spot is characterized by a yellow, greasy appearance and is often associated with nutrient deficiencies, particularly nitrogen. The leaf appears to be affected by this condition, which is a sign of nutrient imbalance in the plant.",1.0,1,0,0,0,,
Mn_015.jpg,"Citrus,Manganese Deficiency",Citrus,Manganese Deficiency,llava:7b,Citrus,Greasy Spot,"The image shows a citrus leaf with a distinct greasy spot pattern, which is indicative of greasy spot disease. This pattern is characterized by yellowish-green spots that can coalesce into larger areas of discoloration. The pattern is a clear visual indicator of greasy spot disease, which is caused by the fungus Phacidium.",,1,0,0,0,,
Fe_016.jpg,"Citrus,Iron Deficiency",Citrus,Iron Deficiency,llava:7b,Citrus,Healthy,"The image shows a single green citrus leaf with no visible signs of disease or nutrient deficiency. The leaf appears to be in good condition, with a healthy green color and no visible spots, discoloration, or damage that would indicate a specific disease or nutrient deficiency. The leaf's structure and coloration suggest it is healthy and well-nourished. Confidence: 1.0",,1,0,0,0,,
N_010.jpg,"Citrus,Nitrogen Deficiency",Citrus,Nitrogen Deficiency,llava:7b,Citrus,Healthy,"The image shows a citrus leaf with a healthy appearance, no visible signs of disease or nutrient deficiency. The leaf is a vibrant green color, which is typical for citrus leaves, and there are no visible spots, discolorations, or other abnormalities that would indicate a disease or nutrient deficiency. The leaf's structure and coloration suggest that it is healthy and well-nourished.",,1,0,0,0,,
Mn_011.jpg,"Citrus,Manganese Deficiency",Citrus,Manganese Deficiency,llava:7b,Citrus,Greening,"The image shows a citrus leaf with a pattern of yellow spots and greening. This is indicative of a condition known as ""greening,"" which is a symptom of iron deficiency in citrus plants. The yellow spots are a sign of iron deficiency, and the greening is a result of the plant trying to compensate for the lack of iron by producing more chlorophyll. The leaves are not fully green, and the yellow spots are scattered across the leaf, which is characteristic of iron deficiency in citrus plants.",1.0,1,0,0,0,,
Texas_mite_015.jpg,"Citrus,Texas Mite",Citrus,Texas Mite,llava:7b,Citrus,Healthy,"The image shows a citrus leaf that appears to be healthy and does not exhibit any of the common symptoms of citrus diseases such as greasy spot, greening, iron deficiency, leaf miner, magnesium deficiency, manganese deficiency, nitrogen deficiency, red scale, red scale sequelae, Texas mite, or zinc deficiency. The leaf has a normal green color, no visible spots or discoloration, and no signs of damage or infestation. The confidence level is 1.0, as the leaf is clearly healthy and there is no evidence of disease.",,1,0,0,0,,
Texas_mite_044.jpg,"Citrus,Texas Mite",Citrus,Texas Mite,llava:7b,Citrus,Healthy,"The image shows a single citrus leaf with a healthy appearance, no visible signs of disease or nutrient deficiency. The leaf is a vibrant green color, which is typical for citrus leaves, and there are no visible spots, discolorations, or other abnormalities that would indicate a disease or nutrient deficiency. The confidence level is 1.0, as the image clearly shows a healthy citrus leaf.",,1,0,0,0,,
Healthy_013.jpg,"Citrus,Healthy",Citrus,Healthy,llava:7b,Citrus,Healthy,"The image shows a citrus leaf with a healthy appearance. There are no visible signs of disease or nutrient deficiency. The leaf is a vibrant green color, which is typical for citrus leaves, and there are no discolorations, spots, or other abnormalities that would indicate a disease or nutrient deficiency. The leaf's structure and coloration suggest that it is healthy and not affected by any of the diseases listed. Confidence: 1.0",,1,1,1,0,,
Mg_083.jpg,"Citrus,Magnesium Deficiency",Citrus,Magnesium Deficiency,llava:7b,Citrus,Healthy,"The image shows a citrus leaf with a healthy appearance. There are no visible signs of disease or nutrient deficiency. The leaf is a vibrant green color, and the edges are crisp and well-defined. The texture of the leaf is smooth, and there are no visible spots, discolorations, or other abnormalities that would indicate a disease or nutrient deficiency. The confidence level is 1.0, as the leaf appears to be in excellent condition.",,1,0,0,0,,
Mg_088.jpg,"Citrus,Magnesium Deficiency",Citrus,Magnesium Deficiency,llava:7b,Citrus,Healthy,"The image shows a citrus leaf with a single yellow spot on the surface. This could be a sign of a nutrient deficiency, such as iron or magnesium, or it could be a natural occurrence. However, without additional context or a larger sample of the plant, it is not possible to definitively identify the crop or diagnose any disease. The confidence level is low due to the limited information available in the image.",,1,0,0,0,,
Zn_098.jpg,"Citrus,Zinc Deficiency",Citrus,Zinc Deficiency,llava:7b,Citrus,Healthy,"The image shows a citrus leaf with a few small, yellowish spots scattered across its surface. These spots are not indicative of any major disease or deficiency. The leaf appears to be in good condition, with no signs of severe damage or discoloration. The overall color of the leaf is a healthy green, and the texture looks normal. The confidence level is high, as there is no clear evidence of any significant disease or nutrient deficiency in this image.",,1,0,0,0,,
Greasy_spot_036.jpg,"Citrus,Greasy Spot",Citrus,Greasy Spot,llava:7b,Citrus,Healthy,"The image shows a citrus leaf with a healthy appearance. There are no visible signs of disease such as discoloration, spots, or damage that would indicate a problem like Greasy Spot, Greening, Iron Deficiency, Leaf Miner, Magnesium Deficiency, Manganese Deficiency, Nitrogen Deficiency, Red Scale, Red Scale Sequelae, Texas Mite, or Zinc Deficiency. The leaf is a vibrant green color, which is typical for healthy citrus leaves. The confidence level is 1.0, as there is no evidence of disease in the image.",,1,0,0,0,,
Greasy_spot_070.jpg,"Citrus,Greasy Spot",Citrus,Greasy Spot,llava:7b,Citrus,Greasy Spot,"The image shows a citrus leaf with a greasy spot, which is a characteristic symptom of Greasy Spot disease. This disease is caused by the bacterium Xanthomonas citri and is characterized by the formation of a greasy, water-soaked spot on the leaf. The presence of this spot indicates that the leaf is affected by Greasy Spot disease.",1.0,1,1,1,0,,
Red_scale_sequelae_021.jpg,"Citrus,Red Scale Sequelae",Citrus,Red Scale Sequelae,llava:7b,Citrus,Healthy,"The image shows a citrus leaf with a healthy appearance. The leaf is a vibrant green color, which is typical for citrus leaves, and there are no visible signs of disease or nutrient deficiency. The edges of the leaf are slightly curled, which is common in citrus leaves, but there are no discolorations, spots, or other abnormalities that would indicate a disease or nutrient deficiency. The confidence in this assessment is high, as the leaf appears to be in good health.",,1,0,0,0,,
Texas_mite_093.jpg,"Citrus,Texas Mite",Citrus,Texas Mite,llava:7b,Citrus,Healthy,"The image shows a citrus leaf with a healthy appearance, no visible signs of disease or nutrient deficiency. The leaf is green with a smooth surface, and the edges are sharp, indicating proper growth and development. The coloration is uniform, and there are no discolorations or spots that are characteristic of common citrus diseases. The overall condition of the leaf suggests that it is healthy and not affected by any of the diseases listed. Confidence: 1.0",,1,0,0,0,,
Citrus_leafminer_009.jpg,"Citrus,Leaf Miner",Citrus,Leaf Miner,llava:7b,Citrus,Red Scale Sequelae,"The image shows a citrus leaf with a characteristic pattern of reddish spots and a yellowish hue, which is indicative of red scale sequelae. This condition is caused by the presence of red scale insects, which can lead to the formation of honeydew and the eventual development of sooty mold. The discoloration and the presence of the honeydew substance are clear signs of this disease.",1.0,1,0,0,0,,
Mg_069.jpg,"Citrus,Magnesium Deficiency",Citrus,Magnesium Deficiency,llava:7b,Citrus,Healthy,"The image shows a single citrus leaf with a vibrant green color and no visible signs of disease or damage. The leaf appears to be healthy, with no discoloration, spots, or other indications of a disease or nutrient deficiency. The confidence level is 1.0, as the leaf is clearly healthy and there is no evidence of any disease or nutrient deficiency.",,1,0,0,0,,
Texas_mite_035.jpg,"Citrus,Texas Mite",Citrus,Texas Mite,llava:7b,Citrus,Healthy,"The image shows a citrus leaf, which appears to be healthy with no visible signs of disease or nutrient deficiency. The leaf is a vibrant green color, and there are no discolorations, spots, or other abnormalities that would indicate a disease or nutrient deficiency. The leaf structure is intact, and the edges are crisp, which is typical of a healthy citrus leaf. The confidence level is 1.0, as there is no evidence of disease or nutrient deficiency in the image provided.",,1,0,0,0,,
Mg_090.jpg,"Citrus,Magnesium Deficiency",Citrus,Magnesium Deficiency,llava:7b,Citrus,Healthy,"The image shows a citrus leaf with a healthy appearance. There are no visible signs of disease such as discoloration, spots, or damage that would indicate a problem like Greasy Spot, Greening, Iron Deficiency, Leaf Miner, Magnesium Deficiency, Manganese Deficiency, Nitrogen Deficiency, Red Scale, Red Scale Sequelae, Texas Mite, or Zinc Deficiency. The leaf is a vibrant green color, and the edges are crisp and well-defined, which is typical of healthy citrus leaves. The confidence level is 1.0 as there is no evidence of disease in the image.",,1,0,0,0,,
Mn_021.jpg,"Citrus,Manganese Deficiency",Citrus,Manganese Deficiency,llava:7b,Citrus,Iron Deficiency,"The leaf in the image exhibits a yellowing pattern, which is characteristic of iron deficiency in citrus plants. Iron deficiency is a common nutrient deficiency in citrus trees, and it is often seen in the early stages of growth. The yellowing pattern is due to the lack of iron in the soil, which is essential for the proper growth and development of the plant. The confidence level for this diagnosis is high, as the yellowing pattern is a clear visual indicator of iron deficiency in citrus plants.",,1,0,0,0,,
Texas_mite_038.jpg,"Citrus,Texas Mite",Citrus,Texas Mite,llava:7b,Citrus,Healthy,"The image shows a single citrus leaf with a smooth surface and no visible signs of disease or damage. The leaf appears to be in good condition, with no discoloration, spots, or other indications of a problem. The confidence level is 1.0, as there is no evidence of disease or deficiency in this image.",,1,0,0,0,,
Fe_034.jpg,"Citrus,Iron Deficiency",Citrus,Iron Deficiency,llava:7b,Citrus,Healthy,"The image shows a single leaf with a healthy green color, which is typical for citrus leaves. There are no visible signs of disease or nutrient deficiency, such as discoloration, spots, or unusual patterns. The leaf appears to be in good condition, which suggests it is from a healthy plant.",1.0,1,0,0,0,,
Red_scale_025.jpg,"Citrus,Red Scale",Citrus,Red Scale,llava:7b,Citrus,Greasy Spot,"The image shows a citrus leaf with a greasy spot, which is a characteristic symptom of Greasy Spot disease. This disease is caused by a fungus and is characterized by the presence of greasy, yellowish spots on the leaves. The spots are typically oval or irregular in shape and can merge together to form larger, more irregular spots. The presence of these spots on the leaf in the image indicates that the leaf is affected by Greasy Spot disease.",1.0,1,0,0,0,,
HLB_033.jpg,"Citrus,Greening",Citrus,Greening,llava:7b,Citrus,Iron Deficiency,"The leaf in the image shows a yellowing pattern, which is indicative of iron deficiency in citrus plants. The yellowing is particularly noticeable on the edges of the leaf, which is a characteristic symptom of iron deficiency. The veins of the leaf remain green, which contrasts with the yellowing and is a common visual cue for iron deficiency in plants. The confidence level for this diagnosis is high, as the yellowing pattern is a clear and consistent indicator of iron deficiency in citrus plants.",,1,0,0,0,,
Mn_027.jpg,"Citrus,Manganese Deficiency",Citrus,Manganese Deficiency,llava:7b,Citrus,Healthy,"The image shows a single leaf with a bright green color and a few small yellow spots, which are common in citrus plants. There are no visible signs of disease or nutrient deficiency. The leaf appears to be in good condition, with no discoloration or abnormalities that would indicate a specific disease or nutrient deficiency. The confidence level is high, as the image clearly shows a healthy citrus leaf.",,1,0,0,0,,
Greasy_spot_055.jpg,"Citrus,Greasy Spot",Citrus,Greasy Spot,llava:7b,Citrus,Greasy Spot,"The image shows a citrus leaf with a greasy spot, which is a characteristic symptom of Greasy Spot disease. This disease is caused by the bacterium Pseudomonas syringae and is characterized by the presence of a greasy, sticky substance on the underside of the leaf. The greasy spot is a clear visual indicator of this disease.",1.0,1,1,1,0,,
HLB_029.jpg,"Citrus,Greening",Citrus,Greening,llava:7b,Citrus,Healthy,"The leaf in the image appears to be a healthy citrus leaf, with no visible signs of disease or nutrient deficiency. The coloration and texture of the leaf are consistent with a healthy citrus plant. There are no visible spots, discolorations, or other indications of disease or nutrient deficiency. The confidence level is high, as the leaf is clearly healthy and there is no evidence of any disease or nutrient deficiency.",,1,0,0,0,,
Zn_093.jpg,"Citrus,Zinc Deficiency",Citrus,Zinc Deficiency,llava:7b,Citrus,Healthy,"The image shows a citrus leaf with a few small yellow spots, which could be indicative of a nutrient deficiency or a mild disease. However, the spots are not extensive, and the leaf appears to be otherwise healthy, with no signs of severe damage or widespread disease. The leaf is green, and the veins are clearly visible, which is typical for healthy citrus leaves. The overall condition of the leaf suggests that it is not suffering from a significant disease or nutrient deficiency. Confidence: 1.0",,1,0,0,0,,
N_042.jpg,"Citrus,Nitrogen Deficiency",Citrus,Nitrogen Deficiency,llava:7b,Citrus,Healthy,"The image shows a citrus leaf with a bright yellow color, which is characteristic of citrus leaves. There are no visible signs of disease or nutrient deficiency on this leaf. The leaf appears to be in good condition, with no discoloration, spots, or other indications of disease or nutrient imbalance. The confidence level is high, as the leaf is healthy and there are no visible signs of disease or nutrient deficiency.",,1,0,0,0,,
Greasy_spot_087.jpg,"Citrus,Greasy Spot",Citrus,Greasy Spot,llava:7b,Citrus,Healthy,"The image shows a citrus leaf that appears to be healthy with no visible signs of disease or nutrient deficiency. The leaf has a vibrant green color, which is typical for citrus leaves, and there are no visible spots, discolorations, or other abnormalities that would indicate a disease or nutrient deficiency. The leaf's structure and coloration suggest it is in good health.",,1,0,0,0,,
N_021.jpg,"Citrus,Nitrogen Deficiency",Citrus,Nitrogen Deficiency,llava:7b,Citrus,Healthy,"The image shows a single leaf with a distinct shape, characteristic of citrus leaves. There are no visible signs of disease or nutrient deficiency. The leaf appears to be in good condition, with no discoloration, spots, or other indications of a problem. The coloration is consistent, and the leaf structure is typical of citrus plants. Confidence: 1.0",,1,0,0,0,,
Texas_mite_099.jpg,"Citrus,Texas Mite",Citrus,Texas Mite,llava:7b,Citrus,Healthy,"The image shows a citrus leaf with a healthy appearance, no visible signs of disease or nutrient deficiency. The leaf is a vibrant green color, which is typical for citrus leaves, and there are no visible spots, discolorations, or other abnormalities that would indicate a disease or nutrient deficiency. The leaf's structure and coloration suggest it is in good health. Confidence: 1.0",,1,0,0,0,,
Mg_027.jpg,"Citrus,Magnesium Deficiency",Citrus,Magnesium Deficiency,llava:7b,Citrus,Greasy Spot,"The image shows a citrus leaf with a distinct greasy spot pattern, which is a characteristic symptom of Greasy Spot disease. This disease is caused by the fungus Phytophthora limosa and is characterized by yellowish-green spots on the underside of the leaf. The spots can eventually turn brown and become necrotic, leading to leaf drop and reduced fruit production. The presence of greasy spot on this leaf indicates that the citrus crop is affected by this disease.",1.0,1,0,0,0,,
Healthy_049.jpg,"Citrus,Healthy",Citrus,Healthy,llava:7b,Citrus,Healthy,"The image shows a single citrus leaf with a healthy appearance. There are no visible signs of disease or nutrient deficiency, such as discoloration, spots, or unusual patterns. The leaf is a vibrant green color, which is typical for citrus leaves when they are healthy and well-nourished. The edges of the leaf are crisp and well-defined, indicating that the plant is receiving adequate water and nutrients. The confidence level is high, as there is no evidence of disease or nutrient deficiency in this image.",,1,1,1,0,,
Red_scale_014.jpg,"Citrus,Red Scale",Citrus,Red Scale,llava:7b,Citrus,Red Scale,"The image shows a citrus leaf with a pattern of red spots, which is characteristic of red scale infestation. This is a common disease in citrus crops, and the presence of these spots indicates that the leaf is affected by red scale. The confidence level is high, as the visual evidence of red spots is a clear sign of red scale infestation.",,1,1,1,0,,
Zn_014.jpg,"Citrus,Zinc Deficiency",Citrus,Zinc Deficiency,llava:7b,Citrus,Healthy,"The image shows a single citrus leaf with a bright green color and a healthy appearance. There are no visible signs of disease, such as discoloration, spots, or distorted growth patterns. The leaf's structure and coloration suggest it is healthy and well-nourished. The confidence level is high that the leaf is not diseased.",,1,0,0,0,,
HLB_035.jpg,"Citrus,Greening",Citrus,Greening,llava:7b,Citrus,Greasy Spot,"The image shows a citrus leaf with a yellowish-green discoloration, which is characteristic of greasy spot disease. This disease is caused by a fungus and is commonly found in citrus crops. The discoloration is a clear sign of the disease, and the presence of this discoloration indicates that the leaf is affected by greasy spot disease. The confidence level for this identification is high.",,1,0,0,0,,
Red_scale_sequelae_081.jpg,"Citrus,Red Scale Sequelae",Citrus,Red Scale Sequelae,llava:7b,Citrus,Greasy Spot,"The image shows a citrus leaf with a distinct greasy spot, which is a characteristic symptom of Greasy Spot disease. This disease is caused by the bacterium Pseudomonas syringae and is characterized by the presence of a slimy, greasy spot on the leaf. The leaf in the image exhibits this symptom, indicating that the crop is affected by Greasy Spot disease.",1.0,1,0,0,0,,
Mn_008.jpg,"Citrus,Manganese Deficiency",Citrus,Manganese Deficiency,llava:7b,Citrus,Leaf Miner,"The image shows a citrus leaf with a pattern of yellow spots and a vein-like pattern that is characteristic of leaf miner damage. The leaf's condition suggests that it has been affected by a pest, likely a leaf miner, which is a common issue in citrus crops. The confidence level is high, as the damage pattern is clearly visible and consistent with known leaf miner symptoms.",,1,0,0,0,,
Zn_081.jpg,"Citrus,Zinc Deficiency",Citrus,Zinc Deficiency,llava:7b,Citrus,Healthy,"The image shows a citrus leaf with a few small, irregularly shaped spots that could be interpreted as greasy spots, but these are not typical of greasy spot disease. The leaf appears to be a healthy green color with no visible signs of iron deficiency, manganese deficiency, or zinc deficiency. There are no indications of leaf miner, Texas mite, or red scale. The leaf's condition suggests it is healthy and not suffering from any of the diseases listed. Confidence: 1.0",,1,0,0,0,,
Mg_078.jpg,"Citrus,Magnesium Deficiency",Citrus,Magnesium Deficiency,llava:7b,Citrus,Healthy,"The image shows a citrus leaf with a healthy appearance. There are no visible signs of disease such as discoloration, spots, or distorted growth patterns. The leaf is a vibrant green color, which is typical for citrus leaves. The edges of the leaf are crisp and well-defined, indicating proper nutrient absorption and no signs of iron deficiency or other nutrient deficiencies. The overall condition of the leaf suggests that it is healthy and not affected by any of the diseases listed. Confidence: 1.0",,1,0,0,0,,
Zn_078.jpg,"Citrus,Zinc Deficiency",Citrus,Zinc Deficiency,llava:7b,Citrus,Healthy,"The image shows a single leaf with a few visible spots, but there are no signs of the common citrus diseases such as Greasy Spot, Greening, Iron Deficiency, Leaf Miner, Magnesium Deficiency, Manganese Deficiency, Nitrogen Deficiency, Red Scale, Red Scale Sequelae, Texas Mite, or Zinc Deficiency. The leaf appears to be healthy with no visible damage or discoloration that would indicate a disease or nutrient deficiency. The confidence level is 1.0.",,1,0,0,0,,
Red_scale_sequelae_077.jpg,"Citrus,Red Scale Sequelae",Citrus,Red Scale Sequelae,llava:7b,Citrus,Greasy Spot,"The image shows a citrus leaf with a greasy spot, which is a characteristic symptom of Greasy Spot disease. This disease is caused by the bacterium Pseudomonas syringae and is characterized by the presence of greasy spots on the leaves. The spots are often accompanied by a yellow halo and can lead to the development of red scale sequelae if left untreated. The presence of the greasy spot, along with the yellow halo, indicates that this leaf is affected by Greasy Spot disease.",1.0,1,0,0,0,,
Fe_011.jpg,"Citrus,Iron Deficiency",Citrus,Iron Deficiency,llava:7b,Citrus,Healthy,"The image shows a single citrus leaf with a healthy appearance. There are no visible signs of disease or nutrient deficiency. The leaf is a vibrant green color, which is typical for citrus leaves, and there are no discolorations, spots, or other abnormalities that would indicate a disease or nutrient issue. The leaf's structure and coloration appear normal, suggesting that the plant is healthy and not affected by any of the diseases listed. Confidence: 1.0",,1,0,0,0,,
Greasy_spot_029.jpg,"Citrus,Greasy Spot",Citrus,Greasy Spot,llava:7b,Citrus,Greasy Spot,"The image shows a citrus leaf with a greasy spot, which is a characteristic symptom of Greasy Spot disease. This disease is caused by the bacterium Pseudomonas syringae and is characterized by the production of a sticky substance on the underside of the leaf. The presence of this substance, along with the discoloration and distortion of the leaf, indicates that the leaf is affected by Greasy Spot disease. Confidence: 1.0",,1,1,1,0,,
N_048.jpg,"Citrus,Nitrogen Deficiency",Citrus,Nitrogen Deficiency,llava:7b,Citrus,Healthy,"The image shows a single citrus leaf with a bright green color, which is typical for healthy citrus leaves. There are no visible signs of disease or nutrient deficiency. The leaf has a smooth surface without any discoloration or spots, which is consistent with a healthy leaf. The confidence level is 1.0, as there is no evidence of disease or nutrient deficiency in the image.",,1,0,0,0,,
HLB_015.jpg,"Citrus,Greening",Citrus,Greening,llava:7b,Citrus,Healthy,"The image shows a citrus leaf with a healthy appearance. There are no visible signs of disease or nutrient deficiency. The leaf is a vibrant green color, with no discoloration or spots indicative of Greasy Spot, Greening, Iron Deficiency, Leaf Miner, Magnesium Deficiency, Manganese Deficiency, Nitrogen Deficiency, Red Scale, Red Scale Sequelae, Texas Mite, or Zinc Deficiency. The leaf's condition suggests that it is growing in optimal conditions and is not affected by any of the diseases listed.",,1,0,0,0,,
N_032.jpg,"Citrus,Nitrogen Deficiency",Citrus,Nitrogen Deficiency,llava:7b,Citrus,Healthy,"The image shows a leaf with a bright yellow color, which is typical for citrus leaves. There are no visible signs of disease or nutrient deficiency. The leaf appears to be healthy, with no discoloration, spots, or other indicators of disease or nutrient imbalance. The confidence level is high, as the absence of disease or nutrient deficiency is clearly evident.",,1,0,0,0,,
Fe_080.jpg,"Citrus,Iron Deficiency",Citrus,Iron Deficiency,llava:7b,Citrus,Healthy,"The image shows a single leaf with a healthy green color, no visible signs of disease or damage, and no visible symptoms of nutrient deficiency. The leaf appears to be in good condition, with no discoloration or unusual patterns that would indicate a specific disease or deficiency. The confidence level is 1.0, as there is no evidence of disease or nutrient deficiency in the image provided.",,1,0,0,0,,
HLB_036.jpg,"Citrus,Greening",Citrus,Greening,llava:7b,Citrus,Iron Deficiency,"The leaf in the image shows a yellowing pattern, which is indicative of iron deficiency in citrus plants. This condition is characterized by a pale green or yellow coloration of the leaf, which is a result of insufficient iron availability in the soil. The yellowing pattern is most noticeable on the edges of the leaf, which is a common symptom of iron deficiency in citrus plants.",1.0,1,0,0,0,,
Citrus_leafminer_025.jpg,"Citrus,Leaf Miner",Citrus,Leaf Miner,llava:7b,Citrus,Greasy Spot,"The image shows a citrus leaf with a greasy spot, which is a characteristic symptom of Greasy Spot disease. The leaf appears to have a yellowish discoloration, which is consistent with the symptoms of Greasy Spot. The confidence level is high, as the visual evidence is clear and the symptoms match the known characteristics of Greasy Spot disease in citrus crops.",,1,0,0,0,,
Mn_023.jpg,"Citrus,Manganese Deficiency",Citrus,Manganese Deficiency,llava:7b,Citrus,Leaf Miner,"The image shows a citrus leaf with a pattern of yellow spots and a yellowish-green coloration on the underside, which is characteristic of leaf miner damage. The presence of these spots and the discoloration are indicative of a leaf miner infestation, which is a common disease in citrus crops. The confidence level is high, as the visual evidence is clear and consistent with the symptoms of leaf miner damage.",,1,0,0,0,,
N_014.jpg,"Citrus,Nitrogen Deficiency",Citrus,Nitrogen Deficiency,llava:7b,Citrus,Healthy,"The image shows a single citrus leaf with no visible signs of disease or nutrient deficiency. The leaf appears to be a healthy, green citrus leaf with a normal structure and no discoloration or abnormalities that would indicate a specific disease or nutrient deficiency. The confidence level is high, as there is no evidence of any disease or nutrient deficiency in the leaf.",,1,0,0,0,,
Greasy_spot_004.jpg,"Citrus,Greasy Spot",Citrus,Greasy Spot,llava:7b,Citrus,Greasy Spot,"The image shows a citrus leaf with a distinct greasy spot pattern, which is characteristic of Greasy Spot disease. This disease is caused by a fungus and is commonly found on citrus trees. The spots are typically oily and dark green, and they can cause significant damage to the leaves if left untreated. The presence of these spots indicates that the leaf is affected by Greasy Spot disease.",,1,1,1,0,,
Red_scale_005.jpg,"Citrus,Red Scale",Citrus,Red Scale,llava:7b,Citrus,Greening,"The image shows a citrus leaf with a pattern of greening, which is a common symptom of greening disease in citrus crops. This condition is caused by a deficiency of potassium and can also be a sign of water stress. The greening is visible on the leaf, indicating that the plant is experiencing this issue.",1.0,1,0,0,0,,
Healthy_045.jpg,"Citrus,Healthy",Citrus,Healthy,llava:7b,Citrus,Healthy,"The image shows a single citrus leaf with a healthy appearance, no visible signs of disease or nutrient deficiency. The leaf is green and has a normal shape with a smooth surface. There are no visible spots, discolorations, or other abnormalities that would indicate a disease or nutrient deficiency. The confidence level is 1.0, as the leaf appears to be in good health.",,1,1,1,0,,
Healthy_012.jpg,"Citrus,Healthy",Citrus,Healthy,llava:7b,Citrus,Healthy,"The image shows a single citrus leaf with a glossy surface, which is characteristic of healthy citrus leaves. There are no visible signs of disease or nutrient deficiency, such as discoloration, spots, or unusual patterns. The leaf appears to be in good condition, with a vibrant green color and a smooth texture.",1.0,1,1,1,0,,
Red_scale_030.jpg,"Citrus,Red Scale",Citrus,Red Scale,llava:7b,Citrus,Red Scale,"The image shows a citrus leaf with a characteristic red scale infestation. The red scale is a common pest in citrus crops, and the presence of the reddish-orange scale insects on the underside of the leaf is indicative of red scale infestation. The presence of red scale suggests that the leaf is diseased, and the crop may require treatment to manage the pest population and prevent further damage.",1.0,1,1,1,0,,
HLB_009.jpg,"Citrus,Greening",Citrus,Greening,llava:7b,Citrus,Healthy,"The image shows a citrus leaf with a healthy green color and no visible signs of disease or nutrient deficiency. The leaf appears to be in good condition, with no discoloration, spots, or other indications of a problem. The confidence level is high, as there is no evidence of any disease or nutrient deficiency in the leaf.",,1,0,0,0,,
Fe_074.jpg,"Citrus,Iron Deficiency",Citrus,Iron Deficiency,llava:7b,Citrus,Healthy,"The image shows a citrus leaf with a healthy appearance. There are no visible signs of disease or nutrient deficiency. The leaf is a vibrant green color, which is typical for citrus leaves, and there are no discolorations, spots, or other abnormalities that would indicate a disease or nutrient deficiency. The confidence level is 1.0, as the leaf appears to be in optimal health.",,1,0,0,0,,
Citrus_leafminer_047.jpg,"Citrus,Leaf Miner",Citrus,Leaf Miner,llava:7b,Citrus,Leaf Miner,"The image shows a citrus leaf with a distinct pattern of damage that is characteristic of leaf miner infestation. The leaf has a series of irregular, serrated holes along the edges, which are typical of leaf miner damage. The damage is not uniform, suggesting that the leaf has been attacked by multiple leaf miners. The presence of these holes and the overall condition of the leaf indicate that the plant is affected by leaf miners, a common pest in citrus crops.",1.0,1,1,1,0,,
Greasy_spot_014.jpg,"Citrus,Greasy Spot",Citrus,Greasy Spot,llava:7b,Citrus,Healthy,"The leaf in the image appears to be a healthy citrus leaf, with no visible signs of disease or nutrient deficiency. The coloration, texture, and overall condition of the leaf suggest that it is in good health.",,1,0,0,0,,
Citrus_leafminer_006.jpg,"Citrus,Leaf Miner",Citrus,Leaf Miner,llava:7b,Citrus,Red Scale Sequelae,"The image shows a citrus leaf with a reddish-brown discoloration, which is indicative of red scale sequelae. This condition is often caused by the presence of red scale insects, which can lead to the formation of galls or other abnormal growths on the leaf surface. The discoloration and the presence of these galls are clear signs of the disease.",0.9,1,0,0,0,,
Fe_078.jpg,"Citrus,Iron Deficiency",Citrus,Iron Deficiency,llava:7b,Citrus,Healthy,"The image shows a single green citrus leaf with a smooth surface and no visible signs of disease or nutrient deficiency. The leaf appears to be in good condition, with no discoloration, spots, or other indications of a problem. The confidence level is 1.0, as there is no evidence of any disease or nutrient deficiency in the image provided.",,1,0,0,0,,
Greasy_spot_012.jpg,"Citrus,Greasy Spot",Citrus,Greasy Spot,llava:7b,Citrus,Greasy Spot,"The leaf in the image exhibits a greasy spot, which is a characteristic symptom of Greasy Spot disease in citrus crops. This disease is caused by the bacterium Pseudomonas syringae pv. syringae. The greasy spot is a water-soaked area on the leaf that appears shiny and greasy. The presence of this symptom indicates that the leaf is affected by Greasy Spot disease.",1.0,1,1,1,0,,
Red_scale_sequelae_007.jpg,"Citrus,Red Scale Sequelae",Citrus,Red Scale Sequelae,llava:7b,Citrus,Healthy,"The image shows a single leaf with a healthy green color and no visible signs of disease or nutrient deficiency. The leaf appears to be of a citrus plant, possibly an orange or lemon tree, given the shape and structure of the leaf. The color and texture of the leaf suggest that it is in good health and receiving adequate nutrients. There are no visible spots, discolorations, or other indications of disease or nutrient deficiency. The confidence level is high, as the absence of disease or deficiency signs is clear and unambiguous.",,1,0,0,0,,
Mg_046.jpg,"Citrus,Magnesium Deficiency",Citrus,Magnesium Deficiency,llava:7b,Citrus,Greasy Spot,"The image shows a citrus leaf with a distinct greasy spot, which is a characteristic symptom of Greasy Spot disease. This disease is caused by the bacterium Pseudomonas syringae pv. syringae and is characterized by the presence of a slimy, greasy, or sticky substance on the underside of the leaf. The presence of this slimy substance is a clear visual indicator of the disease.",1.0,1,0,0,0,,
Greasy_spot_082.jpg,"Citrus,Greasy Spot",Citrus,Greasy Spot,llava:7b,Citrus,Healthy,"The image shows a citrus leaf, which appears to be healthy with no visible signs of disease or nutrient deficiency. The leaf is a vibrant green color, which is typical for citrus leaves, and there are no discolorations, spots, or other abnormalities that would indicate a disease or nutrient issue. The leaf is also of a normal size and shape, which further supports its health.",1.0,1,0,0,0,,
Zn_020.jpg,"Citrus,Zinc Deficiency",Citrus,Zinc Deficiency,llava:7b,Citrus,Healthy,"The image shows a single citrus leaf with a healthy appearance. There are no visible signs of disease or nutrient deficiency. The leaf is a vibrant green color, which is typical for citrus leaves, and there are no discolorations, spots, or other abnormalities that would indicate a disease or nutrient deficiency. The leaf's structure and coloration suggest it is in good health. Confidence: 1.0",,1,0,0,0,,
Fe_047.jpg,"Citrus,Iron Deficiency",Citrus,Iron Deficiency,llava:7b,Citrus,Healthy,"The image shows a single citrus leaf with a bright green color, which is typical for healthy citrus leaves. There are no visible signs of disease, such as discoloration, spots, or distorted shapes. The leaf appears to be in good condition, suggesting that it is not affected by any of the diseases listed. The confidence level is 1.0, as there is no evidence of disease in this image.",,1,0,0,0,,
Greasy_spot_076.jpg,"Citrus,Greasy Spot",Citrus,Greasy Spot,llava:7b,Citrus,Greasy Spot,"The image shows a citrus leaf with a greasy spot, which is a characteristic symptom of Greasy Spot disease. This disease is caused by the bacterium Pseudomonas syringae and is characterized by the presence of a shiny, greasy spot on the leaf. The leaf in the image exhibits this symptom, indicating that the plant is affected by Greasy Spot disease.",1.0,1,1,1,0,,
Mn_009.jpg,"Citrus,Manganese Deficiency",Citrus,Manganese Deficiency,llava:7b,Citrus,Healthy,"The image shows a single citrus leaf with a yellow spot on it. This yellow spot is a common symptom of iron deficiency in citrus plants. However, the rest of the leaf appears healthy, with no signs of other diseases or nutrient deficiencies. The confidence level is high, as the yellow spot is a clear indicator of iron deficiency, which is a common issue in citrus crops.",,1,0,0,0,,
Greasy_spot_015.jpg,"Citrus,Greasy Spot",Citrus,Greasy Spot,llava:7b,Citrus,Healthy,"The image shows a citrus leaf with a healthy green color and no visible signs of disease or nutrient deficiency. The leaf appears to be in good condition, with no discoloration, spots, or other indications of a problem. The confidence level is 1.0, as there is no evidence of disease or nutrient deficiency in the image provided.",,1,0,0,0,,
Red_scale_sequelae_088.jpg,"Citrus,Red Scale Sequelae",Citrus,Red Scale Sequelae,llava:7b,Citrus,Greasy Spot,"The image shows a citrus leaf with a greasy spot, which is a characteristic symptom of Greasy Spot disease. This disease is caused by the bacterium Pseudomonas syringae and is characterized by the presence of a greasy, water-soaked spot on the leaf. The leaf in the image exhibits this symptom, indicating the presence of Greasy Spot disease.",1.0,1,0,0,0,,
Citrus_leafminer_099.jpg,"Citrus,Leaf Miner",Citrus,Leaf Miner,llava:7b,Citrus,Healthy,"The image shows a single citrus leaf with a healthy appearance. There are no visible signs of disease or nutrient deficiency. The leaf is a vibrant green color, which is typical for citrus leaves, and there are no discolorations, spots, or other abnormalities that would indicate a disease or nutrient deficiency. The confidence level is high, as the absence of disease or deficiency symptoms is clearly visible in the image.",,1,0,0,0,,
Texas_mite_097.jpg,"Citrus,Texas Mite",Citrus,Texas Mite,llava:7b,Citrus,Healthy,"The image shows a citrus leaf, which appears to be healthy with no visible signs of disease or nutrient deficiency. The leaf is a vibrant green color, and the edges are crisp and well-defined, indicating proper photosynthesis and overall plant health. There are no discolorations, spots, or other abnormalities that would suggest a disease or nutrient deficiency. The confidence level is 1.0, as the leaf is clearly healthy and there is no evidence of disease or nutrient deficiency.",,1,0,0,0,,
Citrus_leafminer_085.jpg,"Citrus,Leaf Miner",Citrus,Leaf Miner,llava:7b,Citrus,Iron Deficiency,"The image shows a citrus leaf with a yellowing pattern, which is characteristic of iron deficiency in plants. The yellowing is particularly noticeable on the edges of the leaf, which is a common symptom of iron deficiency in citrus plants. The leaf appears to be lacking the characteristic green coloration, which is indicative of iron deficiency.",0.9,1,0,0,0,,
HLB_019.jpg,"Citrus,Greening",Citrus,Greening,llava:7b,Citrus,Healthy,"The image shows a citrus leaf that appears to be healthy with no visible signs of disease or nutrient deficiency. The leaf is a vibrant green color, which is typical for citrus leaves, and there are no discolorations, spots, or other abnormalities that would indicate a disease or nutrient issue. The edges of the leaf are crisp and well-defined, and the overall structure of the leaf looks normal. Based on this visual assessment, the leaf appears to be in good health.",,1,0,0,0,,
HLB_014.jpg,"Citrus,Greening",Citrus,Greening,llava:7b,Citrus,Greasy Spot,"The image shows a leaf with a greasy spot, which is a characteristic symptom of Greasy Spot disease in citrus crops. The affected area appears to be discolored and has a greasy texture, which is typical of this disease. The confidence level is high, as the visual evidence is clear and consistent with the symptoms of Greasy Spot disease.",,1,0,0,0,,
Mg_022.jpg,"Citrus,Magnesium Deficiency",Citrus,Magnesium Deficiency,llava:7b,Citrus,Healthy,"The image shows a single citrus leaf with a few visible spots, but there is no clear indication of any disease. The leaf appears to be in good condition, with no signs of discoloration, abnormal growth, or damage that would suggest a specific disease. The spots could be due to natural aging of the leaf or other environmental factors. The confidence level is low, as the absence of disease is not always easy to confirm from a single image.",,1,0,0,0,,
Mg_086.jpg,"Citrus,Magnesium Deficiency",Citrus,Magnesium Deficiency,llava:7b,Citrus,Healthy,"The image shows a citrus leaf with a healthy appearance. The leaf is a vibrant green color, which is typical for citrus leaves, and there are no visible signs of disease or nutrient deficiency. The leaf's edges are crisp, and the veins are well-defined, which are indicators of good health in citrus plants. The confidence level is high, as the absence of any visible signs of disease or nutrient deficiency is consistent with a healthy leaf.",,1,0,0,0,,
Zn_065.jpg,"Citrus,Zinc Deficiency",Citrus,Zinc Deficiency,llava:7b,Citrus,Greening,"The image shows a citrus leaf with a greenish discoloration, which is indicative of greening, a common disease in citrus crops. This discoloration is often caused by a lack of iron in the soil, which can lead to chlorosis and a reduction in the production of chlorophyll. The greening is visible on the leaf, and the overall appearance of the leaf suggests that it is affected by this condition.",1.0,1,0,0,0,,
Citrus_leafminer_013.jpg,"Citrus,Leaf Miner",Citrus,Leaf Miner,llava:7b,Citrus,Healthy,"The image shows a single citrus leaf with a healthy green color and no visible signs of disease or nutrient deficiency. The leaf appears to be in good condition, with no discoloration, spots, or other indications of a problem. The confidence level is 1.0, as the leaf is clearly healthy and there is no evidence of any disease or nutrient deficiency.",,1,0,0,0,,
Mg_021.jpg,"Citrus,Magnesium Deficiency",Citrus,Magnesium Deficiency,llava:7b,Citrus,Healthy,"The image shows a citrus leaf with a healthy appearance. There are no visible signs of disease or nutrient deficiency. The leaf is a vibrant green color, which is typical for citrus leaves when they are healthy and well-nourished. The edges of the leaf are crisp and the veins are clearly defined, indicating that the leaf is not affected by any disease or nutrient deficiency. The confidence level is 1.0 as the leaf appears to be in excellent condition.",,1,0,0,0,,
Red_scale_012.jpg,"Citrus,Red Scale",Citrus,Red Scale,llava:7b,Citrus,Red Scale Sequelae,"The image shows a citrus leaf with a pattern of reddish spots and discoloration, which is indicative of red scale sequelae. This condition is caused by the presence of red scale insects, which can lead to the formation of sooty mold and other secondary effects. The spots and discoloration are the result of the insects' feeding and the subsequent reaction of the plant. The confidence level is high, as the visual evidence is consistent with the symptoms of red scale sequelae in citrus crops.",,1,0,0,0,,
Red_scale_017.jpg,"Citrus,Red Scale",Citrus,Red Scale,llava:7b,Citrus,Leaf Miner,"The image shows a citrus leaf with a distinct pattern of damage that is characteristic of leaf miner infestation. The damage appears as a series of small, irregular holes along the leaf's veins, which is a typical symptom of leaf miner activity. The leaf's overall health appears compromised, with some discoloration and a slightly curled edge, which could be a result of the miner's feeding habits. The confidence level is high, as the damage pattern is consistent with known leaf miner symptoms.",,1,0,0,0,,
Citrus_leafminer_011.jpg,"Citrus,Leaf Miner",Citrus,Leaf Miner,llava:7b,Citrus,Leaf Miner,"The image shows a citrus leaf with a distinct pattern of holes and damage, which is characteristic of leaf miner infestation. The damage is not uniform and appears to be the result of feeding by small insects. The confidence level for this diagnosis is high, as the damage pattern is consistent with leaf miner activity.",,1,1,1,0,,
Mn_030.jpg,"Citrus,Manganese Deficiency",Citrus,Manganese Deficiency,llava:7b,Citrus,Greasy Spot,"The image shows a citrus leaf with a distinct greasy spot pattern, which is characteristic of greasy spot disease. This pattern is caused by a fungus that thrives in warm, humid conditions. The spots are typically yellow or green and can spread across the leaf, leading to reduced photosynthesis and eventually affecting the fruit production. The presence of these spots on the leaf suggests that the plant is affected by this disease.",1.0,1,0,0,0,,
Red_scale_sequelae_049.jpg,"Citrus,Red Scale Sequelae",Citrus,Red Scale Sequelae,llava:7b,Citrus,Greasy Spot,"The image shows a leaf with a distinct greasy spot pattern, which is characteristic of Greasy Spot disease in citrus crops. This disease is caused by a fungus and is often associated with high humidity and poor air circulation. The pattern of the spots, the coloration, and the overall appearance of the leaf suggest that this is a diseased leaf.",1.0,1,0,0,0,,
Mn_006.jpg,"Citrus,Manganese Deficiency",Citrus,Manganese Deficiency,llava:7b,Citrus,Healthy,"The image shows a single leaf with a yellow spot on it, which is a common symptom of iron deficiency in citrus trees. However, the rest of the leaf appears healthy and there are no other visible signs of disease or nutrient deficiency. The leaf is a bright green color, which is typical for healthy citrus leaves. The confidence level is high that the leaf is healthy, as there are no other indicators of disease or nutrient deficiency.",,1,0,0,0,,
N_030.jpg,"Citrus,Nitrogen Deficiency",Citrus,Nitrogen Deficiency,llava:7b,Citrus,Healthy,"The image shows a single citrus leaf with a bright green color and no visible signs of disease or damage. The leaf appears to be healthy and well-nourished, with no discoloration or abnormalities that would indicate a specific disease or nutrient deficiency. The texture of the leaf is smooth, and there are no visible spots or patterns that are characteristic of common citrus diseases such as greasy spot, iron deficiency, or manganese deficiency. The confidence level is high, as there is no evidence of disease or deficiency in the leaf.",,1,0,0,0,,
Healthy_021.jpg,"Citrus,Healthy",Citrus,Healthy,llava:7b,Citrus,Healthy,"The image shows a citrus leaf with a healthy appearance, no visible signs of disease or nutrient deficiency. The leaf is green with a glossy surface, which is typical for citrus leaves. There are no visible spots, discolorations, or other abnormalities that would indicate a disease or nutrient deficiency. The leaf's structure and coloration are consistent with a healthy citrus plant. Confidence: 1.0",,1,1,1,0,,
Fe_059.jpg,"Citrus,Iron Deficiency",Citrus,Iron Deficiency,llava:7b,Citrus,Healthy,"The image shows a single green citrus leaf with a smooth surface and no visible signs of disease or damage. The leaf appears to be healthy and well-nourished, with no visible symptoms of common citrus diseases such as greasy spot, iron deficiency, or manganese deficiency. The confidence level is high, as there is no visual evidence of any disease or issue present in the leaf.",,1,0,0,0,,
N_037.jpg,"Citrus,Nitrogen Deficiency",Citrus,Nitrogen Deficiency,llava:7b,Citrus,Healthy,"The image shows a citrus leaf with a bright yellow coloration, which is typical for citrus leaves. There are no visible signs of disease or nutrient deficiency. The leaf appears to be in good condition, with no discoloration, spots, or other indications of disease or nutrient imbalance. The confidence level is 1.0, as the leaf is clearly healthy and there is no evidence of any disease or deficiency.",,1,0,0,0,,
Red_scale_008.jpg,"Citrus,Red Scale",Citrus,Red Scale,llava:7b,Citrus,Greasy Spot,"The image shows a citrus leaf with a greasy spot disease, which is characterized by the presence of a sticky substance on the leaf surface. This substance is often associated with the presence of aphids or other insects, which can cause damage to the leaf and affect the overall health of the plant. The greasy spot is a common symptom of aphid infestation, and the presence of this substance on the leaf suggests that the plant is experiencing this issue.",1.0,1,0,0,0,,
Fe_049.jpg,"Citrus,Iron Deficiency",Citrus,Iron Deficiency,llava:7b,Citrus,Healthy,"The image shows a single leaf with a glossy surface and a healthy green color, which is typical for citrus leaves. There are no visible signs of disease or nutrient deficiency, such as discoloration, spots, or abnormal growth patterns. The leaf appears to be in good condition, which suggests that the plant is healthy and not affected by any of the diseases listed. Confidence: 1.0",,1,0,0,0,,
Mg_048.jpg,"Citrus,Magnesium Deficiency",Citrus,Magnesium Deficiency,llava:7b,Citrus,Healthy,"The image shows a citrus leaf with a healthy appearance. There are no visible signs of disease or nutrient deficiency. The leaf is a vibrant green color, and the edges are crisp and well-defined. The veins are clear, and there are no discolorations, spots, or other abnormalities that would indicate a disease or nutrient issue. The confidence level is 1.0, as the leaf appears to be in excellent condition.",,1,0,0,0,,
Red_scale_sequelae_033.jpg,"Citrus,Red Scale Sequelae",Citrus,Red Scale Sequelae,llava:7b,Citrus,Greasy Spot,"The image shows a citrus leaf with a greasy spot, which is a characteristic symptom of Greasy Spot disease. This disease is caused by the bacterium Xanthomonas citri and is characterized by the production of a slimy, greasy substance on the underside of the leaf. The presence of this slimy substance is a clear indication of the disease.",1.0,1,0,0,0,,
Zn_001.jpg,"Citrus,Zinc Deficiency",Citrus,Zinc Deficiency,llava:7b,Citrus,Healthy,"The image shows a citrus leaf with a healthy appearance, no visible signs of disease or nutrient deficiency. The leaf is green and has a normal shape and structure, which is typical for citrus leaves. The coloration and texture of the leaf suggest that it is in good health and not affected by any of the diseases listed. Confidence: 1.0",,1,0,0,0,,
Healthy_001.jpg,"Citrus,Healthy",Citrus,Healthy,llava:7b,Citrus,Healthy,"The image shows a citrus leaf with a distinct, elongated shape and a glossy surface, which is typical of citrus leaves. There are no visible signs of disease or nutrient deficiency. The leaf appears to be in good condition, with no discoloration, spots, or other indications of a problem. The confidence level is high, as the leaf is clearly healthy and there is no evidence of any disease or nutrient deficiency.",,1,1,1,0,,
Mg_035.jpg,"Citrus,Magnesium Deficiency",Citrus,Magnesium Deficiency,qwen2.5vl:7b,Citrus,Greasy Spot,"The leaf shows symptoms of greasy spot, characterized by the presence of small, dark spots and a yellowing of the leaf tissue, which is typical for this disease. The spots are scattered across the leaf surface, which is a common symptom of greasy spot infection.",0.95,1,0,0,0,,
HLB_040.jpg,"Citrus,Greening",Citrus,Greening,qwen2.5vl:7b,Citrus,Greasy Spot,"The leaf exhibits symptoms of Greasy Spot, characterized by the presence of small, dark spots on the leaf surface, which are indicative of this disease. The spots are scattered across the leaf, which is typical for Greasy Spot in citrus plants.",0.95,1,0,0,0,,
N_046.jpg,"Citrus,Nitrogen Deficiency",Citrus,Nitrogen Deficiency,qwen2.5vl:7b,Citrus,Healthy,"The leaf appears to be a citrus leaf, and there are no visible signs of disease such as spots, discoloration, or deformities that would indicate the presence of a disease. The leaf is a healthy green color with a smooth surface and no visible damage.",0.95,1,0,0,0,,
Greasy_spot_018.jpg,"Citrus,Greasy Spot",Citrus,Greasy Spot,qwen2.5vl:7b,Citrus,Greasy Spot,"The leaf shows small, dark spots scattered across its surface, which is characteristic of Greasy Spot disease. This disease is common in citrus plants and typically presents as small, dark spots on the leaf surface. The presence of these spots is the primary visual evidence for this diagnosis.",0.95,1,1,1,0,,
Mg_094.jpg,"Citrus,Magnesium Deficiency",Citrus,Magnesium Deficiency,qwen2.5vl:7b,Citrus,Greasy Spot,"The leaf exhibits symptoms of Greasy Spot, characterized by the presence of yellowish-green to brownish spots on the leaf surface, which is consistent with the disease. The spots are irregular in shape and size, which is typical for Greasy Spot in citrus plants.",0.95,1,0,0,0,,
Healthy_090.jpg,"Citrus,Healthy",Citrus,Healthy,qwen2.5vl:7b,Citrus,Healthy,"The leaf appears to be a healthy citrus leaf with a uniform green color and no visible signs of disease such as spots, discoloration, or deformities. The leaf shape and color are consistent with a healthy citrus leaf.",0.95,1,1,1,0,,
Mn_002.jpg,"Citrus,Manganese Deficiency",Citrus,Manganese Deficiency,qwen2.5vl:7b,Citrus,Greasy Spot,"The leaf exhibits irregular, yellowish-green spots and blotches, which are characteristic of Greasy Spot disease in citrus plants. This disease typically causes the leaf to develop a mottled appearance with yellow or brown spots.",0.95,1,0,0,0,,
HLB_002.jpg,"Citrus,Greening",Citrus,Greening,qwen2.5vl:7b,Citrus,Greening,"The leaf exhibits symptoms of Citrus Greening, a bacterial disease characterized by mottling and distortion of the leaf, which is evident in the image. The presence of these symptoms is a strong indicator of the disease.",0.95,1,1,1,0,,
Red_scale_sequelae_055.jpg,"Citrus,Red Scale Sequelae",Citrus,Red Scale Sequelae,qwen2.5vl:7b,Citrus,Greasy Spot,"The leaf shows symptoms of Greasy Spot, characterized by the presence of small, white, powdery spots on the leaf surface, which is a typical symptom of this disease. The leaf also appears to have a yellowish discoloration, which is consistent with the progression of Greasy Spot. Confidence: 0.9",,1,0,0,0,,
Red_scale_024.jpg,"Citrus,Red Scale",Citrus,Red Scale,qwen2.5vl:7b,Citrus,Greasy Spot,"The leaf shows small, circular, and raised lesions, which are characteristic of Greasy Spot disease. This disease typically appears as small, brown spots on the leaf surface, which can develop into larger, raised lesions, as seen in the image. The presence of these lesions on the leaf surface is strong evidence of Greasy Spot.",0.95,1,0,0,0,,
Texas_mite_071.jpg,"Citrus,Texas Mite",Citrus,Texas Mite,qwen2.5vl:7b,Citrus,Greasy Spot,"The leaf exhibits small, dark spots scattered across its surface, which is characteristic of greasy spot, a common disease affecting citrus leaves. The spots are not uniform in size or shape, which is typical of this disease. The leaf also appears to be healthy in terms of overall shape and color, suggesting that the greasy spot is the only disease present.",0.9,1,0,0,0,,
Mn_025.jpg,"Citrus,Manganese Deficiency",Citrus,Manganese Deficiency,qwen2.5vl:7b,Citrus,Magnesium Deficiency,"The leaf shows yellowing with interveinal chlorosis, which is characteristic of magnesium deficiency in citrus plants. The pattern of yellowing between the veins is indicative of magnesium deficiency rather than other diseases or nutrient deficiencies.",0.95,1,0,0,0,,
Mn_018.jpg,"Citrus,Manganese Deficiency",Citrus,Manganese Deficiency,qwen2.5vl:7b,Citrus,Greasy Spot,"The leaf exhibits yellowish-green patches with a mottled appearance, which is characteristic of greasy spot disease in citrus plants. This disease typically causes irregular, yellowish-green spots on the leaf surface, which aligns with the visual evidence in the image.",0.95,1,0,0,0,,
Greasy_spot_095.jpg,"Citrus,Greasy Spot",Citrus,Greasy Spot,qwen2.5vl:7b,Citrus,Greasy Spot,"The leaf exhibits dark, irregular spots and blotches, which are characteristic of Greasy Spot disease in citrus plants. This disease typically causes dark, water-soaked spots on the leaves, which aligns with the visual evidence in the image.",0.95,1,1,1,0,,
Fe_006.jpg,"Citrus,Iron Deficiency",Citrus,Iron Deficiency,qwen2.5vl:7b,Citrus,Healthy,"The leaf appears to be a healthy citrus leaf with a bright green color and visible veins. There are no visible signs of disease such as spots, discoloration, or leaf distortion that would indicate the presence of a disease like Greasy Spot or Greening. The leaf structure and color are consistent with a healthy citrus leaf.",0.95,1,0,0,0,,
HLB_013.jpg,"Citrus,Greening",Citrus,Greening,qwen2.5vl:7b,Citrus,Greasy Spot,"The leaf exhibits a pattern of yellowish-green spots and blotches, which is characteristic of greasy spot disease in citrus plants. This disease typically causes irregular, yellowish-green spots on the leaf surface, often with a greasy appearance. The presence of these symptoms strongly suggests the leaf is affected by greasy spot.",0.95,1,0,0,0,,
Texas_mite_002.jpg,"Citrus,Texas Mite",Citrus,Texas Mite,qwen2.5vl:7b,Citrus,Healthy,"The leaf appears to be a healthy citrus leaf with a uniform green color and no visible signs of disease such as spots, discoloration, or deformities. The leaf shape and color are consistent with a healthy citrus leaf.",0.95,1,0,0,0,,
Texas_mite_056.jpg,"Citrus,Texas Mite",Citrus,Texas Mite,qwen2.5vl:7b,Citrus,Healthy,"The leaf appears to be a single, healthy citrus leaf with a smooth, glossy surface and no visible signs of discoloration, spots, or damage that would indicate a disease. The leaf shape and color are consistent with a healthy citrus leaf.",0.95,1,0,0,0,,
N_026.jpg,"Citrus,Nitrogen Deficiency",Citrus,Nitrogen Deficiency,qwen2.5vl:7b,Citrus,Greasy Spot,"The leaf shows yellowing and browning spots, which are characteristic symptoms of Greasy Spot disease in citrus plants. This disease typically causes small, irregularly shaped spots on the leaf surface, which aligns with the visual evidence in the image.",0.9,1,0,0,0,,
Texas_mite_069.jpg,"Citrus,Texas Mite",Citrus,Texas Mite,qwen2.5vl:7b,Citrus,Healthy,"The leaf appears to be a single, healthy citrus leaf with no visible signs of disease such as spots, discoloration, or deformities. The leaf is a consistent green color and has a normal shape and size.",0.95,1,0,0,0,,
Red_scale_009.jpg,"Citrus,Red Scale",Citrus,Red Scale,qwen2.5vl:7b,Citrus,Greasy Spot,"The leaf shows small, round, white spots with a yellow halo, which are characteristic of Greasy Spot disease in citrus plants. This disease typically causes small, white, circular lesions on the leaf surface.",0.95,1,0,0,0,,
Zn_039.jpg,"Citrus,Zinc Deficiency",Citrus,Zinc Deficiency,qwen2.5vl:7b,Citrus,Greening,"The leaf exhibits the characteristic yellowing and mottling typical of citrus greening, a bacterial disease caused by the bacterium Candidatus Liberibacter asiaticus. The pattern of yellowing and the overall appearance of the leaf are consistent with this diagnosis.",0.95,1,0,0,0,,
Red_scale_sequelae_015.jpg,"Citrus,Red Scale Sequelae",Citrus,Red Scale Sequelae,qwen2.5vl:7b,Citrus,Greasy Spot,"The leaf shows signs of greasy spot disease, characterized by the presence of small, dark spots on the leaf surface, which is typical of this disease. The spots are scattered across the leaf, and the leaf itself appears to be yellowing, which is a common symptom of greasy spot affecting citrus leaves.",0.9,1,0,0,0,,
Mg_082.jpg,"Citrus,Magnesium Deficiency",Citrus,Magnesium Deficiency,qwen2.5vl:7b,Citrus,Greasy Spot,"The leaf shows symptoms of Greasy Spot, characterized by the yellowing and necrosis on the leaf surface, which is typical for this disease. The presence of small black spots further supports this diagnosis, as they are indicative of the fungal spores associated with Greasy Spot.",0.95,1,0,0,0,,
Red_scale_sequelae_009.jpg,"Citrus,Red Scale Sequelae",Citrus,Red Scale Sequelae,qwen2.5vl:7b,Citrus,Greasy Spot,"The leaf shows yellowing with brown spots, which is characteristic of Greasy Spot, a common disease in citrus plants. The spots are irregular and scattered, which is typical of this disease. The leaf also appears to have some necrosis at the edges, which is another symptom of Greasy Spot.",0.95,1,0,0,0,,
Zn_082.jpg,"Citrus,Zinc Deficiency",Citrus,Zinc Deficiency,qwen2.5vl:7b,Citrus,Greening,"The leaf exhibits yellowing and mottling, which are characteristic symptoms of Citrus Greening disease. This disease is caused by a bacterium that can be transmitted by certain species of psyllid insects and leads to the yellowing and distortion of leaves.",0.95,1,0,0,0,,
Greasy_spot_032.jpg,"Citrus,Greasy Spot",Citrus,Greasy Spot,qwen2.5vl:7b,Citrus,Greasy Spot,"The leaf exhibits speckled brown spots, which is characteristic of Greasy Spot disease in citrus. This disease typically causes small, brown spots on the leaf surface, which match the pattern observed here.",0.95,1,1,1,0,,
Fe_094.jpg,"Citrus,Iron Deficiency",Citrus,Iron Deficiency,qwen2.5vl:7b,Citrus,Healthy,"The leaf appears to be a citrus leaf, characterized by its glossy, smooth texture and prominent venation. There are no visible signs of discoloration, spots, or other symptoms that would indicate the presence of a disease. The leaf looks vibrant and healthy.",1.0,1,0,0,0,,
Red_scale_sequelae_060.jpg,"Citrus,Red Scale Sequelae",Citrus,Red Scale Sequelae,qwen2.5vl:7b,Citrus,Greasy Spot,"The leaf exhibits yellowish-green patches with a rough texture, which are characteristic of Greasy Spot disease in citrus plants. This disease typically causes the leaf tissue to become discolored and rough to the touch.",0.95,1,0,0,0,,
Texas_mite_088.jpg,"Citrus,Texas Mite",Citrus,Texas Mite,qwen2.5vl:7b,Citrus,Healthy,"The leaf appears to be a healthy citrus leaf with a uniform green color and no visible signs of disease such as spots, discoloration, or deformities. The leaf shape and color are consistent with a healthy citrus leaf.",0.95,1,0,0,0,,
Citrus_leafminer_038.jpg,"Citrus,Leaf Miner",Citrus,Leaf Miner,qwen2.5vl:7b,Citrus,Greening,"The leaf exhibits symptoms of citrus Greening disease, characterized by the presence of chlorotic (yellowish) areas on the leaf, which is a common symptom of this disease. The disease is caused by a bacterium and can lead to the death of the tree.",0.95,1,0,0,0,,
Citrus_leafminer_049.jpg,"Citrus,Leaf Miner",Citrus,Leaf Miner,qwen2.5vl:7b,Citrus,Greasy Spot,"The leaf shows symptoms of Greasy Spot, characterized by the presence of small, dark spots on the leaf surface, which is typical of this disease. The spots are scattered and do not form larger lesions, which is consistent with the early stages of Greasy Spot infection.",0.9,1,0,0,0,,
Zn_048.jpg,"Citrus,Zinc Deficiency",Citrus,Zinc Deficiency,qwen2.5vl:7b,Citrus,Greening,"The leaf exhibits the characteristic yellowing and mottling typical of citrus greening, a bacterial disease caused by the bacterium Candidatus Liberibacter asiaticus. The pattern of yellowing and the overall appearance of the leaf are consistent with this diagnosis.",0.95,1,0,0,0,,
HLB_043.jpg,"Citrus,Greening",Citrus,Greening,qwen2.5vl:7b,Citrus,Greasy Spot,"The leaf exhibits yellowish-green spots and blotches, which are characteristic symptoms of greasy spot disease in citrus plants. This disease typically causes irregular, sunken lesions on the leaf surface, which aligns with the visual evidence in the image.",0.95,1,0,0,0,,
Mn_013.jpg,"Citrus,Manganese Deficiency",Citrus,Manganese Deficiency,qwen2.5vl:7b,Citrus,Greasy Spot,"The leaf exhibits yellowish-green spots and blotches, which are characteristic of Greasy Spot disease in citrus plants. This disease is typically caused by the bacterium Xanthomonas citri and results in irregular, yellowish-green lesions on the leaves. The presence of these symptoms strongly suggests the presence of Greasy Spot.",0.95,1,0,0,0,,
HLB_026.jpg,"Citrus,Greening",Citrus,Greening,qwen2.5vl:7b,Citrus,Greening,"The leaf exhibits symptoms of citrus greening, characterized by the yellowing and mottling of the leaf, which is a classic sign of this disease. The presence of these symptoms strongly suggests the leaf is infected with the bacteria that causes citrus greening.",0.95,1,1,1,0,,
Fe_081.jpg,"Citrus,Iron Deficiency",Citrus,Iron Deficiency,qwen2.5vl:7b,Citrus,Healthy,"The leaf appears to be a healthy citrus leaf with a vibrant green color and no visible signs of disease such as spots, discoloration, or deformities. The leaf structure and coloration are consistent with a healthy citrus leaf.",1.0,1,0,0,0,,
Healthy_044.jpg,"Citrus,Healthy",Citrus,Healthy,qwen2.5vl:7b,Citrus,Healthy,"The leaf appears to be a healthy citrus leaf with a uniform green color and no visible signs of disease such as spots, discoloration, or deformities. The leaf shape and color are consistent with a healthy citrus leaf.",1.0,1,1,1,0,,
Red_scale_019.jpg,"Citrus,Red Scale",Citrus,Red Scale,qwen2.5vl:7b,Citrus,Greasy Spot,"The leaf exhibits small, circular, and raised lesions with a yellowish halo, which are characteristic of Greasy Spot disease. This disease is commonly found on citrus leaves and is characterized by these distinctive symptoms.",0.95,1,0,0,0,,
Healthy_028.jpg,"Citrus,Healthy",Citrus,Healthy,qwen2.5vl:7b,Citrus,Healthy,"The leaf appears to be a healthy citrus leaf with a glossy surface and no visible signs of disease such as spots, discoloration, or deformities. The leaf structure and color are consistent with a healthy citrus leaf.",1.0,1,1,1,0,,
Zn_026.jpg,"Citrus,Zinc Deficiency",Citrus,Zinc Deficiency,qwen2.5vl:7b,Citrus,Magnesium Deficiency,"The leaf shows interveinal chlorosis, which is a common symptom of magnesium deficiency in citrus plants. The veins remain green while the spaces between them appear yellow, indicating the lack of magnesium in those areas. This pattern is characteristic of magnesium deficiency in citrus leaves.",0.95,1,0,0,0,,
Citrus_leafminer_030.jpg,"Citrus,Leaf Miner",Citrus,Leaf Miner,qwen2.5vl:7b,Citrus,Leaf Miner,The leaf shows signs of damage with tunnels and frass (feces) indicative of leaf miner activity. The presence of these tunnels and the frass is a clear indication of leaf miner infestation.,0.95,1,1,1,0,,
Red_scale_003.jpg,"Citrus,Red Scale",Citrus,Red Scale,qwen2.5vl:7b,Citrus,Greasy Spot,"The leaf shows small, circular, and brownish spots with a yellowish halo, which are characteristic symptoms of Greasy Spot disease in citrus plants. This disease typically appears as small, raised, and brownish lesions on the leaf surface.",0.95,1,0,0,0,,
Zn_021.jpg,"Citrus,Zinc Deficiency",Citrus,Zinc Deficiency,qwen2.5vl:7b,Citrus,Iron Deficiency,"The leaf shows a distinct yellowing pattern, which is characteristic of iron deficiency in citrus plants. The veins remain green while the interveinal areas turn yellow, a clear sign of iron deficiency. This pattern is not typical of other diseases or nutrient deficiencies in citrus.",0.95,1,0,0,0,,
Zn_023.jpg,"Citrus,Zinc Deficiency",Citrus,Zinc Deficiency,qwen2.5vl:7b,Citrus,Greening,"The leaf exhibits the characteristic yellowing and mottling typical of citrus greening, a bacterial disease caused by the bacterium Candidatus Liberibacter asiaticus. The pattern of yellowing and the overall appearance of the leaf are consistent with this diagnosis.",0.95,1,0,0,0,,
Zn_034.jpg,"Citrus,Zinc Deficiency",Citrus,Zinc Deficiency,qwen2.5vl:7b,Citrus,Magnesium Deficiency,"The leaf shows a mottled pattern with yellowing, which is characteristic of magnesium deficiency in citrus plants. The pattern is not uniform and appears to be concentrated in certain areas, which is typical of magnesium deficiency symptoms.",0.95,1,0,0,0,,
N_018.jpg,"Citrus,Nitrogen Deficiency",Citrus,Nitrogen Deficiency,qwen2.5vl:7b,Citrus,Greasy Spot,"The leaf shows signs of greasy spot, characterized by the yellowing and browning of the leaf tissue. This disease is common in citrus plants and typically appears as small, brown spots that can coalesce into larger areas of discoloration. The presence of these symptoms strongly suggests the leaf is affected by greasy spot.",0.95,1,0,0,0,,
Red_scale_sequelae_020.jpg,"Citrus,Red Scale Sequelae",Citrus,Red Scale Sequelae,qwen2.5vl:7b,Citrus,Greasy Spot,"The leaf exhibits symptoms of Greasy Spot, characterized by the presence of small, dark spots scattered across the leaf surface. These spots are indicative of the disease, which is common in citrus plants and typically causes leaf discoloration and premature leaf drop.",0.95,1,0,0,0,,
HLB_006.jpg,"Citrus,Greening",Citrus,Greening,qwen2.5vl:7b,Citrus,Greening,"The leaf exhibits symptoms of Citrus Greening disease, characterized by chlorotic (yellowish) patches on the leaf, which is a common symptom of this disease. The presence of these symptoms is strong evidence of the disease being present.",0.95,1,1,1,0,,
Healthy_055.jpg,"Citrus,Healthy",Citrus,Healthy,qwen2.5vl:7b,Citrus,Healthy,"The leaf appears to be a healthy citrus leaf with a vibrant green color and no visible signs of disease such as spots, discoloration, or deformities. The leaf shape and color are consistent with a healthy citrus leaf.",1.0,1,1,1,0,,
Greasy_spot_005.jpg,"Citrus,Greasy Spot",Citrus,Greasy Spot,qwen2.5vl:7b,Citrus,Greasy Spot,"The leaf shows yellowing with black spots, which is characteristic of Greasy Spot disease in citrus. This disease typically causes leaf yellowing and the development of black spots, which matches the visual evidence in the image.",0.9,1,1,1,0,,
N_016.jpg,"Citrus,Nitrogen Deficiency",Citrus,Nitrogen Deficiency,qwen2.5vl:7b,Citrus,Healthy,"The leaf appears to be a healthy citrus leaf with a uniform green color and no visible signs of disease such as spots, discoloration, or damage. The leaf shape and color are typical of a healthy citrus leaf.",0.95,1,0,0,0,,
Citrus_leafminer_091.jpg,"Citrus,Leaf Miner",Citrus,Leaf Miner,qwen2.5vl:7b,Citrus,Greasy Spot,"The leaf shows symptoms of Greasy Spot, characterized by the presence of small, dark spots on the leaf surface, which is a common symptom of this disease in citrus plants. The leaf also appears to have a yellowing area, which is consistent with the progression of Greasy Spot. The other disease categories do not match the visual evidence present in the image.",0.95,1,0,0,0,,
Texas_mite_021.jpg,"Citrus,Texas Mite",Citrus,Texas Mite,qwen2.5vl:7b,Citrus,Healthy,"The leaf appears to be a healthy citrus leaf with a smooth, glossy surface and no visible signs of disease such as spots, discoloration, or damage. The leaf shape and color are consistent with a healthy citrus leaf.",0.95,1,0,0,0,,
Healthy_036.jpg,"Citrus,Healthy",Citrus,Healthy,qwen2.5vl:7b,Citrus,Healthy,"The leaf appears to be a healthy citrus leaf with a uniform green color and no visible signs of disease such as spots, discoloration, or deformities. The leaf structure and coloration are consistent with a healthy citrus leaf.",1.0,1,1,1,0,,
HLB_027.jpg,"Citrus,Greening",Citrus,Greening,qwen2.5vl:7b,Citrus,Greasy Spot,"The leaf exhibits yellowish-green spots and blotches, which are characteristic of Greasy Spot disease in citrus plants. This disease typically causes irregular, yellowish-green spots on the leaf surface, often with a greasy texture. The presence of these symptoms strongly suggests the leaf is affected by Greasy Spot.",0.95,1,0,0,0,,
Mn_020.jpg,"Citrus,Manganese Deficiency",Citrus,Manganese Deficiency,qwen2.5vl:7b,Citrus,Greasy Spot,"The leaf shows yellowish-green spots and blotches, which are characteristic of Greasy Spot disease in citrus plants. This disease is caused by the bacterium Xanthomonas citri and typically presents as irregular, yellowish-green to brownish spots on the leaf surface. The presence of these symptoms strongly suggests the presence of Greasy Spot.",0.95,1,0,0,0,,
Fe_069.jpg,"Citrus,Iron Deficiency",Citrus,Iron Deficiency,qwen2.5vl:7b,Citrus,Healthy,"The leaf shows a healthy green color with visible veins, which is typical for a citrus leaf. There are no visible signs of disease such as spots, discoloration, or deformities that would indicate the presence of a disease.",0.95,1,0,0,0,,
Healthy_014.jpg,"Citrus,Healthy",Citrus,Healthy,qwen2.5vl:7b,Citrus,Healthy,"The leaf appears to be a healthy citrus leaf with a vibrant green color and no visible signs of disease such as spots, discoloration, or deformities. The leaf structure and coloration are consistent with a healthy citrus leaf.",0.95,1,1,1,0,,
Fe_071.jpg,"Citrus,Iron Deficiency",Citrus,Iron Deficiency,qwen2.5vl:7b,Citrus,Healthy,"The leaf appears to be a healthy citrus leaf with a vibrant green color and no visible signs of disease such as spots, discoloration, or deformities. The leaf structure and coloration are consistent with a healthy citrus leaf.",0.95,1,0,0,0,,
Texas_mite_059.jpg,"Citrus,Texas Mite",Citrus,Texas Mite,qwen2.5vl:7b,Citrus,Healthy,"The leaf appears to be a healthy citrus leaf with a uniform green color and no visible signs of disease such as spots, discoloration, or deformities. The leaf shape and color are typical of a healthy citrus leaf.",0.95,1,0,0,0,,
Healthy_046.jpg,"Citrus,Healthy",Citrus,Healthy,qwen2.5vl:7b,Citrus,Healthy,"The leaf appears to be a healthy citrus leaf with a vibrant green color and no visible signs of disease such as spots, discoloration, or deformities. The leaf structure and coloration are consistent with a healthy citrus leaf.",0.95,1,1,1,0,,
Citrus_leafminer_036.jpg,"Citrus,Leaf Miner",Citrus,Leaf Miner,qwen2.5vl:7b,Citrus,Leaf Miner,"The leaf shows signs of leaf miner damage, characterized by the presence of a white, elongated, and somewhat irregular pattern on the leaf surface, which is typical of leaf miner infestation. The leaf miner larvae create these tunnels as they feed on the leaf tissue. The leaf appears otherwise healthy, with no signs of discoloration or other typical symptoms of citrus diseases like greasy spot or greening.",0.95,1,1,1,0,,
Citrus_leafminer_059.jpg,"Citrus,Leaf Miner",Citrus,Leaf Miner,qwen2.5vl:7b,Citrus,Greasy Spot,"The leaf shows signs of greasy spot, a common citrus disease characterized by small, dark spots on the leaf surface. The spots are typically surrounded by a yellowish halo, which is not visible in this image, but the presence of dark spots is indicative of this disease. The leaf also appears healthy in terms of overall shape and color, suggesting that the greasy spot is the only disease present.",0.9,1,0,0,0,,
Mg_010.jpg,"Citrus,Magnesium Deficiency",Citrus,Magnesium Deficiency,qwen2.5vl:7b,Citrus,Greening,"The leaf exhibits symptoms of citrus Greening disease, characterized by the yellowing of the leaf, which is a common symptom of this disease. The leaf also shows signs of chlorosis, which is a hallmark of citrus Greening. The presence of these symptoms strongly suggests the leaf is affected by citrus Greening.",0.95,1,0,0,0,,
Fe_038.jpg,"Citrus,Iron Deficiency",Citrus,Iron Deficiency,qwen2.5vl:7b,Citrus,Healthy,"The leaf appears to be a healthy citrus leaf with a vibrant green color and no visible signs of disease such as spots, discoloration, or deformities. The leaf structure and coloration are consistent with a healthy citrus leaf.",1.0,1,0,0,0,,
Red_scale_sequelae_068.jpg,"Citrus,Red Scale Sequelae",Citrus,Red Scale Sequelae,qwen2.5vl:7b,Citrus,Greening,"The leaf exhibits symptoms of Citrus Greening disease, characterized by the yellowing and distortion of the leaf, which is a classic sign of this bacterial disease. The presence of these symptoms strongly suggests the leaf is diseased.",0.95,1,0,0,0,,
Red_scale_sequelae_097.jpg,"Citrus,Red Scale Sequelae",Citrus,Red Scale Sequelae,qwen2.5vl:7b,Citrus,Greening,"The leaf exhibits symptoms of citrus greening, characterized by the yellowing and mottling of the leaf, which is a hallmark of this disease. The presence of these symptoms strongly suggests the leaf is infected with the bacterium Candidatus Liberibacter asiaticus, which causes citrus greening.",0.95,1,0,0,0,,
Red_scale_018.jpg,"Citrus,Red Scale",Citrus,Red Scale,qwen2.5vl:7b,Citrus,Greasy Spot,"The leaf exhibits small, circular, raised lesions with a yellowish halo, which are characteristic of Greasy Spot disease. This condition is common in citrus plants and is caused by the bacterium Xanthomonas citri subsp. citri.",0.95,1,0,0,0,,
Red_scale_016.jpg,"Citrus,Red Scale",Citrus,Red Scale,qwen2.5vl:7b,Citrus,Greasy Spot,"The leaf shows small, circular lesions with a yellowish halo, which are characteristic of Greasy Spot disease. This disease is common on citrus leaves and typically appears as small, raised spots that can coalesce into larger lesions.",0.95,1,0,0,0,,
Red_scale_029.jpg,"Citrus,Red Scale",Citrus,Red Scale,qwen2.5vl:7b,Citrus,Greasy Spot,"The leaf exhibits small, circular, and raised lesions with a yellowish halo, which are characteristic of Greasy Spot disease. This disease is commonly found on citrus leaves and typically appears as small, raised spots that can coalesce into larger patches.",0.95,1,0,0,0,,
Red_scale_013.jpg,"Citrus,Red Scale",Citrus,Red Scale,qwen2.5vl:7b,Citrus,Greasy Spot,"The leaf exhibits small, circular, raised lesions with a yellowish halo, which are characteristic of greasy spot disease. This disease is commonly found on citrus leaves and is known for these distinctive symptoms.",0.95,1,0,0,0,,
N_017.jpg,"Citrus,Nitrogen Deficiency",Citrus,Nitrogen Deficiency,qwen2.5vl:7b,Citrus,Greasy Spot,"The leaf shows yellowing with a speckled appearance, which is characteristic of greasy spot disease in citrus. This disease typically presents as small, yellowish spots that coalesce into larger areas of yellowing on the leaf surface. The presence of these symptoms strongly suggests the leaf is affected by greasy spot.",0.95,1,0,0,0,,
Citrus_leafminer_082.jpg,"Citrus,Leaf Miner",Citrus,Leaf Miner,qwen2.5vl:7b,Citrus,Greasy Spot,"The leaf shows signs of greasy spot, a common citrus disease characterized by dark, sunken lesions on the leaf surface. These lesions are typically circular or irregular in shape and can be seen on the leaf in the image. The presence of these lesions is a strong indicator of greasy spot.",0.95,1,0,0,0,,
Healthy_098.jpg,"Citrus,Healthy",Citrus,Healthy,qwen2.5vl:7b,Citrus,Healthy,"The leaf appears to be a healthy citrus leaf with a uniform green color and no visible signs of disease such as spots, discoloration, or deformities. The leaf structure and coloration are consistent with a healthy citrus leaf.",0.95,1,1,1,0,,
N_005.jpg,"Citrus,Nitrogen Deficiency",Citrus,Nitrogen Deficiency,qwen2.5vl:7b,Citrus,Greasy Spot,"The leaf shows yellowing with a greasy appearance, which is characteristic of Greasy Spot disease in citrus. This disease typically causes the leaf to turn yellow and develop a greasy texture, as seen in the image. The presence of these symptoms strongly suggests the presence of Greasy Spot.",0.95,1,0,0,0,,
N_009.jpg,"Citrus,Nitrogen Deficiency",Citrus,Nitrogen Deficiency,qwen2.5vl:7b,Citrus,Greening,"The leaf exhibits symptoms of citrus greening, a bacterial disease characterized by yellowing and distortion of the leaf. The presence of chlorotic (yellow) areas and the overall distortion of the leaf shape are indicative of this disease.",0.95,1,0,0,0,,
Texas_mite_083.jpg,"Citrus,Texas Mite",Citrus,Texas Mite,qwen2.5vl:7b,Citrus,Healthy,"The leaf appears to be a healthy citrus leaf with a uniform green color and no visible signs of disease such as spots, discoloration, or deformities. The leaf shape and color are consistent with a healthy citrus leaf.",0.95,1,0,0,0,,
Healthy_020.jpg,"Citrus,Healthy",Citrus,Healthy,qwen2.5vl:7b,Citrus,Healthy,"The leaf appears to be a healthy citrus leaf with a glossy texture and no visible signs of disease such as spots, discoloration, or deformities. The leaf shape and color are consistent with a healthy citrus leaf.",1.0,1,1,1,0,,
Red_scale_sequelae_050.jpg,"Citrus,Red Scale Sequelae",Citrus,Red Scale Sequelae,qwen2.5vl:7b,Citrus,Greasy Spot,"The leaf exhibits symptoms of Greasy Spot, characterized by the presence of yellowish-brown spots on the leaf surface, which is a common symptom of this disease in citrus plants. The spots are irregular in shape and size, which is typical for Greasy Spot.",0.95,1,0,0,0,,
Mn_022.jpg,"Citrus,Manganese Deficiency",Citrus,Manganese Deficiency,qwen2.5vl:7b,Citrus,Greasy Spot,"The leaf exhibits yellowish-brown spots and blotches, which are characteristic of greasy spot disease in citrus. This disease typically appears as irregular, yellowish-brown spots on the upper surface of the leaf, which matches the visual evidence in the image.",0.95,1,0,0,0,,
Mn_015.jpg,"Citrus,Manganese Deficiency",Citrus,Manganese Deficiency,qwen2.5vl:7b,Citrus,Greasy Spot,"The leaf shows yellowish-green spots and blotches, which are characteristic of Greasy Spot disease in citrus plants. This disease typically causes irregular, yellowish-green spots on the leaf surface, which is consistent with the visual evidence in the image.",0.95,1,0,0,0,,
Fe_016.jpg,"Citrus,Iron Deficiency",Citrus,Iron Deficiency,qwen2.5vl:7b,Citrus,Healthy,"The leaf appears to be a healthy citrus leaf with a vibrant green color and no visible signs of disease such as spots, discoloration, or deformities. The leaf structure and coloration are consistent with a healthy citrus leaf.",0.95,1,0,0,0,,
N_010.jpg,"Citrus,Nitrogen Deficiency",Citrus,Nitrogen Deficiency,qwen2.5vl:7b,Citrus,Greasy Spot,"The leaf exhibits yellowing with a mottled appearance, which is characteristic of greasy spot, a common citrus disease. The yellowing is not uniform and there are patches of green, which is typical of this disease. The presence of these symptoms strongly suggests the leaf is affected by greasy spot.",0.95,1,0,0,0,,
Mn_011.jpg,"Citrus,Manganese Deficiency",Citrus,Manganese Deficiency,qwen2.5vl:7b,Citrus,Greasy Spot,"The leaf exhibits yellowish-green spots and blotches, which are characteristic of Greasy Spot disease in citrus plants. This disease typically causes irregular, yellowish-green spots that can coalesce into larger patches on the leaf surface. The presence of these symptoms strongly suggests the presence of Greasy Spot.",0.95,1,0,0,0,,
Texas_mite_015.jpg,"Citrus,Texas Mite",Citrus,Texas Mite,qwen2.5vl:7b,Citrus,Healthy,"The leaf appears to be a healthy citrus leaf with a uniform green color and no visible signs of disease such as spots, discoloration, or deformities. The leaf structure and coloration are consistent with a healthy citrus leaf.",1.0,1,0,0,0,,
Texas_mite_044.jpg,"Citrus,Texas Mite",Citrus,Texas Mite,qwen2.5vl:7b,Citrus,Healthy,"The leaf appears to be a healthy citrus leaf with a uniform green color and no visible signs of disease such as spots, discoloration, or damage. The leaf shape and color are consistent with a healthy citrus leaf.",0.95,1,0,0,0,,
Healthy_013.jpg,"Citrus,Healthy",Citrus,Healthy,qwen2.5vl:7b,Citrus,Healthy,"The leaf appears to be a healthy citrus leaf with no visible signs of disease such as spots, discoloration, or deformities. The leaf is a vibrant green with a smooth texture and no signs of pest damage or nutrient deficiencies.",0.95,1,1,1,0,,
Mg_083.jpg,"Citrus,Magnesium Deficiency",Citrus,Magnesium Deficiency,qwen2.5vl:7b,Citrus,Greasy Spot,"The leaf exhibits yellowing and browning spots, which are characteristic symptoms of greasy spot disease in citrus plants. This disease typically causes irregular, yellowish-brown spots on the leaves, often with a greasy appearance. The presence of these symptoms strongly suggests the leaf is affected by greasy spot.",0.95,1,0,0,0,,
Mg_088.jpg,"Citrus,Magnesium Deficiency",Citrus,Magnesium Deficiency,qwen2.5vl:7b,Citrus,Greasy Spot,"The leaf exhibits yellowing with brown spots, which are characteristic symptoms of greasy spot disease in citrus. This disease typically causes leaf discoloration and spotting, often leading to leaf drop.",0.95,1,0,0,0,,
Zn_098.jpg,"Citrus,Zinc Deficiency",Citrus,Zinc Deficiency,qwen2.5vl:7b,Citrus,Greening,"The leaf exhibits the characteristic yellowing and mottling typical of citrus greening, a bacterial disease caused by the bacterium Candidatus Liberibacter. The pattern of yellowing and the overall appearance of the leaf are consistent with this diagnosis.",0.95,1,0,0,0,,
Greasy_spot_036.jpg,"Citrus,Greasy Spot",Citrus,Greasy Spot,qwen2.5vl:7b,Citrus,Greasy Spot,"The leaf shows speckled and blotchy patterns, which are characteristic of greasy spot disease in citrus. This disease typically presents as small, dark spots that can coalesce into larger, irregular patches on the leaf surface. The speckled appearance and the dark spots on this leaf are indicative of greasy spot.",0.9,1,1,1,0,,
Greasy_spot_070.jpg,"Citrus,Greasy Spot",Citrus,Greasy Spot,qwen2.5vl:7b,Citrus,Greasy Spot,"The leaf exhibits small, dark spots scattered across its surface, which is characteristic of greasy spot disease in citrus plants. This disease typically causes small, dark spots on the leaves, which can lead to leaf drop and reduced photosynthesis.",0.9,1,1,1,0,,
Red_scale_sequelae_021.jpg,"Citrus,Red Scale Sequelae",Citrus,Red Scale Sequelae,qwen2.5vl:7b,Citrus,Greasy Spot,"The leaf exhibits yellowing and necrotic spots, which are characteristic symptoms of greasy spot disease in citrus plants. This disease typically causes small, irregularly shaped lesions on the leaf surface, which align with the visual evidence in the image.",0.95,1,0,0,0,,
Texas_mite_093.jpg,"Citrus,Texas Mite",Citrus,Texas Mite,qwen2.5vl:7b,Citrus,Healthy,"The leaf appears to be a healthy citrus leaf with a smooth texture and no visible signs of disease such as spots, discoloration, or deformities. The leaf is a vibrant green, which is typical for a healthy citrus leaf. There are no visible symptoms of diseases like Greasy Spot, Greening, or other citrus diseases.",0.95,1,0,0,0,,
Citrus_leafminer_009.jpg,"Citrus,Leaf Miner",Citrus,Leaf Miner,qwen2.5vl:7b,Citrus,Leaf Miner,"The leaf shows characteristic damage patterns typical of leaf miner infestation, with irregular, light-colored patches and frass (mineral-rich feces) visible on the leaf surface. These signs are indicative of leaf miner activity, which is common in citrus crops.",0.95,1,1,1,0,,
Mg_069.jpg,"Citrus,Magnesium Deficiency",Citrus,Magnesium Deficiency,qwen2.5vl:7b,Citrus,Greasy Spot,"The leaf exhibits a yellowish discoloration with a distinct pattern, which is characteristic of greasy spot, a common disease in citrus plants. The yellowing is more pronounced in the center of the leaf, which is typical for this disease. The presence of small, scattered spots and the overall yellowing further support the diagnosis of greasy spot.",0.95,1,0,0,0,,
Texas_mite_035.jpg,"Citrus,Texas Mite",Citrus,Texas Mite,qwen2.5vl:7b,Citrus,Healthy,"The leaf appears to be a healthy citrus leaf with a smooth texture and no visible signs of disease such as spots, discoloration, or deformities. The leaf is a vibrant green, which is typical for a healthy citrus leaf.",0.95,1,0,0,0,,
Mg_090.jpg,"Citrus,Magnesium Deficiency",Citrus,Magnesium Deficiency,qwen2.5vl:7b,Citrus,Greasy Spot,"The leaf exhibits symptoms of Greasy Spot, characterized by the presence of small, dark spots on the leaf surface, which are indicative of this disease. The leaf also shows signs of yellowing and browning, which are common symptoms of citrus leaf diseases.",0.95,1,0,0,0,,
Mn_021.jpg,"Citrus,Manganese Deficiency",Citrus,Manganese Deficiency,qwen2.5vl:7b,Citrus,Greasy Spot,"The leaf exhibits irregular, yellowish-brown spots and blotches, which are characteristic of Greasy Spot disease in citrus plants. This disease typically causes the leaf tissue to become necrotic and discolored, leading to the appearance of these spots.",0.95,1,0,0,0,,
Texas_mite_038.jpg,"Citrus,Texas Mite",Citrus,Texas Mite,qwen2.5vl:7b,Citrus,Healthy,"The leaf appears to be a healthy citrus leaf with a uniform green color and no visible signs of disease such as spots, discoloration, or deformities. The leaf shape and color are typical of a healthy citrus leaf.",1.0,1,0,0,0,,
Fe_034.jpg,"Citrus,Iron Deficiency",Citrus,Iron Deficiency,qwen2.5vl:7b,Citrus,Healthy,"The leaf appears to be a healthy citrus leaf with a vibrant green color and no visible signs of disease such as spots, discoloration, or deformities. The leaf structure and coloration are consistent with a healthy citrus leaf.",1.0,1,0,0,0,,
Red_scale_025.jpg,"Citrus,Red Scale",Citrus,Red Scale,qwen2.5vl:7b,Citrus,Greasy Spot,"The leaf exhibits small, round, tan-colored spots scattered across its surface, which is characteristic of Greasy Spot disease in citrus. This disease typically causes small, raised, and sunken lesions on the leaf surface, which matches the visual evidence in the image.",0.95,1,0,0,0,,
HLB_033.jpg,"Citrus,Greening",Citrus,Greening,qwen2.5vl:7b,Citrus,Greasy Spot,"The leaf shows distinct yellowish-green spots and blotches, which are characteristic of Greasy Spot disease in citrus plants. This disease typically causes irregular, yellowish-green spots on the leaves, often with a greasy appearance. The presence of these symptoms strongly suggests the leaf is affected by Greasy Spot.",0.95,1,0,0,0,,
Mn_027.jpg,"Citrus,Manganese Deficiency",Citrus,Manganese Deficiency,qwen2.5vl:7b,Citrus,Greasy Spot,"The leaf exhibits yellowish-green spots and blotches, which are characteristic of greasy spot disease in citrus plants. This disease typically causes irregular, yellowish-green spots on the leaf surface, which matches the visual evidence in the image.",0.95,1,0,0,0,,
Greasy_spot_055.jpg,"Citrus,Greasy Spot",Citrus,Greasy Spot,qwen2.5vl:7b,Citrus,Greasy Spot,"The leaf shows dark, irregular spots and blotches, which are characteristic of Greasy Spot disease in citrus. This disease is typically caused by the bacterium Xanthomonas citri and results in the appearance of dark, water-soaked spots on the leaf surface.",0.95,1,1,1,0,,
HLB_029.jpg,"Citrus,Greening",Citrus,Greening,qwen2.5vl:7b,Citrus,Greasy Spot,"The leaf shows signs of greasy spot disease, characterized by the presence of yellowish-green spots on the leaf surface. These spots are typically indicative of this disease in citrus plants.",0.9,1,0,0,0,,
Zn_093.jpg,"Citrus,Zinc Deficiency",Citrus,Zinc Deficiency,qwen2.5vl:7b,Citrus,Greening,"The leaf exhibits the characteristic yellowing and mottling typical of citrus greening disease, which is caused by the bacterium Candidatus Liberibacter asiaticus. This disease is known to cause significant leaf chlorosis and distortion, as seen in the image.",0.95,1,0,0,0,,
N_042.jpg,"Citrus,Nitrogen Deficiency",Citrus,Nitrogen Deficiency,qwen2.5vl:7b,Citrus,Healthy,"The leaf appears to be a citrus leaf, characterized by its elongated shape and smooth edges. There are no visible signs of disease such as spots, discoloration, or deformities that would suggest the presence of a disease. The leaf looks vibrant and healthy.",0.95,1,0,0,0,,
Greasy_spot_087.jpg,"Citrus,Greasy Spot",Citrus,Greasy Spot,qwen2.5vl:7b,Citrus,Greasy Spot,"The leaf shows small, dark spots scattered across its surface, which is characteristic of Greasy Spot disease in citrus. This disease typically appears as small, dark spots on the leaf surface, which matches the visual evidence in the image.",0.95,1,1,1,0,,
N_021.jpg,"Citrus,Nitrogen Deficiency",Citrus,Nitrogen Deficiency,qwen2.5vl:7b,Citrus,Greasy Spot,"The leaf shows small, white, circular spots scattered across its surface, which is characteristic of Greasy Spot disease in citrus plants. This disease typically appears as small, white spots that can coalesce into larger patches.",0.95,1,0,0,0,,
Texas_mite_099.jpg,"Citrus,Texas Mite",Citrus,Texas Mite,qwen2.5vl:7b,Citrus,Healthy,"The leaf appears to be a healthy citrus leaf with a uniform green color and no visible signs of disease such as spots, discoloration, or damage. The leaf structure and color are consistent with a healthy citrus leaf.",0.9,1,0,0,0,,
Mg_027.jpg,"Citrus,Magnesium Deficiency",Citrus,Magnesium Deficiency,qwen2.5vl:7b,Citrus,Magnesium Deficiency,"The leaf shows interveinal chlorosis, which is a common symptom of magnesium deficiency in citrus plants. The yellowing is primarily between the veins, while the veins themselves remain green. This pattern is indicative of magnesium deficiency rather than other diseases or nutrient deficiencies.",0.95,1,1,1,0,,
Healthy_049.jpg,"Citrus,Healthy",Citrus,Healthy,qwen2.5vl:7b,Citrus,Healthy,"The leaf appears to be a healthy citrus leaf with a vibrant green color and no visible signs of disease such as spots, discoloration, or deformities. The leaf structure is intact, and there are no symptoms of nutrient deficiencies or pest damage.",0.95,1,1,1,0,,
Red_scale_014.jpg,"Citrus,Red Scale",Citrus,Red Scale,qwen2.5vl:7b,Citrus,Greasy Spot,"The leaf exhibits small, round, white spots scattered across the surface, which is characteristic of Greasy Spot disease. This disease is common in citrus plants and typically appears as white spots on the leaf surface.",0.95,1,0,0,0,,
Zn_014.jpg,"Citrus,Zinc Deficiency",Citrus,Zinc Deficiency,qwen2.5vl:7b,Citrus,Greasy Spot,"The leaf shows distinct yellowish-white spots and blotches, which are characteristic of greasy spot disease in citrus plants. This disease typically appears as irregular, yellowish-white spots on the upper surface of the leaf, which matches the visual evidence in the image.",0.95,1,0,0,0,,
HLB_035.jpg,"Citrus,Greening",Citrus,Greening,qwen2.5vl:7b,Citrus,Greasy Spot,"The leaf exhibits yellowish-green patches with a mottled appearance, which is characteristic of greasy spot disease in citrus plants. This disease typically causes irregular, yellowish-green spots on the leaf surface, often with a greasy or waxy texture. The presence of these symptoms strongly suggests the leaf is affected by greasy spot.",0.95,1,0,0,0,,
Red_scale_sequelae_081.jpg,"Citrus,Red Scale Sequelae",Citrus,Red Scale Sequelae,qwen2.5vl:7b,Citrus,Greasy Spot,"The leaf shows signs of greasy spot, a common disease in citrus plants. The leaf has a yellowish-green discoloration with small, irregularly shaped spots, which is characteristic of greasy spot. The presence of these spots on the leaf surface is a clear indicator of this disease.",0.95,1,0,0,0,,
Mn_008.jpg,"Citrus,Manganese Deficiency",Citrus,Manganese Deficiency,qwen2.5vl:7b,Citrus,Greasy Spot,"The leaf exhibits a pattern of yellowish-green spots, which is characteristic of greasy spot disease in citrus plants. This disease typically causes irregular, yellowish-green spots on the leaf surface, which matches the visual evidence in the image.",0.95,1,0,0,0,,
Zn_081.jpg,"Citrus,Zinc Deficiency",Citrus,Zinc Deficiency,qwen2.5vl:7b,Citrus,Magnesium Deficiency,"The leaf exhibits yellowing with a distinct pattern, which is characteristic of magnesium deficiency in citrus plants. The yellowing is interveinal and does not follow the veins, which is typical for magnesium deficiency. The leaf also appears to be healthy in other aspects, ruling out other diseases like greasy spot or iron deficiency.",0.9,1,0,0,0,,
Mg_078.jpg,"Citrus,Magnesium Deficiency",Citrus,Magnesium Deficiency,qwen2.5vl:7b,Citrus,Greasy Spot,"The leaf shows signs of greasy spot disease, characterized by the presence of small, dark spots on the leaf surface, which is consistent with the symptoms of this disease. The leaf also appears to have a yellowish tint, which can be a symptom of nutrient deficiency or stress, but the spots are the most indicative of greasy spot.",0.9,1,0,0,0,,
Zn_078.jpg,"Citrus,Zinc Deficiency",Citrus,Zinc Deficiency,qwen2.5vl:7b,Citrus,Magnesium Deficiency,"The leaf shows a mottled pattern with yellowing, which is characteristic of magnesium deficiency in citrus plants. The veins appear to be green, which is typical for magnesium deficiency, as the magnesium is being pulled away from the veins and into the leaf tissue.",0.95,1,0,0,0,,
Red_scale_sequelae_077.jpg,"Citrus,Red Scale Sequelae",Citrus,Red Scale Sequelae,qwen2.5vl:7b,Citrus,Greasy Spot,"The leaf shows small, yellowish-brown spots scattered across its surface, which is characteristic of greasy spot, a common disease in citrus plants. This disease typically appears as small, raised, and slightly sunken spots on the leaf surface.",0.95,1,0,0,0,,
Fe_011.jpg,"Citrus,Iron Deficiency",Citrus,Iron Deficiency,qwen2.5vl:7b,Citrus,Healthy,"The leaf appears to be a healthy citrus leaf with a uniform green color and visible veins. There are no visible signs of discoloration, spots, or any other symptoms that would indicate the presence of a disease.",0.95,1,0,0,0,,
Greasy_spot_029.jpg,"Citrus,Greasy Spot",Citrus,Greasy Spot,qwen2.5vl:7b,Citrus,Greasy Spot,"The leaf shows small, dark spots scattered across its surface, which is characteristic of Greasy Spot disease in citrus. This disease is typically caused by the bacterium Xanthomonas citri and is often seen as small, dark spots on the leaf surface.",0.9,1,1,1,0,,
N_048.jpg,"Citrus,Nitrogen Deficiency",Citrus,Nitrogen Deficiency,qwen2.5vl:7b,Citrus,Healthy,"The leaf appears to be a healthy citrus leaf with a vibrant green color and no visible signs of disease such as spots, discoloration, or deformities. The leaf's shape and color are consistent with a healthy citrus leaf.",0.95,1,0,0,0,,
HLB_015.jpg,"Citrus,Greening",Citrus,Greening,qwen2.5vl:7b,Citrus,Greening,"The leaf exhibits symptoms of Citrus Greening disease, characterized by the presence of yellowing and mottling on the leaf surface, which is typical of this bacterial disease. The pattern and distribution of the yellowing are consistent with the symptoms observed in Citrus trees infected with the Citrus Greening bacterium.",0.95,1,1,1,0,,
N_032.jpg,"Citrus,Nitrogen Deficiency",Citrus,Nitrogen Deficiency,qwen2.5vl:7b,Citrus,Greening,"The leaf exhibits a yellowing pattern, which is characteristic of citrus greening disease. This disease is caused by a bacterium and is known to cause chlorosis (yellowing) in citrus leaves. The presence of this symptom strongly suggests the leaf is affected by citrus greening.",0.95,1,0,0,0,,
Fe_080.jpg,"Citrus,Iron Deficiency",Citrus,Iron Deficiency,qwen2.5vl:7b,Citrus,Healthy,"The leaf appears to be a healthy citrus leaf with a vibrant green color and visible venation. There are no visible signs of disease such as spots, discoloration, or deformities that would indicate the presence of a disease.",1.0,1,0,0,0,,
HLB_036.jpg,"Citrus,Greening",Citrus,Greening,qwen2.5vl:7b,Citrus,Greasy Spot,"The leaf exhibits yellowing and necrotic spots, which are characteristic symptoms of greasy spot disease in citrus plants. This disease typically causes irregular, yellowish-brown spots on the leaf surface, often with a greasy appearance, which matches the visual evidence in the image.",0.95,1,0,0,0,,
Citrus_leafminer_025.jpg,"Citrus,Leaf Miner",Citrus,Leaf Miner,qwen2.5vl:7b,Citrus,Greasy Spot,"The leaf exhibits symptoms of Greasy Spot, characterized by the presence of small, dark spots on the leaf surface, which is typical for this disease. The spots are scattered and not uniformly distributed, which is consistent with the appearance of Greasy Spot on citrus leaves.",0.95,1,0,0,0,,
Mn_023.jpg,"Citrus,Manganese Deficiency",Citrus,Manganese Deficiency,qwen2.5vl:7b,Citrus,Greening,"The leaf exhibits yellowing and mottling, which are characteristic symptoms of citrus greening, a bacterial disease caused by the bacterium Candidatus Liberibacter asiaticus. This disease is known to cause leaf chlorosis and mottling, as seen in the image. The presence of these symptoms strongly suggests the presence of citrus greening.",0.95,1,0,0,0,,
N_014.jpg,"Citrus,Nitrogen Deficiency",Citrus,Nitrogen Deficiency,qwen2.5vl:7b,Citrus,Greasy Spot,"The leaf shows symptoms of Greasy Spot, characterized by the presence of small, white spots on the leaf surface, which is typical for this disease. The leaf also appears to be yellowing, which can be a symptom of stress or disease in citrus plants.",0.95,1,0,0,0,,
Greasy_spot_004.jpg,"Citrus,Greasy Spot",Citrus,Greasy Spot,qwen2.5vl:7b,Citrus,Greasy Spot,"The leaf shows small, dark spots scattered across its surface, which is characteristic of greasy spot disease in citrus. This disease typically presents as small, dark spots on the leaf surface, often with a greasy appearance. The presence of these spots on the leaf is strong evidence of greasy spot.",0.95,1,1,1,0,,
Red_scale_005.jpg,"Citrus,Red Scale",Citrus,Red Scale,qwen2.5vl:7b,Citrus,Greasy Spot,"The leaf exhibits small, circular, brown spots scattered across the surface, which is characteristic of Greasy Spot disease. This disease is commonly found on citrus leaves and is characterized by the presence of these small, raised spots.",0.95,1,0,0,0,,
Healthy_045.jpg,"Citrus,Healthy",Citrus,Healthy,qwen2.5vl:7b,Citrus,Healthy,"The leaf appears to be a healthy citrus leaf with a vibrant green color and no visible signs of disease such as spots, discoloration, or deformities. The leaf structure and color are consistent with a healthy citrus leaf.",0.95,1,1,1,0,,
Healthy_012.jpg,"Citrus,Healthy",Citrus,Healthy,qwen2.5vl:7b,Citrus,Healthy,"The leaf appears to be a healthy citrus leaf with a glossy surface and no visible signs of disease such as spots, discoloration, or deformities. The leaf shape and color are typical of a citrus leaf.",0.95,1,1,1,0,,
Red_scale_030.jpg,"Citrus,Red Scale",Citrus,Red Scale,qwen2.5vl:7b,Citrus,Greasy Spot,"The leaf exhibits symptoms of Greasy Spot, characterized by the presence of small, brown spots scattered across the leaf surface. These spots are indicative of the disease, which is common in citrus plants and causes leaf discoloration and premature leaf drop.",0.95,1,0,0,0,,
HLB_009.jpg,"Citrus,Greening",Citrus,Greening,qwen2.5vl:7b,Citrus,Greening,"The leaf exhibits symptoms of citrus Greening disease, characterized by the yellowing and mottling of the leaf, which is a classic sign of this disease. The presence of these symptoms strongly suggests the leaf is affected by Greening.",0.95,1,1,1,0,,
Fe_074.jpg,"Citrus,Iron Deficiency",Citrus,Iron Deficiency,qwen2.5vl:7b,Citrus,Greasy Spot,"The leaf exhibits symptoms of Greasy Spot, characterized by the presence of small, brown spots on the leaf surface, which is a common symptom of this disease in citrus plants. The leaf also shows signs of chlorosis, where the leaf color appears lighter than normal, which can be a result of nutrient deficiencies or stress, but the spots are a clear indicator of Greasy Spot.",0.95,1,0,0,0,,
Citrus_leafminer_047.jpg,"Citrus,Leaf Miner",Citrus,Leaf Miner,qwen2.5vl:7b,Citrus,Leaf Miner,"The leaf shows signs of damage with a distinct pattern of holes and frayed edges, which is characteristic of leaf miner damage. Leaf miners are insects that feed on the leaf tissue, leaving these telltale signs.",0.95,1,1,1,0,,
Greasy_spot_014.jpg,"Citrus,Greasy Spot",Citrus,Greasy Spot,qwen2.5vl:7b,Citrus,Greasy Spot,"The leaf exhibits symptoms of Greasy Spot, characterized by the presence of dark spots and necrotic areas, which are typical of this disease. The leaf also appears to have a yellowish tint, which is common in citrus plants affected by Greasy Spot. The texture and coloration are consistent with the visual evidence of this disease.",0.95,1,1,1,0,,
Citrus_leafminer_006.jpg,"Citrus,Leaf Miner",Citrus,Leaf Miner,qwen2.5vl:7b,Citrus,Leaf Miner,"The leaf shows characteristic winding patterns and galleries, which are typical signs of leaf miner damage. These patterns are created by the larvae of leaf miner moths as they feed on the leaf tissue, leaving behind the characteristic trails.",0.95,1,1,1,0,,
Fe_078.jpg,"Citrus,Iron Deficiency",Citrus,Iron Deficiency,qwen2.5vl:7b,Citrus,Healthy,"The leaf appears to be a healthy citrus leaf with a vibrant green color and a symmetrical shape. There are no visible signs of discoloration, spots, or other symptoms that would indicate the presence of a disease. The leaf structure and coloration are consistent with a healthy citrus leaf.",1.0,1,0,0,0,,
Greasy_spot_012.jpg,"Citrus,Greasy Spot",Citrus,Greasy Spot,qwen2.5vl:7b,Citrus,Greasy Spot,"The leaf shows dark, irregularly shaped spots, which are characteristic of Greasy Spot disease in citrus plants. This disease typically causes brown or black spots on the leaves, often with a greasy appearance. The presence of these spots on the leaf in the image is strong evidence of Greasy Spot.",0.95,1,1,1,0,,
Red_scale_sequelae_007.jpg,"Citrus,Red Scale Sequelae",Citrus,Red Scale Sequelae,qwen2.5vl:7b,Citrus,Greasy Spot,"The leaf shows symptoms of Greasy Spot, characterized by the presence of small, white spots on the leaf surface, which is a common symptom of this disease in citrus plants. The leaf also appears to have some discoloration and distortion, which is consistent with the progression of Greasy Spot.",0.9,1,0,0,0,,
Mg_046.jpg,"Citrus,Magnesium Deficiency",Citrus,Magnesium Deficiency,qwen2.5vl:7b,Citrus,Greasy Spot,"The leaf shows symptoms of Greasy Spot, characterized by the presence of small, white, powdery spots on the leaf surface, which is a typical symptom of this disease. The leaf also appears to have some discoloration and yellowing, which can be associated with this disease. The presence of these symptoms strongly suggests the presence of Greasy Spot.",0.95,1,0,0,0,,
Greasy_spot_082.jpg,"Citrus,Greasy Spot",Citrus,Greasy Spot,qwen2.5vl:7b,Citrus,Greasy Spot,"The leaf shows dark, irregular spots and blotches, which are characteristic of Greasy Spot disease in citrus. This disease typically appears as dark, water-soaked spots on the leaf surface, often with a greasy or oily appearance, which matches the visual evidence in the image.",0.95,1,1,1,0,,
Zn_020.jpg,"Citrus,Zinc Deficiency",Citrus,Zinc Deficiency,qwen2.5vl:7b,Citrus,Healthy,"The leaf appears to be a healthy citrus leaf with a vibrant green color and clear, symmetrical venation. There are no visible signs of discoloration, spots, or any other symptoms that would indicate the presence of a disease.",0.95,1,0,0,0,,
Fe_047.jpg,"Citrus,Iron Deficiency",Citrus,Iron Deficiency,qwen2.5vl:7b,Citrus,Healthy,"The leaf appears to be a healthy citrus leaf with a vibrant green color and no visible signs of disease such as spots, discoloration, or deformities. The leaf structure and coloration are consistent with a healthy citrus leaf.",0.95,1,0,0,0,,
Greasy_spot_076.jpg,"Citrus,Greasy Spot",Citrus,Greasy Spot,qwen2.5vl:7b,Citrus,Greasy Spot,"The leaf exhibits dark, irregular spots and blotches, which are characteristic of Greasy Spot disease in citrus plants. This disease is typically caused by the bacterium Xanthomonas citri and is known for its distinctive appearance on citrus leaves.",0.95,1,1,1,0,,
Mn_009.jpg,"Citrus,Manganese Deficiency",Citrus,Manganese Deficiency,qwen2.5vl:7b,Citrus,Greasy Spot,"The leaf shows yellowish-green spots and blotches, which are characteristic of Greasy Spot disease in citrus plants. This disease typically causes irregular, yellowish-green spots on the leaf surface, often with a greasy or waxy appearance. The leaf in the image exhibits these symptoms, indicating the presence of Greasy Spot.",0.95,1,0,0,0,,
Greasy_spot_015.jpg,"Citrus,Greasy Spot",Citrus,Greasy Spot,qwen2.5vl:7b,Citrus,Greasy Spot,"The leaf shows small, dark spots scattered across its surface, which is characteristic of Greasy Spot disease. This disease is common in citrus plants and typically presents as small, dark spots on the leaf surface. The leaf also appears to have a generally healthy shape and color, which suggests that the spots are the primary indicator of the disease.",0.9,1,1,1,0,,
Red_scale_sequelae_088.jpg,"Citrus,Red Scale Sequelae",Citrus,Red Scale Sequelae,qwen2.5vl:7b,Citrus,Greasy Spot,"The leaf exhibits yellowing and necrosis, which are characteristic symptoms of citrus greasy spot. The lesions are irregular and have a sunken appearance, which is typical of this disease. The presence of these symptoms strongly suggests the leaf is affected by citrus greasy spot.",0.95,1,0,0,0,,
Citrus_leafminer_099.jpg,"Citrus,Leaf Miner",Citrus,Leaf Miner,qwen2.5vl:7b,Citrus,Greasy Spot,"The leaf shows symptoms of Greasy Spot, characterized by the presence of small, white, powdery spots on the leaf surface. This is a common disease in citrus plants, often caused by the bacterium Xanthomonas citri.",0.95,1,0,0,0,,
Texas_mite_097.jpg,"Citrus,Texas Mite",Citrus,Texas Mite,qwen2.5vl:7b,Citrus,Healthy,"The leaf appears to be a healthy citrus leaf with a smooth texture and no visible signs of disease such as spots, discoloration, or deformities. The leaf shape and color are consistent with a healthy citrus leaf.",0.95,1,0,0,0,,
Citrus_leafminer_085.jpg,"Citrus,Leaf Miner",Citrus,Leaf Miner,qwen2.5vl:7b,Citrus,Greasy Spot,"The leaf shows distinct yellowing and necrosis in the center, which is characteristic of greasy spot disease in citrus. This disease typically causes irregular, yellowish-brown lesions that can merge to form larger areas of necrosis.",0.95,1,0,0,0,,
HLB_019.jpg,"Citrus,Greening",Citrus,Greening,qwen2.5vl:7b,Citrus,Magnesium Deficiency,"The leaf shows interveinal chlorosis, which is a common symptom of magnesium deficiency in citrus plants. The yellowing is primarily between the veins, while the veins themselves remain green, which is characteristic of magnesium deficiency. This pattern of leaf discoloration is not typical of other diseases or nutrient deficiencies in citrus.",0.9,1,0,0,0,,
HLB_014.jpg,"Citrus,Greening",Citrus,Greening,qwen2.5vl:7b,Citrus,Greening,"The leaf exhibits yellowing and mottling, which are characteristic symptoms of citrus Greening disease. This disease is caused by a bacterium and is known to cause chlorosis and leaf distortion, as seen in the image.",0.95,1,1,1,0,,
Mg_022.jpg,"Citrus,Magnesium Deficiency",Citrus,Magnesium Deficiency,qwen2.5vl:7b,Citrus,Greasy Spot,"The leaf exhibits yellowing and necrosis, which are characteristic symptoms of greasy spot disease in citrus plants. The presence of small, white spots on the leaf surface further supports this diagnosis, as greasy spot is known for causing these symptoms.",0.95,1,0,0,0,,
Mg_086.jpg,"Citrus,Magnesium Deficiency",Citrus,Magnesium Deficiency,qwen2.5vl:7b,Citrus,Greasy Spot,"The leaf shows signs of greasy spot, a common disease in citrus plants. The yellowing and brown spots on the leaf are characteristic of this disease. The spots are scattered and have a slightly raised appearance, which is typical of greasy spot lesions.",0.95,1,0,0,0,,
Zn_065.jpg,"Citrus,Zinc Deficiency",Citrus,Zinc Deficiency,qwen2.5vl:7b,Citrus,Greasy Spot,"The leaf exhibits symptoms of Greasy Spot, characterized by the presence of yellowish-green to brownish spots on the leaf surface, which is consistent with the visual evidence shown in the image. The spots are irregular and scattered, which is typical for this disease.",0.9,1,0,0,0,,
Citrus_leafminer_013.jpg,"Citrus,Leaf Miner",Citrus,Leaf Miner,qwen2.5vl:7b,Citrus,Healthy,"The leaf appears to be a healthy citrus leaf with a glossy surface and no visible signs of disease such as spots, discoloration, or damage. The leaf structure and color are consistent with a healthy citrus leaf.",0.95,1,0,0,0,,
Mg_021.jpg,"Citrus,Magnesium Deficiency",Citrus,Magnesium Deficiency,qwen2.5vl:7b,Citrus,Greasy Spot,"The leaf exhibits yellowing and necrotic spots, which are characteristic symptoms of greasy spot disease in citrus plants. This disease typically causes irregular, brownish spots on the leaf surface, often with a greasy appearance, which matches the visual evidence in the image.",0.95,1,0,0,0,,
Red_scale_012.jpg,"Citrus,Red Scale",Citrus,Red Scale,qwen2.5vl:7b,Citrus,Greasy Spot,"The leaf exhibits small, circular, brown spots with a yellow halo, which are characteristic of Greasy Spot disease in citrus plants. This disease is commonly seen on citrus leaves and is caused by the fungus Mycosphaerella citri.",0.95,1,0,0,0,,
Red_scale_017.jpg,"Citrus,Red Scale",Citrus,Red Scale,qwen2.5vl:7b,Citrus,Greasy Spot,"The leaf exhibits small, circular, brown spots scattered across its surface, which is characteristic of Greasy Spot disease in citrus plants. This disease typically causes small, raised, brown spots on the leaf surface, which matches the visual evidence in the image.",0.95,1,0,0,0,,
Citrus_leafminer_011.jpg,"Citrus,Leaf Miner",Citrus,Leaf Miner,qwen2.5vl:7b,Citrus,Leaf Miner,"The leaf shows characteristic damage patterns consistent with leaf miner activity, which typically creates irregular, winding galleries in the leaf tissue. This damage is not indicative of other diseases or nutrient deficiencies.",0.95,1,1,1,0,,
Mn_030.jpg,"Citrus,Manganese Deficiency",Citrus,Manganese Deficiency,qwen2.5vl:7b,Citrus,Greasy Spot,"The leaf shows yellowish-green spots and blotches, which are characteristic of Greasy Spot disease in citrus plants. This disease is typically caused by the bacterium Xanthomonas citri and results in the appearance of irregular, yellowish-green lesions on the leaves.",0.95,1,0,0,0,,
Red_scale_sequelae_049.jpg,"Citrus,Red Scale Sequelae",Citrus,Red Scale Sequelae,qwen2.5vl:7b,Citrus,Greening,"The leaf exhibits symptoms of citrus Greening disease, characterized by chlorotic (yellowish) areas on the leaf, which is a common symptom of this disease. The presence of these symptoms strongly suggests the leaf is diseased with Greening.",0.95,1,0,0,0,,
Mn_006.jpg,"Citrus,Manganese Deficiency",Citrus,Manganese Deficiency,qwen2.5vl:7b,Citrus,Greasy Spot,"The leaf exhibits yellowish-green spots and blotches, which are characteristic of Greasy Spot disease in citrus plants. This disease typically causes irregular, yellowish-green spots on the leaves, often with a greasy appearance. The presence of these symptoms strongly suggests the presence of Greasy Spot.",0.95,1,0,0,0,,
N_030.jpg,"Citrus,Nitrogen Deficiency",Citrus,Nitrogen Deficiency,qwen2.5vl:7b,Citrus,Healthy,"The leaf appears to be a single, healthy citrus leaf with a vibrant green color and no visible signs of disease such as spots, discoloration, or damage. The leaf shape and color are consistent with a healthy citrus leaf.",0.95,1,0,0,0,,
Healthy_021.jpg,"Citrus,Healthy",Citrus,Healthy,qwen2.5vl:7b,Citrus,Healthy,"The leaf appears to be a healthy citrus leaf with a glossy surface and no visible signs of disease such as spots, discoloration, or deformities. The veins are clearly visible, and the leaf has a uniform green color, which is typical for a healthy citrus leaf.",1.0,1,1,1,0,,
Fe_059.jpg,"Citrus,Iron Deficiency",Citrus,Iron Deficiency,qwen2.5vl:7b,Citrus,Healthy,"The leaf appears to be a citrus leaf, characterized by its glossy texture and distinct venation pattern. There are no visible signs of disease such as spots, discoloration, or deformities that would suggest the presence of a disease like Greasy Spot, Greening, or other citrus diseases. The leaf looks vibrant and healthy.",0.95,1,0,0,0,,
N_037.jpg,"Citrus,Nitrogen Deficiency",Citrus,Nitrogen Deficiency,qwen2.5vl:7b,Citrus,Greasy Spot,"The leaf shows a yellowing pattern that is characteristic of citrus greasy spot, a bacterial disease that causes the leaf to turn yellow and eventually brown. The presence of this symptom strongly suggests the presence of this disease.",0.95,1,0,0,0,,
Red_scale_008.jpg,"Citrus,Red Scale",Citrus,Red Scale,qwen2.5vl:7b,Citrus,Greasy Spot,"The leaf exhibits small, circular, and raised spots, which are characteristic of greasy spot disease. This disease is common in citrus trees and typically appears as small, yellowish-brown spots that can coalesce into larger areas of discoloration. The presence of these symptoms strongly suggests the presence of greasy spot.",0.95,1,0,0,0,,
Fe_049.jpg,"Citrus,Iron Deficiency",Citrus,Iron Deficiency,qwen2.5vl:7b,Citrus,Healthy,"The leaf appears to be a healthy citrus leaf with a vibrant green color and no visible signs of disease such as spots, discoloration, or deformities. The leaf structure and venation are intact, which is typical for a healthy citrus leaf.",0.95,1,0,0,0,,
Mg_048.jpg,"Citrus,Magnesium Deficiency",Citrus,Magnesium Deficiency,qwen2.5vl:7b,Citrus,Greasy Spot,"The leaf shows yellowing with brown spots, which is characteristic of greasy spot disease in citrus plants. This disease typically causes leaf spots that can lead to leaf drop and reduced fruit yield.",0.95,1,0,0,0,,
Red_scale_sequelae_033.jpg,"Citrus,Red Scale Sequelae",Citrus,Red Scale Sequelae,qwen2.5vl:7b,Citrus,Greasy Spot,"The leaf shows yellowing and necrotic spots, which are characteristic symptoms of greasy spot disease in citrus plants. These symptoms are typically caused by the bacterium Xanthomonas citri subsp. citri. The presence of these spots on the leaf surface is a strong indicator of this disease.",0.95,1,0,0,0,,
Zn_001.jpg,"Citrus,Zinc Deficiency",Citrus,Zinc Deficiency,qwen2.5vl:7b,Citrus,Healthy,"The leaf appears to be a healthy citrus leaf with a vibrant green color and no visible signs of disease such as spots, discoloration, or deformities. The leaf shape and color are consistent with a healthy citrus leaf.",0.95,1,0,0,0,,
Healthy_001.jpg,"Citrus,Healthy",Citrus,Healthy,qwen2.5vl:7b,Citrus,Healthy,"The leaf appears to be a healthy citrus leaf with a uniform green color and no visible signs of disease such as spots, discoloration, or deformities. The leaf shape and color are typical of a healthy citrus leaf.",0.95,1,1,1,0,,
Mg_035.jpg,"Citrus,Magnesium Deficiency",Citrus,Magnesium Deficiency,qwen2.5vl:3b,Citrus,Greening,"The leaf shows signs of chlorosis, which is a common symptom of nutrient deficiency, particularly magnesium deficiency. The edges of the leaf are also turning yellow, which is consistent with greening disease.",0.7,1,0,0,0,,
HLB_040.jpg,"Citrus,Greening",Citrus,Greening,qwen2.5vl:3b,Citrus,Healthy,"The leaf appears to be green and healthy with no visible signs of disease, such as discoloration, spots, or lesions. The leaf has a vibrant green color and a smooth surface, indicating it is not affected by any of the listed diseases.",0.9,1,0,0,0,,
N_046.jpg,"Citrus,Nitrogen Deficiency",Citrus,Nitrogen Deficiency,qwen2.5vl:3b,Citrus,Healthy,"The leaf appears healthy with no visible signs of disease such as spots, discoloration, or lesions. The leaf is bright green and has a smooth surface without any damage.",0.9,1,0,0,0,,
Greasy_spot_018.jpg,"Citrus,Greasy Spot",Citrus,Greasy Spot,qwen2.5vl:3b,Citrus,Healthy,"The leaf appears to be healthy with no visible signs of disease, such as spots, discoloration, or lesions. The green color and overall appearance suggest it is not affected by any of the listed diseases.",0.9,1,0,0,0,,
Mg_094.jpg,"Citrus,Magnesium Deficiency",Citrus,Magnesium Deficiency,qwen2.5vl:3b,Citrus,Healthy,"The leaf appears vibrant and healthy with no visible signs of discoloration, spots, or other disease symptoms. The green color and overall condition suggest it is not affected by any of the diseases listed.",0.9,1,0,0,0,,
Healthy_090.jpg,"Citrus,Healthy",Citrus,Healthy,qwen2.5vl:3b,Citrus,Healthy,"The leaf appears vibrant and healthy with no visible signs of discoloration, spots, or other disease symptoms. The green color and smooth texture suggest it is in good condition.",0.9,1,1,1,0,,
Mn_002.jpg,"Citrus,Manganese Deficiency",Citrus,Manganese Deficiency,qwen2.5vl:3b,Citrus,Iron Deficiency,"The leaf shows chlorosis (yellowing) and necrosis (brown spots) along the midrib and veins, which are typical symptoms of iron deficiency in citrus plants.",0.8,1,0,0,0,,
HLB_002.jpg,"Citrus,Greening",Citrus,Greening,qwen2.5vl:3b,Citrus,Iron Deficiency,"The leaf shows a yellowish-green coloration, which is characteristic of iron deficiency. The veins appear to be more prominent and the edges of the leaf are not as defined as they should be for a healthy leaf.",0.8,1,0,0,0,,
Red_scale_sequelae_055.jpg,"Citrus,Red Scale Sequelae",Citrus,Red Scale Sequelae,qwen2.5vl:3b,Citrus,Healthy,"The leaf appears to be green and healthy with no visible signs of disease such as spots, discoloration, or lesions. The surface is smooth without any visible damage or discoloration.",0.95,1,0,0,0,,
Red_scale_024.jpg,"Citrus,Red Scale",Citrus,Red Scale,qwen2.5vl:3b,Citrus,Greasy Spot,"The leaf shows white, powdery spots and clusters, which are characteristic of Greasy Spot. The spots are not uniform and are scattered across the leaf, indicating a localized infection.",0.8,1,0,0,0,,
Texas_mite_071.jpg,"Citrus,Texas Mite",Citrus,Texas Mite,qwen2.5vl:3b,Citrus,Healthy,"The leaf appears to be green and healthy with no visible signs of disease such as spots, discoloration, or lesions. The leaf has a smooth surface with no visible damage or abnormalities.",0.9,1,0,0,0,,
Mn_025.jpg,"Citrus,Manganese Deficiency",Citrus,Manganese Deficiency,qwen2.5vl:3b,Citrus,Healthy,"The leaf appears to be healthy with no visible signs of disease, such as spots, discoloration, or lesions. The green color and the pattern of the leaf are consistent with a healthy citrus leaf.",0.9,1,0,0,0,,
Mn_018.jpg,"Citrus,Manganese Deficiency",Citrus,Manganese Deficiency,qwen2.5vl:3b,Citrus,Healthy,"The leaf appears to be healthy with no visible signs of disease, such as spots, discoloration, or lesions. The green color and the pattern of the leaf veins suggest normal growth and health.",0.9,1,0,0,0,,
Greasy_spot_095.jpg,"Citrus,Greasy Spot",Citrus,Greasy Spot,qwen2.5vl:3b,Citrus,Healthy,"The leaf appears to be green and healthy with no visible signs of disease such as spots, discoloration, or lesions. The texture and color suggest normal foliage.",0.9,1,0,0,0,,
Fe_006.jpg,"Citrus,Iron Deficiency",Citrus,Iron Deficiency,qwen2.5vl:3b,Citrus,Healthy,"The leaf appears to be healthy with no visible signs of disease such as discoloration, spots, or lesions. The veins are clear and the leaf structure is intact.",0.9,1,0,0,0,,
HLB_013.jpg,"Citrus,Greening",Citrus,Greening,qwen2.5vl:3b,Citrus,Healthy,"The leaf appears to be healthy with no visible signs of disease, such as spots, discoloration, or lesions. The green color and texture are consistent with a healthy leaf.",0.9,1,0,0,0,,
Texas_mite_002.jpg,"Citrus,Texas Mite",Citrus,Texas Mite,qwen2.5vl:3b,Citrus,Healthy,"The leaf appears to be healthy with no visible signs of disease, such as spots, discoloration, or lesions. The green color and the absence of any abnormalities suggest that the leaf is in good condition.",0.95,1,0,0,0,,
Texas_mite_056.jpg,"Citrus,Texas Mite",Citrus,Texas Mite,qwen2.5vl:3b,Citrus,Healthy,"The leaf appears to be green and healthy with no visible signs of disease such as spots, discoloration, or damage. The leaf is intact and has a smooth surface without any irregularities.",0.9,1,0,0,0,,
N_026.jpg,"Citrus,Nitrogen Deficiency",Citrus,Nitrogen Deficiency,qwen2.5vl:3b,Citrus,Healthy,"The leaf appears vibrant and healthy with no visible signs of discoloration, spots, or lesions, which are characteristic of greasy spot, greening, iron deficiency, leaf miner, magnesium deficiency, manganese deficiency, nitrogen deficiency, red scale, red scale sequelae, Texas mite, or zinc deficiency.",0.9,1,0,0,0,,
Texas_mite_069.jpg,"Citrus,Texas Mite",Citrus,Texas Mite,qwen2.5vl:3b,Citrus,Healthy,"The leaf appears healthy with no visible signs of disease, such as spots, discoloration, or lesions. The green color and smooth texture suggest that the leaf is in good condition.",0.9,1,0,0,0,,
Red_scale_009.jpg,"Citrus,Red Scale",Citrus,Red Scale,qwen2.5vl:3b,Citrus,Red Scale Sequelae,"The leaf shows signs of red scale infestation, with white, powdery patches and brownish spots. The presence of these symptoms indicates that the leaf is affected by red scale, and the subsequent development of these sequelae suggests that the pest has been present for some time.",0.8,1,0,0,0,,
Zn_039.jpg,"Citrus,Zinc Deficiency",Citrus,Zinc Deficiency,qwen2.5vl:3b,Citrus,Healthy,"The leaf appears to be healthy with no visible signs of disease, such as discoloration, spots, or lesions. The green color and the overall shape of the leaf suggest it is not affected by any of the listed diseases.",0.9,1,0,0,0,,
Red_scale_sequelae_015.jpg,"Citrus,Red Scale Sequelae",Citrus,Red Scale Sequelae,qwen2.5vl:3b,Citrus,Healthy,"The leaf appears to be green and healthy with no visible signs of disease, such as spots, discoloration, or lesions. The surface is smooth and there are no visible pests or diseases.",0.9,1,0,0,0,,
Mg_082.jpg,"Citrus,Magnesium Deficiency",Citrus,Magnesium Deficiency,qwen2.5vl:3b,Citrus,Healthy,"The leaf appears to be healthy with no visible signs of disease such as spots, discoloration, or lesions. The green color and the absence of any abnormal symptoms suggest that the leaf is in good condition.",0.9,1,0,0,0,,
Red_scale_sequelae_009.jpg,"Citrus,Red Scale Sequelae",Citrus,Red Scale Sequelae,qwen2.5vl:3b,Citrus,Healthy,"The leaf appears to be in good condition with no visible signs of disease, such as spots, discoloration, or lesions. The green color and overall health of the leaf suggest it is not affected by any of the diseases listed.",0.9,1,0,0,0,,
Zn_082.jpg,"Citrus,Zinc Deficiency",Citrus,Zinc Deficiency,qwen2.5vl:3b,Citrus,Healthy,"The leaf shows no signs of discoloration, browning, or other symptoms typically associated with diseases. The leaf is green and healthy in appearance.",0.9,1,0,0,0,,
Greasy_spot_032.jpg,"Citrus,Greasy Spot",Citrus,Greasy Spot,qwen2.5vl:3b,Citrus,Healthy,"The leaf appears to be green and healthy with no visible signs of disease such as spots, discoloration, or lesions. The leaf has a normal shape and size, without any abnormal growth or deformation.",0.9,1,0,0,0,,
Fe_094.jpg,"Citrus,Iron Deficiency",Citrus,Iron Deficiency,qwen2.5vl:3b,Citrus,Iron Deficiency,"The leaf shows a characteristic interveinal chlorosis, which is a common symptom of iron deficiency in citrus crops. The leaf is not greasy, green, or showing any other typical symptoms of greasy spot, greening, or other diseases. The leaf miner, red scale, Texas mite, and zinc deficiency are not visible in the image.",0.8,1,1,1,0,,
Red_scale_sequelae_060.jpg,"Citrus,Red Scale Sequelae",Citrus,Red Scale Sequelae,qwen2.5vl:3b,Citrus,Greasy Spot,"The leaf shows yellowish patches and spots, which are characteristic of Greasy Spot, a common citrus disease. The leaf also appears to be slightly curled, which is a symptom of this disease.",0.8,1,0,0,0,,
Texas_mite_088.jpg,"Citrus,Texas Mite",Citrus,Texas Mite,qwen2.5vl:3b,Citrus,Healthy,"The leaf appears to be healthy with no visible signs of disease such as spots, discoloration, or lesions. The green color and overall shape of the leaf suggest it is in good condition.",0.9,1,0,0,0,,
Citrus_leafminer_038.jpg,"Citrus,Leaf Miner",Citrus,Leaf Miner,qwen2.5vl:3b,Citrus,Healthy,"The leaf appears to be green and healthy with no visible signs of disease, such as spots, discoloration, or lesions. The leaf miner is a pest that typically leaves behind webbing or small holes, which are not present in this image.",0.8,1,0,0,0,,
Citrus_leafminer_049.jpg,"Citrus,Leaf Miner",Citrus,Leaf Miner,qwen2.5vl:3b,Citrus,Healthy,"The leaf appears to be healthy with no visible signs of disease, such as spots, discoloration, or lesions. The green color and smooth surface suggest that the plant is thriving without any visible issues.",0.9,1,0,0,0,,
Zn_048.jpg,"Citrus,Zinc Deficiency",Citrus,Zinc Deficiency,qwen2.5vl:3b,Citrus,Healthy,"The leaf appears to be healthy with no visible signs of disease such as spots, discoloration, or lesions. The green color and the structure of the leaf are normal.",0.9,1,0,0,0,,
HLB_043.jpg,"Citrus,Greening",Citrus,Greening,qwen2.5vl:3b,Citrus,Healthy,"The leaf in the image appears to be green and healthy with no visible signs of disease, such as spots, discoloration, or lesions. The leaf has a normal shape and size, without any abnormal growth or deformation.",0.9,1,0,0,0,,
Mn_013.jpg,"Citrus,Manganese Deficiency",Citrus,Manganese Deficiency,qwen2.5vl:3b,Citrus,Healthy,"The leaf in the image appears to be green and healthy with no visible signs of disease, such as spots, discoloration, or lesions. The leaf has a vibrant green color with no yellowing or browning.",0.9,1,0,0,0,,
HLB_026.jpg,"Citrus,Greening",Citrus,Greening,qwen2.5vl:3b,Citrus,Iron Deficiency,"The leaf shows a yellowish-green discoloration, which is a characteristic symptom of iron deficiency. The veins remain green, indicating that the nutrient deficiency is localized to the leaf surface.",0.8,1,0,0,0,,
Fe_081.jpg,"Citrus,Iron Deficiency",Citrus,Iron Deficiency,qwen2.5vl:3b,Citrus,Healthy,"The leaf appears to be healthy with no visible signs of disease such as spots, discoloration, or damage. The green color and texture suggest proper foliage.",0.9,1,0,0,0,,
Healthy_044.jpg,"Citrus,Healthy",Citrus,Healthy,qwen2.5vl:3b,Citrus,Healthy,"The leaf appears healthy with no visible signs of disease such as spots, discoloration, or lesions. The green color and smooth surface suggest it is not affected by any of the listed diseases.",0.95,1,1,1,0,,
Red_scale_019.jpg,"Citrus,Red Scale",Citrus,Red Scale,qwen2.5vl:3b,Citrus,Red Scale Sequelae,"The leaf shows characteristic red spots and lesions, which are typical of Red Scale Sequelae. The spots are irregularly shaped and have a reddish-brown coloration, indicating the aftermath of the Red Scale infestation.",0.8,1,0,0,0,,
Healthy_028.jpg,"Citrus,Healthy",Citrus,Healthy,qwen2.5vl:3b,Citrus,Healthy,"The leaf appears healthy with no visible signs of disease, such as spots, discoloration, or lesions. The green color and smooth texture suggest a normal condition.",0.9,1,1,1,0,,
Zn_026.jpg,"Citrus,Zinc Deficiency",Citrus,Zinc Deficiency,qwen2.5vl:3b,Citrus,Healthy,"The leaf appears to be healthy with no visible signs of disease such as spots, discoloration, or lesions. The green color and the structure of the leaf are consistent with a healthy citrus leaf.",0.9,1,0,0,0,,
Citrus_leafminer_030.jpg,"Citrus,Leaf Miner",Citrus,Leaf Miner,qwen2.5vl:3b,Citrus,Leaf Miner,"The leaf shows signs of damage consistent with leaf miner activity, such as irregular holes and webbing. The presence of webbing and the pattern of damage suggests that a leaf miner is present.",0.8,1,1,1,0,,
Red_scale_003.jpg,"Citrus,Red Scale",Citrus,Red Scale,qwen2.5vl:3b,Citrus,Greasy Spot,"The leaf shows a white, powdery substance covering the surface, which is characteristic of Greasy Spot. The leaf also has small, raised spots, which are consistent with this disease. The overall condition of the leaf suggests it is affected by Greasy Spot.",0.8,1,0,0,0,,
Zn_021.jpg,"Citrus,Zinc Deficiency",Citrus,Zinc Deficiency,qwen2.5vl:3b,Citrus,Healthy,"The leaf appears to be healthy with no visible signs of disease such as spots, discoloration, or unusual growth patterns. The green color and the absence of any noticeable symptoms suggest that the leaf is in good condition.",0.9,1,0,0,0,,
Zn_023.jpg,"Citrus,Zinc Deficiency",Citrus,Zinc Deficiency,qwen2.5vl:3b,Citrus,Healthy,"The leaf appears to be healthy with no visible signs of disease, such as discoloration, spots, or lesions. The green coloration and the absence of any abnormalities suggest that the leaf is in good health.",0.9,1,0,0,0,,
Zn_034.jpg,"Citrus,Zinc Deficiency",Citrus,Zinc Deficiency,qwen2.5vl:3b,Citrus,Healthy,"The leaf shows no signs of discoloration, browning, or other symptoms typically associated with diseases. The green and yellow pattern is consistent with healthy foliage.",0.95,1,0,0,0,,
N_018.jpg,"Citrus,Nitrogen Deficiency",Citrus,Nitrogen Deficiency,qwen2.5vl:3b,Citrus,Healthy,"The leaf appears to be green and healthy with no visible signs of disease, such as spots, discoloration, or lesions. The leaf has a vibrant green color and a smooth surface, indicating it is not affected by any of the diseases listed.",0.9,1,0,0,0,,
Red_scale_sequelae_020.jpg,"Citrus,Red Scale Sequelae",Citrus,Red Scale Sequelae,qwen2.5vl:3b,Citrus,Greening,"The leaf shows signs of chlorosis, with yellowing and browning of the leaf margins and veins, which are characteristic of Greening disease. The leaf also has a greenish tint, which is consistent with the disease's symptoms.",0.8,1,0,0,0,,
HLB_006.jpg,"Citrus,Greening",Citrus,Greening,qwen2.5vl:3b,Citrus,Healthy,"The leaf appears to be green and healthy with no visible signs of disease, such as discoloration, spots, or lesions. The leaf has a smooth surface without any visible damage or disease symptoms.",0.9,1,0,0,0,,
Healthy_055.jpg,"Citrus,Healthy",Citrus,Healthy,qwen2.5vl:3b,Citrus,Healthy,"The leaf appears to be healthy with no visible signs of disease such as spots, discoloration, or lesions. The green color and smooth texture suggest it is not affected by any of the listed diseases.",0.9,1,1,1,0,,
Greasy_spot_005.jpg,"Citrus,Greasy Spot",Citrus,Greasy Spot,qwen2.5vl:3b,Citrus,Iron Deficiency,"The leaf shows a yellowish-green coloration with brown spots, which are typical symptoms of iron deficiency in citrus crops. The leaf also has a glossy appearance, which can be a sign of nutrient deficiency.",0.8,1,0,0,0,,
N_016.jpg,"Citrus,Nitrogen Deficiency",Citrus,Nitrogen Deficiency,qwen2.5vl:3b,Citrus,Healthy,"The leaf appears to be healthy with no visible signs of disease such as spots, discoloration, or lesions. The green color and overall appearance suggest that the leaf is in good condition.",0.9,1,0,0,0,,
Citrus_leafminer_091.jpg,"Citrus,Leaf Miner",Citrus,Leaf Miner,qwen2.5vl:3b,Citrus,Healthy,"The leaf appears to be green and healthy with no visible signs of disease, pests, or nutrient deficiencies. The leaf has a smooth surface with no holes, spots, or discoloration.",0.9,1,0,0,0,,
Texas_mite_021.jpg,"Citrus,Texas Mite",Citrus,Texas Mite,qwen2.5vl:3b,Citrus,Healthy,"The leaf appears to be green and healthy with no visible signs of disease such as spots, discoloration, or lesions. The texture and shape of the leaf are typical for citrus leaves.",0.95,1,0,0,0,,
Healthy_036.jpg,"Citrus,Healthy",Citrus,Healthy,qwen2.5vl:3b,Citrus,Healthy,"The leaf appears to be green and healthy with no visible signs of disease such as spots, discoloration, or lesions. The leaf has a smooth surface with no visible damage or disease symptoms.",0.9,1,1,1,0,,
HLB_027.jpg,"Citrus,Greening",Citrus,Greening,qwen2.5vl:3b,Citrus,Healthy,"The leaf appears to be green and healthy with no visible signs of disease, such as spots, discoloration, or lesions. The leaf is also intact without any damage or missing parts.",0.9,1,0,0,0,,
Mn_020.jpg,"Citrus,Manganese Deficiency",Citrus,Manganese Deficiency,qwen2.5vl:3b,Citrus,Healthy,"The leaf shows no signs of discoloration, spots, or other symptoms that would indicate a disease. The green color and the presence of yellowish spots are typical of healthy citrus leaves.",0.9,1,0,0,0,,
Fe_069.jpg,"Citrus,Iron Deficiency",Citrus,Iron Deficiency,qwen2.5vl:3b,Citrus,Healthy,"The leaf appears vibrant and healthy with no visible signs of discoloration, spots, or other disease symptoms. The veins are clearly visible and there are no signs of damage or abnormal growth.",0.9,1,0,0,0,,
Healthy_014.jpg,"Citrus,Healthy",Citrus,Healthy,qwen2.5vl:3b,Citrus,Healthy,"The leaf appears to be healthy with no visible signs of disease such as spots, discoloration, or lesions. The green color and smooth surface suggest normal growth.",0.9,1,1,1,0,,
Fe_071.jpg,"Citrus,Iron Deficiency",Citrus,Iron Deficiency,qwen2.5vl:3b,Citrus,Healthy,"The leaf appears vibrant and healthy with no visible signs of discoloration, spots, or damage. The green color and texture suggest it is not affected by any of the listed diseases.",0.9,1,0,0,0,,
Texas_mite_059.jpg,"Citrus,Texas Mite",Citrus,Texas Mite,qwen2.5vl:3b,Citrus,Healthy,"The leaf appears healthy with no visible signs of disease such as spots, discoloration, or lesions. The green color and smooth surface suggest normal growth without any disease.",0.9,1,0,0,0,,
Healthy_046.jpg,"Citrus,Healthy",Citrus,Healthy,qwen2.5vl:3b,Citrus,Healthy,"The leaf appears healthy with no visible signs of disease such as spots, discoloration, or lesions. The green color and smooth texture suggest it is not affected by any of the listed diseases.",0.9,1,1,1,0,,
Citrus_leafminer_036.jpg,"Citrus,Leaf Miner",Citrus,Leaf Miner,qwen2.5vl:3b,Citrus,Healthy,"The leaf appears to be green and healthy with no visible signs of disease, such as spots, discoloration, or lesions. The leaf miner is not present as there are no visible holes or damage patterns.",0.9,1,0,0,0,,
Citrus_leafminer_059.jpg,"Citrus,Leaf Miner",Citrus,Leaf Miner,qwen2.5vl:3b,Citrus,Healthy,"The leaf appears healthy with no visible signs of disease, such as spots, discoloration, or lesions. The leaf is green and has a smooth surface without any noticeable damage.",0.9,1,0,0,0,,
Mg_010.jpg,"Citrus,Magnesium Deficiency",Citrus,Magnesium Deficiency,qwen2.5vl:3b,Citrus,Iron Deficiency,"The leaf shows a yellowish-green discoloration, which is a common symptom of iron deficiency in citrus crops. The leaf edges are not curled or distorted, which rules out other diseases like leaf miner or Texas mite.",0.8,1,0,0,0,,
Fe_038.jpg,"Citrus,Iron Deficiency",Citrus,Iron Deficiency,qwen2.5vl:3b,Citrus,Healthy,"The leaf appears to be healthy with no visible signs of disease, such as spots, discoloration, or lesions. The veins and edges are intact, and the overall shape is normal.",0.9,1,0,0,0,,
Red_scale_sequelae_068.jpg,"Citrus,Red Scale Sequelae",Citrus,Red Scale Sequelae,qwen2.5vl:3b,Citrus,Healthy,"The leaf appears to be green and free of any visible spots, lesions, or discoloration, which are typical signs of diseases such as Greasy Spot, Greening, Iron Deficiency, or Magnesium Deficiency. The leaf is also not showing the characteristic symptoms of pests like Red Scale or Texas Mite.",0.9,1,0,0,0,,
Red_scale_sequelae_097.jpg,"Citrus,Red Scale Sequelae",Citrus,Red Scale Sequelae,qwen2.5vl:3b,Citrus,Healthy,"The leaf appears to be green and healthy with no visible signs of disease, such as spots, discoloration, or lesions. The leaf has a smooth surface without any visible damage or abnormal growth.",0.9,1,0,0,0,,
Red_scale_018.jpg,"Citrus,Red Scale",Citrus,Red Scale,qwen2.5vl:3b,Citrus,Greasy Spot,"The leaf shows small, white, powdery spots scattered across the surface, which is characteristic of Greasy Spot. The spots are uniform in size and distribution, indicating a consistent infection.",0.8,1,0,0,0,,
Red_scale_016.jpg,"Citrus,Red Scale",Citrus,Red Scale,qwen2.5vl:3b,Citrus,Greasy Spot,"The leaf shows white, powdery patches on the surface, which are characteristic of Greasy Spot. The affected area is not widespread, indicating localized damage.",0.8,1,0,0,0,,
Red_scale_029.jpg,"Citrus,Red Scale",Citrus,Red Scale,qwen2.5vl:3b,Citrus,Red Scale Sequelae,"The leaf shows signs of red spots and white powdery substance, which are characteristic of Red Scale Sequelae. The presence of these symptoms suggests that the leaf is affected by the disease.",0.8,1,0,0,0,,
Red_scale_013.jpg,"Citrus,Red Scale",Citrus,Red Scale,qwen2.5vl:3b,Citrus,Red Scale Sequelae,"The leaf shows signs of red spots and lesions, which are characteristic of Red Scale Sequelae. The presence of these lesions indicates that the red scale insects have been present and have left behind these symptoms.",0.8,1,0,0,0,,
N_017.jpg,"Citrus,Nitrogen Deficiency",Citrus,Nitrogen Deficiency,qwen2.5vl:3b,Citrus,Healthy,"The leaf appears to be healthy with no visible signs of disease such as spots, discoloration, or damage. The color and texture of the leaf suggest it is in good condition.",0.9,1,0,0,0,,
Citrus_leafminer_082.jpg,"Citrus,Leaf Miner",Citrus,Leaf Miner,qwen2.5vl:3b,Citrus,Healthy,"The leaf appears to be green and healthy with no visible signs of disease, such as spots, discoloration, or lesions. The leaf miner is not visible in this image.",0.9,1,0,0,0,,
Healthy_098.jpg,"Citrus,Healthy",Citrus,Healthy,qwen2.5vl:3b,Citrus,Healthy,"The leaf appears healthy with no visible signs of disease, such as spots, discoloration, or unusual growth patterns. The leaf is green and has a smooth surface without any lesions or spots.",0.9,1,1,1,0,,
N_005.jpg,"Citrus,Nitrogen Deficiency",Citrus,Nitrogen Deficiency,qwen2.5vl:3b,Citrus,Healthy,"The leaf appears vibrant and healthy with no visible signs of discoloration, spots, or other symptoms that would indicate a disease. The green coloration is uniform and there are no visible signs of nutrient deficiencies or pests.",0.95,1,0,0,0,,
N_009.jpg,"Citrus,Nitrogen Deficiency",Citrus,Nitrogen Deficiency,qwen2.5vl:3b,Citrus,Healthy,"The leaf appears to be healthy with no visible signs of disease, such as spots, discoloration, or unusual patterns. The leaf is uniformly yellow, which could be a natural color variation or a seasonal change, but there are no clear indicators of disease.",0.9,1,0,0,0,,
Texas_mite_083.jpg,"Citrus,Texas Mite",Citrus,Texas Mite,qwen2.5vl:3b,Citrus,Healthy,"The leaf appears to be green and healthy with no visible signs of disease, such as spots, discoloration, or lesions. The texture and color are consistent with a healthy citrus leaf.",0.9,1,0,0,0,,
Healthy_020.jpg,"Citrus,Healthy",Citrus,Healthy,qwen2.5vl:3b,Citrus,Healthy,"The leaf appears to be healthy with no visible signs of disease such as spots, discoloration, or lesions. The leaf is green and has a smooth surface without any abnormalities.",0.9,1,1,1,0,,
Red_scale_sequelae_050.jpg,"Citrus,Red Scale Sequelae",Citrus,Red Scale Sequelae,qwen2.5vl:3b,Citrus,Healthy,"The leaf appears to be green and healthy with no visible signs of disease, such as spots, discoloration, or lesions. The leaf has a smooth surface with no noticeable damage or abnormalities.",0.9,1,0,0,0,,
Mn_022.jpg,"Citrus,Manganese Deficiency",Citrus,Manganese Deficiency,qwen2.5vl:3b,Citrus,Iron Deficiency,"The leaf shows a characteristic pattern of yellowish-green spots and streaks, which are typical symptoms of iron deficiency in citrus crops. The leaf is also slightly curled, which is another symptom of iron deficiency.",0.8,1,0,0,0,,
Mn_015.jpg,"Citrus,Manganese Deficiency",Citrus,Manganese Deficiency,qwen2.5vl:3b,Citrus,Healthy,"The leaf shows no visible signs of disease, such as yellowing, discoloration, or lesions. The leaf appears healthy with a vibrant green color and no visible symptoms of stress or disease.",0.95,1,0,0,0,,
Fe_016.jpg,"Citrus,Iron Deficiency",Citrus,Iron Deficiency,qwen2.5vl:3b,Citrus,Healthy,"The leaf appears vibrant and healthy with no visible signs of discoloration, spots, or damage. The veins are clearly visible and there are no signs of disease symptoms such as greasy spots, greening, or mineral deficiencies.",0.9,1,0,0,0,,
N_010.jpg,"Citrus,Nitrogen Deficiency",Citrus,Nitrogen Deficiency,qwen2.5vl:3b,Citrus,Healthy,"The leaf appears to be healthy with no visible signs of disease such as spots, discoloration, or lesions. The veins and edges are intact, and the overall shape and size are normal.",0.9,1,0,0,0,,
Mn_011.jpg,"Citrus,Manganese Deficiency",Citrus,Manganese Deficiency,qwen2.5vl:3b,Citrus,Iron Deficiency,"The leaf shows a characteristic pattern of interveinal chlorosis, which is a common symptom of iron deficiency in citrus crops. The yellowish-green spots and patches are indicative of a lack of iron in the plant's nutrient uptake.",0.9,1,0,0,0,,
Texas_mite_015.jpg,"Citrus,Texas Mite",Citrus,Texas Mite,qwen2.5vl:3b,Citrus,Healthy,"The leaf appears to be healthy with no visible signs of disease such as spots, discoloration, or lesions. The green color and smooth texture suggest it is in good condition.",0.9,1,0,0,0,,
Texas_mite_044.jpg,"Citrus,Texas Mite",Citrus,Texas Mite,qwen2.5vl:3b,Citrus,Healthy,"The leaf appears healthy with no visible signs of disease, such as spots, discoloration, or lesions. The green color and smooth surface suggest it is not affected by any of the listed diseases.",0.9,1,0,0,0,,
Healthy_013.jpg,"Citrus,Healthy",Citrus,Healthy,qwen2.5vl:3b,Citrus,Healthy,"The leaf appears to be healthy with no visible signs of disease, such as discoloration, spots, or lesions. The leaf is green and has a smooth surface without any visible damage or disease symptoms.",0.9,1,1,1,0,,
Mg_083.jpg,"Citrus,Magnesium Deficiency",Citrus,Magnesium Deficiency,qwen2.5vl:3b,Citrus,Healthy,"The leaf appears to be green and healthy with no visible signs of disease, such as spots, discoloration, or lesions. The leaf structure and coloration suggest normal growth without any visible disease symptoms.",0.9,1,0,0,0,,
Mg_088.jpg,"Citrus,Magnesium Deficiency",Citrus,Magnesium Deficiency,qwen2.5vl:3b,Citrus,Healthy,"The leaf appears to be healthy with no visible signs of disease, such as spots, discoloration, or damage. The leaf is green and has a normal shape and size.",0.9,1,0,0,0,,
Zn_098.jpg,"Citrus,Zinc Deficiency",Citrus,Zinc Deficiency,qwen2.5vl:3b,Citrus,Healthy,"The leaf appears healthy with no visible signs of disease such as spots, discoloration, or lesions. The green and yellow pattern is consistent with the natural variegation of citrus leaves.",0.9,1,0,0,0,,
Greasy_spot_036.jpg,"Citrus,Greasy Spot",Citrus,Greasy Spot,qwen2.5vl:3b,Citrus,Healthy,"The leaf appears to be green and healthy with no visible signs of disease such as spots, discoloration, or lesions. The leaf is also not damaged or distorted in any way.",0.9,1,0,0,0,,
Greasy_spot_070.jpg,"Citrus,Greasy Spot",Citrus,Greasy Spot,qwen2.5vl:3b,Citrus,Healthy,"The leaf appears to be green and healthy with no visible signs of disease, such as spots, discoloration, or lesions. The leaf has a smooth surface with no apparent damage or abnormal growth.",0.9,1,0,0,0,,
Red_scale_sequelae_021.jpg,"Citrus,Red Scale Sequelae",Citrus,Red Scale Sequelae,qwen2.5vl:3b,Citrus,Healthy,"The leaf appears to be green and healthy with no visible signs of disease, such as spots, discoloration, or lesions.",0.9,1,0,0,0,,
Texas_mite_093.jpg,"Citrus,Texas Mite",Citrus,Texas Mite,qwen2.5vl:3b,Citrus,Healthy,"The leaf appears to be healthy with no visible signs of disease, such as spots, discoloration, or lesions. The green color and smooth texture suggest it is not affected by any of the diseases listed.",0.9,1,0,0,0,,
Citrus_leafminer_009.jpg,"Citrus,Leaf Miner",Citrus,Leaf Miner,qwen2.5vl:3b,Citrus,Leaf Miner,"The leaf shows signs of leaf miner damage, with irregular holes and webbing, which are characteristic of leaf miner infestation. The presence of these holes and the webbing confirms the presence of the disease.",0.8,1,1,1,0,,
Mg_069.jpg,"Citrus,Magnesium Deficiency",Citrus,Magnesium Deficiency,qwen2.5vl:3b,Citrus,Healthy,"The leaf appears to be green and healthy with no visible signs of disease such as spots, discoloration, or lesions. The leaf is also intact without any signs of damage or disease.",0.9,1,0,0,0,,
Texas_mite_035.jpg,"Citrus,Texas Mite",Citrus,Texas Mite,qwen2.5vl:3b,Citrus,Healthy,"The leaf appears to be healthy with no visible signs of disease, such as discoloration, spots, or lesions. The leaf is green and has a smooth surface without any visible damage or disease symptoms.",0.9,1,0,0,0,,
Mg_090.jpg,"Citrus,Magnesium Deficiency",Citrus,Magnesium Deficiency,qwen2.5vl:3b,Citrus,Healthy,"The leaf appears to be healthy with no visible signs of disease, such as spots, discoloration, or lesions. The green color and smooth texture suggest it is not affected by any of the listed diseases.",0.9,1,0,0,0,,
Mn_021.jpg,"Citrus,Manganese Deficiency",Citrus,Manganese Deficiency,qwen2.5vl:3b,Citrus,Iron Deficiency,"The leaf shows a characteristic interveinal chlorosis, which is a common symptom of iron deficiency in citrus crops. The greenish-yellow spots and the overall chlorotic appearance are indicative of iron deficiency.",0.8,1,0,0,0,,
Texas_mite_038.jpg,"Citrus,Texas Mite",Citrus,Texas Mite,qwen2.5vl:3b,Citrus,Healthy,"The leaf appears to be healthy with no visible signs of disease, such as spots, discoloration, or lesions. The leaf is green and has a smooth surface without any abnormalities.",0.9,1,0,0,0,,
Fe_034.jpg,"Citrus,Iron Deficiency",Citrus,Iron Deficiency,qwen2.5vl:3b,Citrus,Healthy,"The leaf appears to be healthy with no visible signs of disease, such as discoloration, lesions, or abnormal growth. The leaf is vibrant green with a smooth surface and well-defined veins.",0.9,1,0,0,0,,
Red_scale_025.jpg,"Citrus,Red Scale",Citrus,Red Scale,qwen2.5vl:3b,Citrus,Red Scale Sequelae,"The leaf shows signs of red spots and discoloration, which are characteristic of Red Scale Sequelae. The spots are irregularly shaped and scattered across the leaf surface.",0.8,1,0,0,0,,
HLB_033.jpg,"Citrus,Greening",Citrus,Greening,qwen2.5vl:3b,Citrus,Healthy,"The leaf appears to be healthy with no visible signs of disease, such as spots, discoloration, or lesions. The green color and the absence of any abnormalities suggest that the plant is not affected by any of the diseases listed.",0.9,1,0,0,0,,
Mn_027.jpg,"Citrus,Manganese Deficiency",Citrus,Manganese Deficiency,qwen2.5vl:3b,Citrus,Healthy,"The leaf appears to be green and healthy with no visible signs of disease, such as spots, discoloration, or lesions. The leaf has a vibrant green color with no visible yellowing or brown spots.",0.9,1,0,0,0,,
Greasy_spot_055.jpg,"Citrus,Greasy Spot",Citrus,Greasy Spot,qwen2.5vl:3b,Citrus,Greening,"The leaf shows signs of greening, which is characterized by a yellowish or greenish discoloration, often accompanied by leaf spots and discoloration. The presence of dark spots and discoloration on the leaf surface is indicative of greening disease.",0.8,1,0,0,0,,
HLB_029.jpg,"Citrus,Greening",Citrus,Greening,qwen2.5vl:3b,Citrus,Healthy,"The leaf appears to be green and healthy with no visible signs of disease, such as spots, discoloration, or lesions. The leaf has a vibrant green color and a smooth texture, indicating it is not affected by any of the diseases listed.",0.9,1,0,0,0,,
Zn_093.jpg,"Citrus,Zinc Deficiency",Citrus,Zinc Deficiency,qwen2.5vl:3b,Citrus,Healthy,"The leaf appears to be healthy with no visible signs of disease, such as spots, discoloration, or lesions. The leaf has a vibrant green color with a pattern of yellowish veins, which is typical for healthy citrus leaves.",0.9,1,0,0,0,,
N_042.jpg,"Citrus,Nitrogen Deficiency",Citrus,Nitrogen Deficiency,qwen2.5vl:3b,Citrus,Healthy,"The leaf appears to be in good condition with no visible signs of disease such as spots, discoloration, or lesions. The leaf is bright green and has a healthy appearance.",0.9,1,0,0,0,,
Greasy_spot_087.jpg,"Citrus,Greasy Spot",Citrus,Greasy Spot,qwen2.5vl:3b,Citrus,Healthy,"The leaf appears to be green and healthy with no visible signs of disease such as spots, discoloration, or lesions. The leaf has a smooth surface without any visible damage or disease symptoms.",0.9,1,0,0,0,,
N_021.jpg,"Citrus,Nitrogen Deficiency",Citrus,Nitrogen Deficiency,qwen2.5vl:3b,Citrus,Healthy,"The leaf appears to be green and healthy with no visible spots, discoloration, or damage. The surface is smooth and there are no signs of disease or pest damage.",0.9,1,0,0,0,,
Texas_mite_099.jpg,"Citrus,Texas Mite",Citrus,Texas Mite,qwen2.5vl:3b,Citrus,Healthy,"The leaf appears to be healthy with no visible signs of disease, such as spots, discoloration, or lesions. The green color and smooth texture suggest that the leaf is in good condition.",0.9,1,0,0,0,,
Mg_027.jpg,"Citrus,Magnesium Deficiency",Citrus,Magnesium Deficiency,qwen2.5vl:3b,Citrus,Healthy,"The leaf appears to be healthy with no visible signs of disease, such as spots, discoloration, or unusual growth patterns. The green color and the absence of any yellowing or browning suggest that the leaf is in good condition.",0.9,1,0,0,0,,
Healthy_049.jpg,"Citrus,Healthy",Citrus,Healthy,qwen2.5vl:3b,Citrus,Healthy,"The leaf appears healthy with no visible signs of disease such as spots, discoloration, or lesions. The green color and smooth texture suggest it is not affected by any of the listed diseases.",0.9,1,1,1,0,,
Red_scale_014.jpg,"Citrus,Red Scale",Citrus,Red Scale,qwen2.5vl:3b,Citrus,Greasy Spot,"The leaf shows numerous white, powdery spots scattered across the surface, which is characteristic of Greasy Spot. The spots are consistent with the disease's typical appearance.",0.8,1,0,0,0,,
Zn_014.jpg,"Citrus,Zinc Deficiency",Citrus,Zinc Deficiency,qwen2.5vl:3b,Citrus,Healthy,"The leaf appears to be healthy with no visible signs of disease, such as discoloration, spots, or lesions. The green color and the pattern of the leaf veins suggest normal growth and health.",0.9,1,0,0,0,,
HLB_035.jpg,"Citrus,Greening",Citrus,Greening,qwen2.5vl:3b,Citrus,Iron Deficiency,"The leaf shows a characteristic interveinal chlorosis, which is a common symptom of iron deficiency in citrus crops. The yellowing is more pronounced along the veins and between them, indicating a lack of iron in the plant's nutrient uptake.",0.8,1,0,0,0,,
Red_scale_sequelae_081.jpg,"Citrus,Red Scale Sequelae",Citrus,Red Scale Sequelae,qwen2.5vl:3b,Citrus,Greening,"The leaf shows signs of chlorosis, which is a symptom of nutrient deficiency, particularly magnesium deficiency. The greenish-yellow coloration and the presence of small holes suggest that the leaf may be affected by a pest, possibly a leaf miner.",0.7,1,0,0,0,,
Mn_008.jpg,"Citrus,Manganese Deficiency",Citrus,Manganese Deficiency,qwen2.5vl:3b,Citrus,Iron Deficiency,"The leaf shows a characteristic interveinal chlorosis, which is a common symptom of iron deficiency in citrus crops. The yellowing is most prominent along the veins and between them, indicating a lack of iron in the plant's nutrient uptake.",0.8,1,0,0,0,,
Zn_081.jpg,"Citrus,Zinc Deficiency",Citrus,Zinc Deficiency,qwen2.5vl:3b,Citrus,Healthy,"The leaf appears to be healthy with no visible signs of disease such as spots, discoloration, or lesions. The veins and edges are intact, and the overall shape is normal.",0.9,1,0,0,0,,
Mg_078.jpg,"Citrus,Magnesium Deficiency",Citrus,Magnesium Deficiency,qwen2.5vl:3b,Citrus,Healthy,"The leaf appears vibrant and healthy with no visible signs of discoloration, spots, or damage. The green color and smooth texture suggest it is not affected by any of the diseases listed.",0.9,1,0,0,0,,
Zn_078.jpg,"Citrus,Zinc Deficiency",Citrus,Zinc Deficiency,qwen2.5vl:3b,Citrus,Healthy,"The leaf appears to be healthy with no visible signs of disease, such as spots, discoloration, or lesions. The leaf has a vibrant green color with a pattern of light and dark green stripes.",0.9,1,0,0,0,,
Red_scale_sequelae_077.jpg,"Citrus,Red Scale Sequelae",Citrus,Red Scale Sequelae,qwen2.5vl:3b,Citrus,Greasy Spot,"The leaf shows signs of greasy spots, which are characterized by small, raised, and sometimes yellowish spots on the leaf surface. These spots are consistent with the symptoms of Greasy Spot disease in citrus crops.",0.8,1,0,0,0,,
Fe_011.jpg,"Citrus,Iron Deficiency",Citrus,Iron Deficiency,qwen2.5vl:3b,Citrus,Healthy,"The leaf appears to be healthy with no visible signs of disease, such as spots, discoloration, or lesions. The veins and edges are intact, and the overall structure of the leaf is normal.",0.9,1,0,0,0,,
Greasy_spot_029.jpg,"Citrus,Greasy Spot",Citrus,Greasy Spot,qwen2.5vl:3b,Citrus,Iron Deficiency,"The leaf shows signs of iron deficiency, such as chlorosis and discoloration, which are characteristic of iron deficiency in citrus crops.",0.8,1,0,0,0,,
N_048.jpg,"Citrus,Nitrogen Deficiency",Citrus,Nitrogen Deficiency,qwen2.5vl:3b,Citrus,Healthy,"The leaf appears to be green and healthy with no visible signs of disease, such as discoloration, spots, or lesions. The leaf is also intact without any damage or missing parts.",0.9,1,0,0,0,,
HLB_015.jpg,"Citrus,Greening",Citrus,Greening,qwen2.5vl:3b,Citrus,Greening,"The leaf shows a characteristic greenish-yellow discoloration along the veins and between the veins, which is indicative of a nutrient deficiency, specifically magnesium deficiency. The leaf has a healthy appearance overall, with no visible signs of pests or disease.",0.8,1,1,1,0,,
N_032.jpg,"Citrus,Nitrogen Deficiency",Citrus,Nitrogen Deficiency,qwen2.5vl:3b,Citrus,Healthy,"The leaf appears vibrant and healthy with no visible signs of discoloration, spots, or other disease symptoms. The edges and veins are intact, and the overall shape is normal.",0.9,1,0,0,0,,
Fe_080.jpg,"Citrus,Iron Deficiency",Citrus,Iron Deficiency,qwen2.5vl:3b,Citrus,Healthy,"The leaf appears vibrant and healthy with no visible signs of discoloration, spots, or other disease symptoms. The green color and the healthy appearance suggest that the leaf is in good condition.",0.9,1,0,0,0,,
HLB_036.jpg,"Citrus,Greening",Citrus,Greening,qwen2.5vl:3b,Citrus,Iron Deficiency,"The leaf shows signs of chlorosis, which is a common symptom of iron deficiency in citrus plants. The edges of the leaf are turning yellow, and the overall coloration is lighter than the rest of the leaf, indicating a lack of iron in the plant's nutrient uptake.",0.8,1,0,0,0,,
Citrus_leafminer_025.jpg,"Citrus,Leaf Miner",Citrus,Leaf Miner,qwen2.5vl:3b,Citrus,Healthy,"The leaf appears to be green and healthy with no visible signs of disease, such as lesions, discoloration, or spots. The edges are smooth and there are no visible symptoms of greasy spot, greening, iron deficiency, leaf miner, magnesium deficiency, manganese deficiency, nitrogen deficiency, red scale, red scale sequelae, Texas mite, or zinc deficiency.",0.8,1,0,0,0,,
Mn_023.jpg,"Citrus,Manganese Deficiency",Citrus,Manganese Deficiency,qwen2.5vl:3b,Citrus,Healthy,"The leaf shows no signs of discoloration, yellowing, or other symptoms that would indicate a disease. The green color and the absence of any visible damage or spots suggest that the leaf is healthy.",0.95,1,0,0,0,,
N_014.jpg,"Citrus,Nitrogen Deficiency",Citrus,Nitrogen Deficiency,qwen2.5vl:3b,Citrus,Healthy,"The leaf appears vibrant and healthy with no visible signs of discoloration, spots, or other disease symptoms. The green color and smooth texture suggest it is not affected by any of the listed diseases.",0.95,1,0,0,0,,
Greasy_spot_004.jpg,"Citrus,Greasy Spot",Citrus,Greasy Spot,qwen2.5vl:3b,Citrus,Greasy Spot,"The leaf shows dark, irregular spots scattered across its surface, which is characteristic of Greasy Spot. The spots are not uniform in size and shape, indicating a disease rather than a natural variation.",0.8,1,1,1,0,,
Red_scale_005.jpg,"Citrus,Red Scale",Citrus,Red Scale,qwen2.5vl:3b,Citrus,Greasy Spot,"The leaf shows yellowish-brown spots and irregular patches, which are characteristic of Greasy Spot. The spots are not uniformly distributed and have a rough texture, indicating the disease.",0.8,1,0,0,0,,
Healthy_045.jpg,"Citrus,Healthy",Citrus,Healthy,qwen2.5vl:3b,Citrus,Healthy,"The leaf appears vibrant and healthy with no visible signs of discoloration, spots, or lesions that would indicate a disease. The green color and smooth surface suggest it is not affected by any of the listed diseases.",0.95,1,1,1,0,,
Healthy_012.jpg,"Citrus,Healthy",Citrus,Healthy,qwen2.5vl:3b,Citrus,Healthy,"The leaf appears to be healthy with no visible signs of disease such as spots, discoloration, or abnormal growth. The leaf is green and has a smooth texture without any visible damage or lesions.",0.9,1,1,1,0,,
Red_scale_030.jpg,"Citrus,Red Scale",Citrus,Red Scale,qwen2.5vl:3b,Citrus,Greasy Spot,"The leaf shows brownish spots and a greasy appearance, which are characteristic of Greasy Spot. The spots are irregularly shaped and scattered across the leaf surface.",0.8,1,0,0,0,,
HLB_009.jpg,"Citrus,Greening",Citrus,Greening,qwen2.5vl:3b,Citrus,Healthy,"The leaf appears to be healthy with no visible signs of disease, such as spots, discoloration, or lesions. The leaf is green and has a normal shape and structure.",0.9,1,0,0,0,,
Fe_074.jpg,"Citrus,Iron Deficiency",Citrus,Iron Deficiency,qwen2.5vl:3b,Citrus,Healthy,"The leaf appears to be healthy with no visible signs of disease such as spots, discoloration, or lesions. The leaf has a vibrant green color with no visible damage or discoloration.",0.9,1,0,0,0,,
Citrus_leafminer_047.jpg,"Citrus,Leaf Miner",Citrus,Leaf Miner,qwen2.5vl:3b,Citrus,Healthy,"The leaf appears to be healthy with no visible signs of disease, such as spots, discoloration, or lesions. The green color and smooth surface suggest it is not affected by any of the listed diseases.",0.9,1,0,0,0,,
Greasy_spot_014.jpg,"Citrus,Greasy Spot",Citrus,Greasy Spot,qwen2.5vl:3b,Citrus,Healthy,"The leaf appears to be green and healthy with no visible signs of disease, such as spots, discoloration, or lesions. The leaf is uniformly green with no visible damage or lesions.",0.9,1,0,0,0,,
Citrus_leafminer_006.jpg,"Citrus,Leaf Miner",Citrus,Leaf Miner,qwen2.5vl:3b,Citrus,Leaf Miner,"The image shows a leaf with visible feeding damage characteristic of leaf miners, which are small insects that tunnel through leaves. The presence of irregular, elongated holes and the brownish discoloration at the edges of the leaf are indicative of leaf miner damage.",0.85,1,1,1,0,,
Fe_078.jpg,"Citrus,Iron Deficiency",Citrus,Iron Deficiency,qwen2.5vl:3b,Citrus,Healthy,"The leaf appears vibrant and healthy with no visible signs of discoloration, spots, or other disease symptoms. The green color and the overall appearance suggest that the leaf is in good condition.",0.95,1,0,0,0,,
Greasy_spot_012.jpg,"Citrus,Greasy Spot",Citrus,Greasy Spot,qwen2.5vl:3b,Citrus,Healthy,"The leaf appears to be green and healthy with no visible signs of disease, such as spots, discoloration, or lesions. The overall appearance suggests it is in good condition.",0.9,1,0,0,0,,
Red_scale_sequelae_007.jpg,"Citrus,Red Scale Sequelae",Citrus,Red Scale Sequelae,qwen2.5vl:3b,Citrus,Greasy Spot,"The leaf shows signs of greasy spots, which are characterized by small, raised, and sometimes yellowish spots on the leaf surface. These spots are consistent with the appearance of greasy spot disease.",0.8,1,0,0,0,,
Mg_046.jpg,"Citrus,Magnesium Deficiency",Citrus,Magnesium Deficiency,qwen2.5vl:3b,Citrus,Iron Deficiency,"The leaf shows a yellowish discoloration, which is a common symptom of iron deficiency in citrus crops. The edges of the leaf are not curled or distorted, which rules out other diseases like Texas Mite or Red Scale.",0.8,1,0,0,0,,
Greasy_spot_082.jpg,"Citrus,Greasy Spot",Citrus,Greasy Spot,qwen2.5vl:3b,Citrus,Healthy,"The leaf appears to be green with no visible signs of discoloration, spots, or other symptoms that would indicate a disease. The leaf is also not damaged or distorted in any way.",0.9,1,0,0,0,,
Zn_020.jpg,"Citrus,Zinc Deficiency",Citrus,Zinc Deficiency,qwen2.5vl:3b,Citrus,Healthy,"The leaf appears to be green and healthy with no visible signs of disease, such as spots, discoloration, or lesions. The leaf has a vibrant green color with no visible symptoms of greasy spot, greening, iron deficiency, leaf miner, magnesium deficiency, manganese deficiency, nitrogen deficiency, red scale, red scale sequelae, Texas mite, or zinc deficiency.",0.9,1,0,0,0,,
Fe_047.jpg,"Citrus,Iron Deficiency",Citrus,Iron Deficiency,qwen2.5vl:3b,Citrus,Healthy,"The leaf appears vibrant and healthy with no visible signs of discoloration, spots, or other disease symptoms. The texture and color are consistent with a healthy citrus leaf.",0.9,1,0,0,0,,
Greasy_spot_076.jpg,"Citrus,Greasy Spot",Citrus,Greasy Spot,qwen2.5vl:3b,Citrus,Healthy,"The leaf appears to be green and healthy with no visible signs of disease such as spots, discoloration, or lesions. The leaf has a smooth surface without any visible damage or disease symptoms.",0.9,1,0,0,0,,
Mn_009.jpg,"Citrus,Manganese Deficiency",Citrus,Manganese Deficiency,qwen2.5vl:3b,Citrus,Iron Deficiency,"The leaf shows chlorotic (yellowish) spots and patches, which are characteristic of iron deficiency in citrus plants. The healthy green areas suggest that the plant is receiving adequate iron, but the affected areas indicate a deficiency.",0.8,1,0,0,0,,
Greasy_spot_015.jpg,"Citrus,Greasy Spot",Citrus,Greasy Spot,qwen2.5vl:3b,Citrus,Healthy,"The leaf appears to be green and healthy with no visible spots, discoloration, or signs of disease. The texture and color are consistent with a healthy citrus leaf.",0.9,1,0,0,0,,
Red_scale_sequelae_088.jpg,"Citrus,Red Scale Sequelae",Citrus,Red Scale Sequelae,qwen2.5vl:3b,Citrus,Greening,"The leaf shows signs of chlorosis, which is a symptom of nutrient deficiency, particularly magnesium deficiency. The edges of the leaf are not curled, which is typical of greasy spot. The overall appearance suggests a magnesium deficiency rather than other conditions like iron deficiency or zinc deficiency.",0.8,1,0,0,0,,
Citrus_leafminer_099.jpg,"Citrus,Leaf Miner",Citrus,Leaf Miner,qwen2.5vl:3b,Citrus,Healthy,"The leaf appears to be healthy with no visible signs of disease, such as spots, discoloration, or lesions. The green color and the absence of any abnormalities suggest that the leaf is in good condition.",0.9,1,0,0,0,,
Texas_mite_097.jpg,"Citrus,Texas Mite",Citrus,Texas Mite,qwen2.5vl:3b,Citrus,Healthy,"The leaf appears to be green and healthy with no visible signs of disease, such as spots, discoloration, or lesions. The leaf is also intact without any visible damage or holes that would suggest a pest or disease attack.",0.9,1,0,0,0,,
Citrus_leafminer_085.jpg,"Citrus,Leaf Miner",Citrus,Leaf Miner,qwen2.5vl:3b,Citrus,Greasy Spot,"The leaf shows a yellowish discoloration at the base, which is characteristic of Greasy Spot. The leaf also has a greenish hue on the upper surface, which is a common symptom of this disease.",0.8,1,0,0,0,,
HLB_019.jpg,"Citrus,Greening",Citrus,Greening,qwen2.5vl:3b,Citrus,Healthy,"The leaf appears to be green and healthy with no visible signs of disease, such as spots, discoloration, or lesions. The veins and edges of the leaf are intact and there are no visible symptoms of nutrient deficiencies or pests.",0.9,1,0,0,0,,
HLB_014.jpg,"Citrus,Greening",Citrus,Greening,qwen2.5vl:3b,Citrus,Healthy,"The leaf appears to be green and healthy with no visible signs of disease, such as spots, discoloration, or lesions. The leaf has a smooth surface without any abnormal growths or deformities.",0.9,1,0,0,0,,
Mg_022.jpg,"Citrus,Magnesium Deficiency",Citrus,Magnesium Deficiency,qwen2.5vl:3b,Citrus,Healthy,"The leaf appears to be healthy with no visible signs of disease, such as spots, discoloration, or lesions. The green color and smooth texture suggest normal foliage.",0.9,1,0,0,0,,
Mg_086.jpg,"Citrus,Magnesium Deficiency",Citrus,Magnesium Deficiency,qwen2.5vl:3b,Citrus,Healthy,"The leaf appears to be green and healthy with no visible signs of disease, such as spots, discoloration, or lesions. The leaf has a smooth surface and no visible damage.",0.95,1,0,0,0,,
Zn_065.jpg,"Citrus,Zinc Deficiency",Citrus,Zinc Deficiency,qwen2.5vl:3b,Citrus,Healthy,"The leaf appears to be green and healthy with no visible signs of disease, such as spots, discoloration, or lesions. The leaf is uniformly green with no noticeable symptoms of greasy spot, greening, iron deficiency, leaf miner, magnesium deficiency, manganese deficiency, nitrogen deficiency, red scale, red scale sequelae, Texas mite, or zinc deficiency.",0.95,1,0,0,0,,
Citrus_leafminer_013.jpg,"Citrus,Leaf Miner",Citrus,Leaf Miner,qwen2.5vl:3b,Citrus,Healthy,"The leaf appears to be green and healthy with no visible signs of disease, such as spots, discoloration, or lesions. The surface is smooth and there are no visible pests or disease symptoms.",0.9,1,0,0,0,,
Mg_021.jpg,"Citrus,Magnesium Deficiency",Citrus,Magnesium Deficiency,qwen2.5vl:3b,Citrus,Healthy,"The leaf appears to be green and healthy with no visible signs of disease such as spots, discoloration, or lesions. The texture and coloration suggest normal foliage.",0.9,1,0,0,0,,
Red_scale_012.jpg,"Citrus,Red Scale",Citrus,Red Scale,qwen2.5vl:3b,Citrus,Greasy Spot,"The leaf shows small, raised, and white spots, which are characteristic of Greasy Spot. The spots are more concentrated on the upper surface of the leaf, indicating the disease is active.",0.8,1,0,0,0,,
Red_scale_017.jpg,"Citrus,Red Scale",Citrus,Red Scale,qwen2.5vl:3b,Citrus,Greasy Spot,"The leaf shows brownish spots with a greasy appearance, which is characteristic of Greasy Spot. The spots are irregularly shaped and scattered across the leaf surface.",0.8,1,0,0,0,,
Citrus_leafminer_011.jpg,"Citrus,Leaf Miner",Citrus,Leaf Miner,qwen2.5vl:3b,Citrus,Leaf Miner,"The leaf shows signs of leaf miner damage, characterized by the presence of feeding tunnels and holes. The irregular shape and pattern of the damage are typical of leaf miners.",0.8,1,1,1,0,,
Mn_030.jpg,"Citrus,Manganese Deficiency",Citrus,Manganese Deficiency,qwen2.5vl:3b,Citrus,Healthy,"The leaf appears to be green and healthy with no visible signs of disease, such as spots, discoloration, or lesions. The yellowish-green spots are consistent with the natural variegation in citrus leaves.",0.9,1,0,0,0,,
Red_scale_sequelae_049.jpg,"Citrus,Red Scale Sequelae",Citrus,Red Scale Sequelae,qwen2.5vl:3b,Citrus,Greening,"The leaf shows signs of chlorosis, which is a common symptom of nutrient deficiency, particularly nitrogen deficiency. The yellowing is more pronounced towards the center of the leaf, which is characteristic of nitrogen deficiency in citrus crops.",0.8,1,0,0,0,,
Mn_006.jpg,"Citrus,Manganese Deficiency",Citrus,Manganese Deficiency,qwen2.5vl:3b,Citrus,Iron Deficiency,"The leaf shows a characteristic yellowish-green coloration, which is a common symptom of iron deficiency in citrus crops. The leaf also appears to have a slightly curled edge, which can be indicative of nutrient stress.",0.8,1,0,0,0,,
N_030.jpg,"Citrus,Nitrogen Deficiency",Citrus,Nitrogen Deficiency,qwen2.5vl:3b,Citrus,Healthy,"The leaf appears to be healthy with no visible signs of disease, such as spots, discoloration, or lesions. The leaf is bright green and has a smooth surface without any visible damage.",0.9,1,0,0,0,,
Healthy_021.jpg,"Citrus,Healthy",Citrus,Healthy,qwen2.5vl:3b,Citrus,Healthy,"The leaf appears to be green and healthy with no visible signs of disease such as discoloration, spots, or lesions. The veins and edges are clear and intact, indicating no disease presence.",0.8,1,1,1,0,,
Fe_059.jpg,"Citrus,Iron Deficiency",Citrus,Iron Deficiency,qwen2.5vl:3b,Citrus,Iron Deficiency,"The leaf shows a characteristic yellowing along the veins, which is a common symptom of iron deficiency in citrus crops. The healthy green areas between the veins suggest that the plant is receiving adequate nutrients in other parts of the leaf.",0.8,1,1,1,0,,
N_037.jpg,"Citrus,Nitrogen Deficiency",Citrus,Nitrogen Deficiency,qwen2.5vl:3b,Citrus,Healthy,"The leaf appears to be healthy with no visible signs of disease such as spots, discoloration, or lesions. The leaf is bright green and has a smooth surface without any irregularities.",0.9,1,0,0,0,,
Red_scale_008.jpg,"Citrus,Red Scale",Citrus,Red Scale,qwen2.5vl:3b,Citrus,Greasy Spot,"The leaf shows a characteristic greasy spot disease, with white, powdery patches and a yellowish-green discoloration. These symptoms are typical of greasy spot, which is caused by a fungus that affects citrus leaves.",0.8,1,0,0,0,,
Fe_049.jpg,"Citrus,Iron Deficiency",Citrus,Iron Deficiency,qwen2.5vl:3b,Citrus,Healthy,"The leaf appears to be healthy with no visible signs of disease, such as discoloration, spots, or lesions. The green color and the healthy appearance of the leaf suggest it is not affected by any of the diseases listed.",0.95,1,0,0,0,,
Mg_048.jpg,"Citrus,Magnesium Deficiency",Citrus,Magnesium Deficiency,qwen2.5vl:3b,Citrus,Healthy,"The leaf appears to be green and healthy with no visible signs of disease such as spots, discoloration, or lesions. The veins and edges are intact, and there are no visible pests or disease symptoms.",0.9,1,0,0,0,,
Red_scale_sequelae_033.jpg,"Citrus,Red Scale Sequelae",Citrus,Red Scale Sequelae,qwen2.5vl:3b,Citrus,Greasy Spot,"The leaf shows yellowing and brown spots, which are characteristic of Greasy Spot. The spots are irregularly shaped and scattered across the leaf, indicating a disease rather than a deficiency.",0.8,1,0,0,0,,
Zn_001.jpg,"Citrus,Zinc Deficiency",Citrus,Zinc Deficiency,qwen2.5vl:3b,Citrus,Healthy,"The leaf appears to be healthy with no visible signs of disease, such as spots, discoloration, or lesions. The green color and the absence of any visible damage suggest that the leaf is in good condition.",0.9,1,0,0,0,,
Healthy_001.jpg,"Citrus,Healthy",Citrus,Healthy,qwen2.5vl:3b,Citrus,Healthy,"The leaf appears to be healthy with no visible signs of disease, such as spots, discoloration, or lesions. The leaf is green and has a smooth surface without any visible damage or disease symptoms.",0.9,1,1,1,0,,
