image_name,class_label,gt_crop,gt_disease,agent,pred_crop,pred_disease,reasoning,confidence,crop_correct,disease_correct,both_correct,parse_failed,reasoning_quality,plausibility
g (191).png,"Citrus,Greening",Citrus,Greening,llava:7b,Citrus,Healthy,"The image shows a single citrus leaf with a healthy appearance. There are no visible signs of disease, such as black spots, canker, or greening. The leaf is a vibrant green color, which is typical for citrus leaves, and there are no discolorations or abnormalities that would indicate the presence of a disease. The confidence level is 1.0, as the absence of disease is clearly evident.",,1,0,0,0,,
95.pn.png,"Citrus,Canker",Citrus,Canker,llava:7b,Citrus,Black Spot,"The image shows a citrus leaf with numerous black spots scattered across its surface. These spots are characteristic of black spot disease, which is caused by the fungus Diplocarpon earlopii. The spots are typically round or irregular in shape and can vary in color from black to dark green. The presence of these spots indicates that the leaf is affected by black spot disease, which is a common issue for citrus crops.",1.0,1,0,0,0,,
36.pn.png,"Citrus,Healthy",Citrus,Healthy,llava:7b,Citrus,Healthy,"The image shows a single green leaf with a smooth surface and no visible signs of disease or damage. The leaf appears to be healthy and does not exhibit any of the typical symptoms associated with common citrus diseases such as black spot, canker, or greening. The confidence level is high that the leaf is healthy.",,1,1,1,0,,
9.png.png,"Citrus,Healthy",Citrus,Healthy,llava:7b,Citrus,Healthy,"The image shows a single leaf with a smooth surface and no visible signs of disease or damage. The leaf appears to be a healthy citrus leaf, with no discoloration, spots, or other indications of a disease such as black spot or canker. The green color and the absence of any abnormalities suggest that the leaf is in good condition. Confidence: 1.0",,1,1,1,0,,
17.pn.png,"Citrus,Healthy",Citrus,Healthy,llava:7b,Citrus,Healthy,"The image shows a single citrus leaf with a smooth surface and no visible signs of disease or damage. The leaf appears to be fresh and healthy, with no discoloration, spots, or other indications of a disease such as black spot or canker. The confidence level is high, as the absence of disease is clearly visible.",,1,1,1,0,,
25.pn.png,"Citrus,Healthy",Citrus,Healthy,llava:7b,Citrus,Healthy,"The image shows a citrus leaf with a healthy appearance, no visible signs of disease or damage. The leaf is green and has a normal structure with no discoloration or abnormal growth patterns that would indicate a disease such as black spot or canker. There is no evidence of greening or any other form of disease. The confidence level is 1.0.",,1,1,1,0,,
163.p.png,"Citrus,Canker",Citrus,Canker,llava:7b,Citrus,Healthy,"The image shows a citrus leaf with no visible signs of disease or damage. The leaf appears to be healthy with no discoloration, spots, or other indicators of a disease such as black spot or canker. The greening is consistent with normal leaf growth and development. The confidence level is 1.0 as there is no evidence of disease or damage in the image provided.",,1,0,0,0,,
g (131).png,"Citrus,Greening",Citrus,Greening,llava:7b,Citrus,Healthy,"The image shows a citrus leaf, which appears to be healthy without any visible signs of disease or damage. The leaf is a vibrant green color, and there are no discolorations, spots, or other abnormalities that would indicate the presence of a disease such as black spot, canker, or greening. The leaf's structure and coloration are consistent with a healthy citrus leaf, and there is no evidence of any disease or pest infestation. Confidence: 1.0",,1,0,0,0,,
g (96).png,"Citrus,Greening",Citrus,Greening,llava:7b,Citrus,Healthy,"The image shows a citrus leaf with a healthy appearance. There are no visible signs of disease such as black spots, canker, or greening. The leaf has a smooth surface with no discoloration or abnormal growth patterns. The confidence level is 1.0, as the leaf appears to be in good condition.",,1,0,0,0,,
g (52).png,"Citrus,Greening",Citrus,Greening,llava:7b,Citrus,Healthy,"The image shows a single leaf with a smooth surface and no visible signs of damage or disease. The leaf appears to be a healthy citrus leaf, with no discoloration, spots, or other indications of a disease or pest problem. The confidence level for this assessment is 1.0, as the absence of any visible signs of disease or damage is clear and unambiguous.",,1,0,0,0,,
g (12).png,"Citrus,Greening",Citrus,Greening,llava:7b,Citrus,Healthy,"The image shows a citrus leaf, which appears to be healthy. There are no visible signs of disease such as black spots, cankers, or greening. The leaf has a normal coloration and structure, with no discoloration or abnormal growth patterns. The confidence level is high, as there is no evidence of disease in the image.",,1,0,0,0,,
b (144).png,"Citrus,Black Spot",Citrus,Black Spot,llava:7b,Citrus,Black Spot,"The image shows a citrus leaf with multiple black spots, which are characteristic of black spot disease in citrus plants. These spots are typically caused by the fungus Diplocarpon earlopii and can lead to significant damage to the leaf and the overall health of the tree. The presence of these spots indicates that the leaf is affected by black spot disease.",1.0,1,1,1,0,,
g (88).png,"Citrus,Greening",Citrus,Greening,llava:7b,Citrus,Healthy,"The image shows a citrus leaf, which appears to be healthy. There are no visible signs of disease or damage, such as black spots, canker, or greening. The leaf is a typical shape for citrus leaves, with a serrated edge and a prominent central vein. The coloration is consistent, with no discoloration or abnormalities. The confidence level is 1.0, as the leaf is clearly healthy and there is no evidence of disease.",,1,0,0,0,,
51.pn.png,"Citrus,Healthy",Citrus,Healthy,llava:7b,Citrus,Healthy,"The image shows a single citrus leaf with a healthy appearance. There are no visible signs of disease or damage, such as black spots, canker, or greening. The leaf is a vibrant green color, which is typical for citrus leaves when they are healthy. The confidence level is 1.0, as the leaf appears to be in excellent condition.",,1,1,1,0,,
24.pn.png,"Citrus,Healthy",Citrus,Healthy,llava:7b,Citrus,Healthy,"The image shows a single citrus leaf with a healthy green color, indicating that it is not diseased. There are no visible signs of black spot, canker, or any other disease. The leaf appears to be in good condition, with no discoloration or damage that would suggest the presence of a disease. The confidence level is 1.0, as there is no evidence of disease in the image.",,1,1,1,0,,
13.pn.png,"Citrus,Canker",Citrus,Canker,llava:7b,Citrus,Black Spot,"The image shows a citrus leaf with several dark, round spots that are characteristic of black spot disease. These spots are typically caused by the fungus Diplocarpon earlopii and are a common issue in citrus crops. The spots are surrounded by a yellow halo, which is indicative of the fungus's presence. The leaf's overall condition, with some discoloration and spots, suggests that it has been affected by this disease. The confidence level for this identification is high, as the visual evidence is consistent with the symptoms of black spot disease in citrus plants.",,1,0,0,0,,
g (113).png,"Citrus,Greening",Citrus,Greening,llava:7b,Citrus,Healthy,"The image shows a single citrus leaf with a smooth surface and no visible signs of disease or damage. The leaf appears to be a healthy specimen with no discoloration, spots, or other indications of a disease such as black spot or canker. The green color of the leaf and the absence of any abnormalities suggest that the plant is in good health. Confidence: 1.0",,1,0,0,0,,
b (14).png,"Citrus,Black Spot",Citrus,Black Spot,llava:7b,Citrus,Healthy,"The image shows a citrus leaf with a healthy appearance. There are no visible signs of disease such as black spots, cankers, or greening. The leaf is a vibrant green color, which is typical for citrus leaves, and there are no discolorations or abnormalities that would indicate the presence of a disease. The confidence in this analysis is high, as the absence of disease symptoms is clearly visible.",,1,0,0,0,,
g (134).png,"Citrus,Greening",Citrus,Greening,llava:7b,Citrus,Healthy,"The image shows a single citrus leaf with no visible signs of disease or damage. The leaf appears to be in good condition, with no discoloration, spots, or other indicators of a disease such as black spot or canker. The greening is a natural process where a leaf transitions from a mature state to a senescent state, and it is not a disease. The leaf is attached to a stem, and the stem is not showing any signs of disease either. The confidence in this analysis is high, as there is no evidence of disease in the image provided.",,1,0,0,0,,
b (86).png,"Citrus,Black Spot",Citrus,Black Spot,llava:7b,Citrus,Healthy,"The image shows a citrus leaf with a healthy appearance. There are no visible signs of disease or damage, such as black spots, cankers, or discoloration. The leaf is a vibrant green color, which is typical for citrus leaves. The edges of the leaf are clean and well-defined, indicating that the plant is in good health. The confidence level is 1.0, as there is no evidence of disease or damage in the image.",,1,0,0,0,,
123.p.png,"Citrus,Canker",Citrus,Canker,llava:7b,Citrus,Black Spot,"The image shows a citrus leaf with several small, round, yellowish spots scattered across its surface. These spots are characteristic of black spot disease, which is a common fungal disease affecting citrus trees. The presence of these spots indicates that the leaf is affected by black spot disease. Confidence: 1.0",,1,0,0,0,,
54.pn.png,"Citrus,Canker",Citrus,Canker,llava:7b,Citrus,Black Spot,"The image shows a citrus leaf with multiple black spots. These spots are characteristic of black spot disease, which is a common fungal disease affecting citrus crops. The black spots are the result of fungal spores that infect the leaf tissue, leading to the formation of these spots. The presence of these spots indicates that the leaf is diseased.",1.0,1,0,0,0,,
b (226).png,"Citrus,Black Spot",Citrus,Black Spot,llava:7b,Citrus,Healthy,"The image shows a single leaf with a glossy surface and a few small, dark spots that could be considered natural variations in leaf coloration rather than signs of disease. The overall appearance of the leaf is consistent with healthy citrus leaves, and there are no visible signs of black spot, canker, or greening, which are common diseases in citrus crops. The confidence level is high, as the image does not show any indications of disease.",,1,0,0,0,,
23.pn.png,"Citrus,Healthy",Citrus,Healthy,llava:7b,Citrus,Healthy,"The image shows a single citrus leaf with a smooth surface and no visible signs of disease or damage. The leaf appears to be in good condition, with no discoloration, spots, or other indications of a disease such as black spot or canker. The greening is consistent, and the overall appearance of the leaf suggests it is healthy. Confidence: 1.0",,1,1,1,0,,
g (160).png,"Citrus,Greening",Citrus,Greening,llava:7b,Citrus,Healthy,"The image shows a citrus leaf, which appears to be healthy and free of any visible signs of disease or damage. The leaf is green and has a normal, slightly curled shape, with no discoloration or spots that are characteristic of common citrus diseases such as black spot or canker. The leaf's condition suggests it is from a healthy plant.",1.0,1,0,0,0,,
b (94).png,"Citrus,Black Spot",Citrus,Black Spot,llava:7b,Citrus,Healthy,"The image shows a citrus leaf, which appears to be healthy with no visible signs of disease or damage. The leaf is a vibrant green color, which is typical for citrus leaves, and it has a smooth surface without any spots, discoloration, or other indicators of disease. The confidence level is 1.0, as there is no evidence of disease or damage in the image provided.",,1,0,0,0,,
bl (6).png,"Citrus,Black Spot",Citrus,Black Spot,llava:7b,Citrus,Canker,"The image shows a citrus leaf with a significant amount of discoloration and tissue damage, which is indicative of canker disease. The affected areas appear to be necrotic, with a darkened, sunken appearance, which is characteristic of canker in citrus plants. The confidence level is high, as the visual evidence is clear and consistent with the symptoms of citrus canker.",,1,0,0,0,,
b (281).png,"Citrus,Black Spot",Citrus,Black Spot,llava:7b,Citrus,Black Spot,"The image shows a citrus leaf with several dark spots that are characteristic of black spot disease. These spots are typically caused by the fungus Diplocarpon earlopii and are a common issue in citrus crops. The spots are dark and irregular in shape, which is consistent with the appearance of black spot. The presence of these spots indicates that the leaf is diseased, and the disease is likely present in the rest of the tree.",1.0,1,1,1,0,,
7.png.png,"Citrus,Healthy",Citrus,Healthy,llava:7b,Citrus,Healthy,"The image shows a citrus leaf, which appears to be healthy with no visible signs of disease such as black spot, canker, or greening. The leaf is a vibrant green color, which is typical for citrus leaves, and there are no discolorations or abnormalities that would indicate a disease. The confidence level is 1.0.",,1,1,1,0,,
g (42).png,"Citrus,Greening",Citrus,Greening,llava:7b,Citrus,Healthy,"The image shows a single citrus leaf with a healthy green color and no visible signs of disease or damage. The leaf appears to be in good condition, with no discoloration, spots, or other indications of a disease such as black spot or canker. The confidence level is high, as there is no visual evidence of disease or damage in this leaf.",,1,0,0,0,,
156.p.png,"Citrus,Canker",Citrus,Canker,llava:7b,Citrus,Black Spot,"The image shows a citrus leaf with several dark, circular spots that are characteristic of black spot disease. These spots are typically caused by the fungus Diplocarpon mundum and are a common issue in citrus crops. The spots are surrounded by a yellow halo, which is indicative of the fungus's presence. The leaf's overall condition, with the spots and the yellow halos, suggests that the plant is affected by black spot disease.",1.0,1,0,0,0,,
59.pn.png,"Citrus,Canker",Citrus,Canker,llava:7b,Citrus,Black Spot,"The image shows a citrus leaf with multiple black spots, which are characteristic of black spot disease in citrus plants. The spots are irregularly shaped and appear to be necrotic, which is consistent with the symptoms of black spot disease. The confidence level is high, as the spots are clearly visible and the pattern of the spots is typical of black spot infection.",,1,0,0,0,,
64.pn.png,"Citrus,Canker",Citrus,Canker,llava:7b,Citrus,Black Spot,"The image shows a citrus leaf with several spots that are characteristic of black spot disease. These spots are typically dark and have a yellow halo around them, which is indicative of black spot infection. The leaf's condition suggests that it is affected by this fungal disease, which can cause significant damage to citrus trees if not managed properly.",1.0,1,0,0,0,,
97.pn.png,"Citrus,Canker",Citrus,Canker,llava:7b,Citrus,Black Spot,"The image shows a citrus leaf with numerous black spots scattered across its surface. These spots are characteristic of black spot disease, which is a common fungal disease affecting citrus trees. The spots are the result of fungal spores that infect the leaf tissue, causing the black discoloration. The presence of these spots indicates that the leaf is affected by black spot disease.",1.0,1,0,0,0,,
84.pn.png,"Citrus,Canker",Citrus,Canker,llava:7b,Citrus,Greening,"The image shows a leaf from a citrus plant, which is a common crop for fruits like oranges and lemons. The leaf exhibits a greening pattern, which is a symptom of greening disease. This disease is characterized by the greening of the leaf tissue, often accompanied by yellowing and spots, and can be caused by various factors such as nutrient deficiencies, water stress, or pests. The greening is a sign that the plant is trying to recover from stress or damage, and it may be a response to a nutrient deficiency or an attempt to photosynthesize in the absence of healthy leaf tissue. The confidence level is moderate, as the greening pattern can be a sign of recovery or stress, and without additional context or a closer examination of the leaf, it is difficult to definitively diagnose the cause of the greening.",,1,0,0,0,,
b (270).png,"Citrus,Black Spot",Citrus,Black Spot,llava:7b,Citrus,Healthy,"The image shows a single citrus leaf with a healthy appearance. There are no visible signs of disease, such as black spots, canker, or greening. The leaf has a normal coloration, with green veins and a yellowish-green surface. The edges of the leaf are slightly curled, which is common in citrus leaves, but there are no signs of discoloration or abnormal growth that would indicate a disease. Confidence: 1.0",,1,0,0,0,,
161.p.png,"Citrus,Canker",Citrus,Canker,llava:7b,Citrus,Healthy,"The image shows a single citrus leaf with a healthy appearance. There are no visible signs of disease or damage, such as black spots, canker, or greening. The leaf is a vibrant green color, which is typical for citrus leaves, and there are no visible discolorations or abnormalities. The confidence level is high, as the absence of disease or damage is clearly evident.",,1,0,0,0,,
b (162).png,"Citrus,Black Spot",Citrus,Black Spot,llava:7b,Citrus,Canker,"The image shows a citrus leaf with a distinct canker lesion. Canker is a common disease in citrus crops, characterized by dark, sunken areas on the surface of the leaf. The lesion in this leaf is dark brown and appears to be in the process of drying out, which is typical of canker. The surrounding leaf tissue appears healthy, but the presence of the canker lesion indicates that the tree is affected by this disease. The confidence level is high, as the lesion is clearly visible and typical of citrus canker.",,1,0,0,0,,
138.p.png,"Citrus,Canker",Citrus,Canker,llava:7b,Citrus,Black Spot,"The image shows a citrus leaf with a pattern of black spots, which is characteristic of black spot disease. The spots are irregularly shaped and have a dark, necrotic appearance, which is typical of the black spot fungus. The presence of these spots indicates that the leaf is affected by black spot disease.",1.0,1,0,0,0,,
45.pn.png,"Citrus,Healthy",Citrus,Healthy,llava:7b,Citrus,Healthy,"The image shows a single leaf with a smooth surface and no visible signs of disease or damage. The leaf appears to be a healthy citrus leaf, with no discoloration, spots, or other indications of a disease or pest problem. The confidence level is 1.0, as the leaf is clearly healthy and there is no evidence of disease or damage.",,1,1,1,0,,
143.p.png,"Citrus,Canker",Citrus,Canker,llava:7b,Citrus,Black Spot,"The image shows a leaf with a pattern of dark spots and a yellowish hue, which are characteristic symptoms of black spot disease in citrus plants. The spots are irregularly shaped and appear to be the result of fungal infection. The yellowing of the leaf is also indicative of stress or disease, which is often associated with black spot. The confidence in this identification is high, as the visual evidence is consistent with the known symptoms of black spot disease in citrus plants.",,1,0,0,0,,
g (204).png,"Citrus,Greening",Citrus,Greening,llava:7b,Citrus,Healthy,"The image shows a single citrus leaf with a smooth surface and no visible signs of disease or damage. The leaf appears to be in good condition, with no discoloration, spots, or other indications of a disease such as black spot or greening. The confidence level is 1.0, as there is no evidence of disease or damage in the image provided.",,1,0,0,0,,
40.pn.png,"Citrus,Healthy",Citrus,Healthy,llava:7b,Citrus,Healthy,"The image shows a single citrus leaf with a glossy surface and no visible signs of disease or damage. The leaf appears to be in good condition, with no discoloration, spots, or other indications of a disease such as black spot or canker. The greening is consistent, and there are no signs of abnormal growth or wilting. The confidence level is 1.0, as the leaf is clearly healthy and there is no evidence of disease or damage.",,1,1,1,0,,
28.pn.png,"Citrus,Healthy",Citrus,Healthy,llava:7b,Citrus,Healthy,"The image shows a single citrus leaf with a smooth surface and no visible signs of disease or damage. The leaf appears to be in good condition, with no discoloration, spots, or other indications of a disease such as black spot or canker. The greening is consistent, and there are no visible signs of stress or nutrient deficiency. Confidence: 1.0",,1,1,1,0,,
g (157).png,"Citrus,Greening",Citrus,Greening,llava:7b,Citrus,Healthy,"The image shows a citrus leaf with a healthy appearance. There are no visible signs of disease such as black spots, canker, or greening. The leaf is a vibrant green color, which is typical for citrus leaves. The edges of the leaf are slightly curled, which is common for citrus leaves, but there are no signs of discoloration or damage that would indicate a disease. The confidence level is high that the leaf is healthy.",,1,0,0,0,,
g (125).png,"Citrus,Greening",Citrus,Greening,llava:7b,Citrus,Healthy,"The image shows a citrus leaf with a healthy appearance. There are no visible signs of disease such as black spots, canker, or greening. The leaf is a vibrant green color, which is typical for citrus leaves. The edges of the leaf are slightly curled, which is common in citrus leaves, but there are no signs of discoloration or abnormal growth that would indicate a disease. The confidence level is 1.0, as the leaf appears to be in excellent health.",,1,0,0,0,,
g (11).png,"Citrus,Greening",Citrus,Greening,llava:7b,Citrus,Healthy,"The image shows a single citrus leaf with a smooth surface and no visible signs of disease or damage. The leaf appears to be a healthy, fresh specimen, with no discoloration, spots, or other indications of a disease such as black spot or canker. The greening is consistent and there are no abnormalities in the leaf's structure or coloration. Confidence: 1.0",,1,0,0,0,,
g (15).png,"Citrus,Greening",Citrus,Greening,llava:7b,Citrus,Healthy,"The image shows a citrus leaf that appears to be healthy. There are no visible signs of disease such as black spots, cankers, or greening. The leaf has a typical citrus leaf shape with a smooth surface and a few small, natural imperfections. The coloration is consistent with a healthy citrus leaf, and there are no discolorations or abnormal growth patterns that would indicate a disease or pest issue. Confidence: 1.0",,1,0,0,0,,
g (63).png,"Citrus,Greening",Citrus,Greening,llava:7b,Citrus,Healthy,"The image shows a citrus leaf, which appears to be healthy with no visible signs of disease or damage. The leaf is a vibrant green color, which is typical for citrus leaves, and there are no discolorations, spots, or other abnormalities that would indicate the presence of a disease. The confidence level is 1.0 because the leaf is clearly healthy and there is no evidence of any disease or issue.",,1,0,0,0,,
49.pn.png,"Citrus,Healthy",Citrus,Healthy,llava:7b,Citrus,Healthy,"The image shows a single leaf with a smooth surface and no visible signs of disease or damage. The leaf appears to be a healthy citrus leaf, with no black spots, cankers, or other visible symptoms of disease. The coloration is consistent, and there are no discolorations or abnormalities that would indicate a health issue. The confidence level is 1.0, as the leaf is clearly healthy and there is no evidence of disease or damage.",,1,1,1,0,,
6.png.png,"Citrus,Healthy",Citrus,Healthy,llava:7b,Citrus,Healthy,"The image shows a citrus leaf with no visible signs of disease or damage. The leaf appears to be healthy with a vibrant green color, and there are no spots, discolorations, or other indicators of disease. The confidence level for this analysis is 1.0, as the leaf is clearly healthy and there is no evidence of any disease or issue present.",,1,1,1,0,,
114.p.png,"Citrus,Canker",Citrus,Canker,llava:7b,Citrus,Black Spot,"The image shows a leaf with a pattern of black spots, which is characteristic of black spot disease in citrus plants. The spots are irregularly shaped and appear to be necrotic, which is consistent with the symptoms of black spot. The confidence level is high, as the pattern and coloration of the spots are typical of this disease.",,1,0,0,0,,
1.png.png,"Citrus,Healthy",Citrus,Healthy,llava:7b,Citrus,Healthy,"The image shows two leaves from a citrus plant, which appear to be healthy. There are no visible signs of disease or damage, such as black spots, canker, or greening. The leaves are a healthy green color, and there are no visible symptoms of any known citrus diseases. Confidence: 1.0",,1,1,1,0,,
147.p.png,"Citrus,Canker",Citrus,Canker,llava:7b,Citrus,Black Spot,"The image shows a leaf with multiple black spots, which are characteristic of black spot disease in citrus plants. The spots are irregular in shape and are surrounded by a yellow halo, which is typical of black spot infection. The presence of these spots indicates that the leaf is affected by the black spot disease. Confidence: 1.0",,1,0,0,0,,
53.pn.png,"Citrus,Canker",Citrus,Canker,llava:7b,Citrus,Black Spot,"The image shows a leaf with a pattern of dark spots, which is characteristic of black spot disease in citrus plants. The spots are irregularly shaped and have a dark center with a lighter halo, which is typical of black spot. The leaf also shows some yellowing, which could be a symptom of the disease or a sign of nutrient deficiency. The presence of these spots and the yellowing suggest that the leaf is affected by black spot disease.",0.9,1,0,0,0,,
27.pn.png,"Citrus,Canker",Citrus,Canker,llava:7b,Citrus,Black Spot,"The image shows a leaf with a pattern of black spots, which is characteristic of black spot disease in citrus plants. The spots are irregularly shaped and appear to be necrotic, which is consistent with the symptoms of black spot. The confidence level is high, as the pattern and coloration of the spots are clear indicators of this disease.",,1,0,0,0,,
44.pn.png,"Citrus,Canker",Citrus,Canker,llava:7b,Citrus,Black Spot,"The image shows a citrus leaf with numerous small black spots scattered across its surface. These spots are characteristic of black spot disease, which is a common fungal disease affecting citrus trees. The spots are typically found on the underside of the leaves and can lead to defoliation and reduced fruit production. The presence of these spots indicates that the leaf is affected by black spot disease.",1.0,1,0,0,0,,
78.jpg,"Citrus,Black Spot",Citrus,Black Spot,llava:7b,Citrus,Black Spot,"The image shows a leaf with a pattern of dark spots, which is characteristic of black spot disease in citrus plants. The spots are irregularly shaped and have a dark center, which is consistent with the symptoms of black spot. The confidence level is high, as the visual evidence clearly indicates the presence of black spot disease on this leaf.",,1,1,1,0,,
g (178).png,"Citrus,Greening",Citrus,Greening,llava:7b,Citrus,Healthy,"The image shows a single leaf with a healthy appearance, no visible signs of disease such as black spots, canker, or greening. The leaf is a vibrant green color, which is typical for citrus leaves, and there are no discolorations or abnormalities that would indicate a disease. The confidence level is 1.0, as the leaf appears to be in excellent condition.",,1,0,0,0,,
g (156).png,"Citrus,Greening",Citrus,Greening,llava:7b,Citrus,Healthy,The image shows a single leaf with a smooth surface and no visible signs of disease or damage. The leaf appears to be healthy with a natural green color and no discoloration or spots that are characteristic of common citrus diseases such as black spot or canker. The confidence level is 1.0 as there is no evidence of disease or damage in the image provided.,,1,0,0,0,,
19.pn.png,"Citrus,Canker",Citrus,Canker,llava:7b,Citrus,Black Spot,"The image shows a citrus leaf with multiple black spots, which are characteristic of black spot disease. These spots are caused by the fungus Diplocarpon earlopii and are a common issue in citrus crops. The spots are typically round or irregularly shaped and can be found on both the upper and lower surfaces of the leaf. The presence of these spots indicates that the leaf is affected by black spot disease, which can lead to reduced fruit quality and yield.",1.0,1,0,0,0,,
14.pn.png,"Citrus,Healthy",Citrus,Healthy,llava:7b,Citrus,Healthy,"The image shows a single leaf with a smooth surface and no visible signs of disease or damage. The leaf appears to be a healthy citrus leaf, with no discoloration, spots, or other indications of disease or pests. The confidence level is 1.0, as the leaf is clearly healthy and there is no evidence of disease or damage.",,1,1,1,0,,
g (73).png,"Citrus,Greening",Citrus,Greening,llava:7b,Citrus,Healthy,"The image shows a single citrus leaf with no visible signs of disease or damage. The leaf appears to be a healthy green color, which is typical for citrus leaves. There are no spots, discolorations, or other indications of disease or pests. The leaf's structure and coloration are consistent with what one would expect from a healthy citrus plant. Confidence: 1.0",,1,0,0,0,,
22.pn.png,"Citrus,Healthy",Citrus,Healthy,llava:7b,Citrus,Healthy,"The image shows a single leaf with a smooth surface and no visible signs of disease or damage. The leaf appears to be a healthy citrus leaf, with no discoloration, spots, or other indications of disease. The confidence level for this assessment is 1.0, as there is no evidence of disease in the image provided.",,1,1,1,0,,
g (37).png,"Citrus,Greening",Citrus,Greening,llava:7b,Citrus,Healthy,"The image shows a citrus leaf, which appears to be healthy. There are no visible signs of disease, such as black spots, canker, or greening. The leaf has a normal coloration and structure, indicating that it is not affected by any known citrus diseases. Confidence: 1.0",,1,0,0,0,,
121.p.png,"Citrus,Canker",Citrus,Canker,llava:7b,Citrus,Black Spot,"The image shows a leaf with a pattern of black spots, which is characteristic of black spot disease in citrus plants. The spots are irregularly shaped and appear to be the result of fungal infection. The leaf is not fully expanded, which is typical for young citrus leaves. The presence of these spots and the fact that the leaf is not fully expanded suggest that this is a diseased citrus leaf.",0.9,1,0,0,0,,
29.pn.png,"Citrus,Healthy",Citrus,Healthy,llava:7b,Citrus,Healthy,"The image shows a leaf that appears to be from a citrus plant, likely an orange or lemon tree, based on the shape and structure of the leaf. The leaf is green with a healthy appearance, and there are no visible signs of disease or damage. The edges of the leaf are smooth, and the veins are clearly visible, which is typical of citrus leaves. The confidence level is 1.0, as the leaf is clearly healthy and there is no evidence of any disease or damage.",,1,1,1,0,,
b (176).png,"Citrus,Black Spot",Citrus,Black Spot,llava:7b,Citrus,Black Spot,"The image shows a citrus leaf with several dark spots that are characteristic of black spot disease. The spots are irregularly shaped, and the leaf appears to be discolored with some areas turning yellow. The leaf's condition suggests that it has been affected by black spot, which is a common fungal disease in citrus crops. The confidence level is high, as the visual evidence is clear and consistent with the symptoms of black spot disease.",,1,1,1,0,,
g (188).png,"Citrus,Greening",Citrus,Greening,llava:7b,Citrus,Healthy,"The image shows a citrus leaf with a healthy appearance. There are no visible signs of disease such as black spots, canker, or greening. The leaf is a vibrant green color, and the edges are crisp and well-defined, indicating that the plant is healthy and not affected by any known citrus diseases. Confidence: 1.0",,1,0,0,0,,
b (169).png,"Citrus,Black Spot",Citrus,Black Spot,llava:7b,Citrus,Black Spot,"The image shows a leaf with a pattern of dark spots and yellowing, which is characteristic of black spot disease in citrus crops. The spots are typically black or dark brown and are surrounded by a yellow halo. This pattern is indicative of the fungal pathogen Diplocarpon earlopii, which causes black spot disease. The presence of these spots and the yellowing around them suggest that this leaf is affected by black spot disease.",,1,1,1,0,,
b (196).png,"Citrus,Black Spot",Citrus,Black Spot,llava:7b,Citrus,Canker,"The image shows a leaf with a distinct canker, which is a type of disease that causes the tissue to become rotten or decayed. The canker is visible as a dark, sunken area on the leaf, which is characteristic of canker diseases in citrus plants. The surrounding tissue appears healthy, but the presence of the canker indicates that the plant is affected by this disease.",0.9,1,0,0,0,,
86.pn.png,"Citrus,Canker",Citrus,Canker,llava:7b,Citrus,Black Spot,"The image shows a citrus leaf with multiple black spots, which are characteristic of black spot disease. These spots are caused by the fungus Diplocarpon earlopii and are a common issue in citrus crops. The spots are surrounded by a yellow halo, which is typical of black spot infection. The presence of these spots indicates that the leaf is affected by black spot disease, and the overall health of the plant may be compromised.",1.0,1,0,0,0,,
b (180).png,"Citrus,Black Spot",Citrus,Black Spot,llava:7b,Citrus,Healthy,"The image shows a citrus leaf that appears to be healthy. There are no visible signs of disease such as black spots, canker, or greening. The leaf has a normal coloration and structure, which suggests it is not affected by any significant pathogen or nutrient deficiency. The confidence level is high, as the absence of disease symptoms is clearly evident.",,1,0,0,0,,
b (205).png,"Citrus,Black Spot",Citrus,Black Spot,llava:7b,Citrus,Healthy,"The image shows a single citrus leaf, which appears to be healthy with no visible signs of disease or damage. The leaf has a typical citrus shape with a glossy surface and a few small, dark spots that could be natural variations in color or possibly small insect bites. The overall appearance of the leaf is consistent with healthy citrus foliage. Confidence: 1.0",,1,0,0,0,,
151.p.png,"Citrus,Canker",Citrus,Canker,llava:7b,Citrus,Black Spot,"The image shows a citrus leaf with multiple black spots, which are characteristic of black spot disease. These spots are caused by the fungus Diplocarpon earlopii and are a common issue in citrus crops. The spots are surrounded by a yellow halo, which is typical for black spot infections. The presence of these spots indicates that the leaf is diseased.",1.0,1,0,0,0,,
19.pn.png,"Citrus,Healthy",Citrus,Healthy,llava:7b,Citrus,Healthy,"The image shows a single leaf with a healthy green color and no visible signs of disease or damage. The leaf appears to be a citrus leaf, possibly from an orange or lemon tree, given the shape and structure of the leaf. There are no indications of black spot, canker, greening, or any other disease or issue that would affect the health of the leaf. The confidence level is 1.0, as the image clearly shows a healthy citrus leaf.",,1,1,1,0,,
53.pn.png,"Citrus,Healthy",Citrus,Healthy,llava:7b,Citrus,Healthy,"The image shows a citrus leaf that appears to be healthy. There are no visible signs of disease or damage, such as black spots, cankers, or greening. The leaf is a typical shape and color for citrus leaves, with a smooth surface and no discoloration or abnormal growth patterns. The confidence level is high, as there is no evidence of disease or damage in the image.",,1,1,1,0,,
g (32).png,"Citrus,Greening",Citrus,Greening,llava:7b,Citrus,Healthy,"The image shows a single citrus leaf with a smooth surface and no visible signs of disease or damage. The leaf appears to be in good condition, with no discoloration, spots, or other indications of a disease such as black spot or canker. The greening is also not present, suggesting that the leaf is healthy. Confidence: 1.0",,1,0,0,0,,
b (139).png,"Citrus,Black Spot",Citrus,Black Spot,llava:7b,Citrus,Black Spot,"The image shows a citrus leaf with a pattern of black spots on its surface. These spots are characteristic of black spot disease, which is a common fungal disease affecting citrus trees. The spots are typically round or oval and can be found on both the upper and lower surfaces of the leaf. The presence of these spots indicates that the leaf is diseased.",1.0,1,1,1,0,,
57.pn.png,"Citrus,Healthy",Citrus,Healthy,llava:7b,Citrus,Healthy,"The image shows a citrus leaf, which appears to be healthy with no visible signs of disease or damage. The leaf is a vibrant green color, which is typical for citrus leaves, and there are no discolorations, spots, or other abnormalities that would indicate the presence of a disease such as black spot or canker. The leaf's structure and coloration are consistent with a healthy citrus leaf, suggesting that the plant is in good condition. Confidence: 1.0",,1,1,1,0,,
30.pn.png,"Citrus,Healthy",Citrus,Healthy,llava:7b,Citrus,Healthy,"The image shows a single citrus leaf with a smooth surface and no visible signs of disease or damage. The leaf appears to be in good condition, with no discoloration, spots, or other indicators of a disease like black spot or canker. The greening is uniform, and there are no signs of chlorosis or nutrient deficiency. The confidence level is 1.0, as the leaf is clearly healthy and there is no evidence of disease.",,1,1,1,0,,
b (282).png,"Citrus,Black Spot",Citrus,Black Spot,llava:7b,Citrus,Healthy,"The image shows a citrus leaf with no visible signs of disease or damage. The leaf appears to be healthy with a normal coloration and no discoloration or spots that are characteristic of common citrus diseases such as black spot or canker. The leaf's edges are crisp and the veins are clear, indicating that the plant is in good health. The confidence level is high, as the absence of disease is evident from the image.",,1,0,0,0,,
b (181).png,"Citrus,Black Spot",Citrus,Black Spot,llava:7b,Citrus,Canker,"The image shows a citrus leaf with a distinct canker lesion. The lesion appears as a dark, sunken area with a yellowish halo around the edges, which is characteristic of citrus canker. This disease is caused by the bacterium Xylella fastidiosa and is a common problem in citrus groves. The canker can lead to the death of the leaf and, if left untreated, can spread to other parts of the tree, affecting the overall health of the plant.",1.0,1,0,0,0,,
b (243).png,"Citrus,Black Spot",Citrus,Black Spot,llava:7b,Citrus,Healthy,"The image shows a single leaf with a healthy green color and no visible signs of disease or damage. The leaf appears to be a citrus leaf, possibly from an orange or lemon tree, based on the shape and structure. The coloration and the absence of any discoloration, spots, or lesions suggest that the leaf is healthy and not affected by any of the common citrus diseases such as black spot or canker. The confidence level is high, as the visual evidence clearly indicates a healthy leaf.",,1,0,0,0,,
bl (3).png,"Citrus,Black Spot",Citrus,Black Spot,llava:7b,Citrus,Healthy,"The image shows a citrus leaf, which appears to be healthy with no visible signs of disease or damage. The leaf is green with a few small spots, which could be natural variations in leaf color or possibly early stages of a disease. However, without more context or a closer examination, it is not possible to definitively identify a specific disease or issue. The confidence level is low due to the limited information available from the image alone.",,1,0,0,0,,
g (89).png,"Citrus,Greening",Citrus,Greening,llava:7b,Citrus,Healthy,"The image shows a single leaf with a smooth surface and no visible signs of disease or damage. The leaf appears to be a healthy citrus leaf, with no discoloration, spots, or other indications of disease or stress. The confidence level is 1.0, as the leaf is clearly healthy and there is no evidence of any disease or issue present.",,1,0,0,0,,
b (85).png,"Citrus,Black Spot",Citrus,Black Spot,llava:7b,Citrus,Black Spot,"The image shows a leaf with a pattern of black spots, which is characteristic of black spot disease in citrus plants. The spots are irregularly shaped and appear to be concentrated on the upper surface of the leaf. The leaf itself is yellowing, which is a common symptom of black spot infection. The black spots are surrounded by yellow halos, which are indicative of the fungal infection caused by the black spot pathogen. The overall appearance of the leaf suggests that it is affected by black spot disease, and the plant is likely experiencing stress due to the infection.",0.9,1,1,1,0,,
b (189).png,"Citrus,Black Spot",Citrus,Black Spot,llava:7b,Citrus,Healthy,"The image shows a citrus leaf, which appears to be healthy with no visible signs of disease such as black spot, canker, or greening. The leaf is a vibrant green color, and there are no discolorations or abnormalities that would indicate the presence of a disease. The confidence level is 1.0, as the leaf is clearly healthy and there is no evidence of disease.",,1,0,0,0,,
g (5).png,"Citrus,Greening",Citrus,Greening,llava:7b,Citrus,Healthy,"The image shows a single citrus leaf with a healthy appearance. There are no visible signs of disease or damage, such as black spots, canker, or greening. The leaf is a vibrant green color, which is typical for citrus leaves when they are healthy. The confidence level is 1.0, as there is no evidence of disease or damage in the image.",,1,0,0,0,,
b (242).png,"Citrus,Black Spot",Citrus,Black Spot,llava:7b,Citrus,Black Spot,"The image shows a citrus leaf with several dark, irregular spots that are characteristic of black spot disease. These spots are typically caused by the fungus Diplocarpon earlopii and are a common issue in citrus crops. The presence of these spots indicates that the leaf is affected by black spot disease, which can lead to the decline of the tree and the production of fruit.",1.0,1,1,1,0,,
15.pn.png,"Citrus,Healthy",Citrus,Healthy,llava:7b,Citrus,Healthy,"The image shows a single leaf with a smooth surface and no visible signs of disease or damage. The leaf appears to be a healthy citrus leaf, with no discoloration, spots, or other indicators of disease. The confidence level is 1.0, as there is no evidence of disease or damage in the image.",,1,1,1,0,,
g (2).png,"Citrus,Greening",Citrus,Greening,llava:7b,Citrus,Healthy,"The leaf in the image appears to be a healthy citrus leaf, with no visible signs of disease or damage. The coloration is consistent with typical citrus leaf characteristics, and there are no discolorations, spots, or other abnormalities that would indicate the presence of a disease or pest issue. The confidence level is high that this leaf is healthy.",,1,0,0,0,,
24.pn.png,"Citrus,Canker",Citrus,Canker,llava:7b,Citrus,Black Spot,"The image shows a leaf with a pattern of dark spots that are characteristic of black spot disease in citrus plants. The spots are irregularly shaped and have a dark, necrotic appearance. The surrounding tissue appears healthy, which is typical for black spot infections. The confidence level is high, as the visual evidence of the dark spots and their distribution on the leaf is consistent with black spot disease.",,1,0,0,0,,
85.pn.png,"Citrus,Canker",Citrus,Canker,llava:7b,Citrus,Healthy,"The image shows a citrus leaf with a healthy appearance. There are no visible signs of disease such as black spots, canker, or greening. The leaf is a vibrant green color, which is typical for citrus leaves, and there are no discolorations or abnormalities that would indicate a disease. The confidence level is 1.0.",,1,0,0,0,,
g (197).png,"Citrus,Greening",Citrus,Greening,llava:7b,Citrus,Healthy,"The image shows a single leaf with a smooth, glossy surface and a distinct vein pattern, which is characteristic of citrus leaves. There are no visible signs of disease or damage, such as discoloration, spots, or lesions. The leaf appears to be in good condition, suggesting that it is healthy.",1.0,1,0,0,0,,
b (145).png,"Citrus,Black Spot",Citrus,Black Spot,llava:7b,Citrus,Healthy,"The image shows a citrus leaf, which appears to be healthy with no visible signs of disease or damage. The leaf has a typical citrus shape with a glossy surface and a well-defined structure. The coloration is consistent, with no discoloration or spots that are characteristic of common citrus diseases such as black spot or canker. The leaf's condition suggests it is from a healthy plant.",1.0,1,0,0,0,,
20.pn.png,"Citrus,Healthy",Citrus,Healthy,llava:7b,Citrus,Healthy,"The image shows a leaf that appears to be from a citrus plant, likely an orange or lemon tree. The leaf is green and does not show any signs of disease or damage. There are no visible spots, discolorations, or other indicators of a disease such as black spot or canker. The leaf's condition suggests it is healthy, and the confidence level is 1.0.",,1,1,1,0,,
b (259).png,"Citrus,Black Spot",Citrus,Black Spot,llava:7b,Citrus,Healthy,"The image shows a citrus leaf with a healthy appearance. There are no visible signs of disease such as black spots, canker, or greening. The leaf is a vibrant green color, which is typical for citrus leaves. The edges of the leaf are slightly curled, which is a common characteristic of citrus leaves. The overall condition of the leaf suggests that it is healthy and not affected by any known citrus diseases. Confidence: 1.0",,1,0,0,0,,
g (79).png,"Citrus,Greening",Citrus,Greening,llava:7b,Citrus,Healthy,"The image shows a single leaf with a typical citrus leaf shape, which is characteristic of citrus plants. The leaf appears to be healthy with no visible signs of disease or damage. The coloration is consistent with a healthy citrus leaf, and there are no discolorations or spots that would indicate the presence of a disease such as black spot or canker. The greening and overall appearance of the leaf suggest that it is in good condition. Confidence: 1.0",,1,0,0,0,,
g (76).png,"Citrus,Greening",Citrus,Greening,llava:7b,Citrus,Healthy,"The image shows a single citrus leaf with no visible signs of disease or damage. The leaf appears to be in good condition with no discoloration, spots, or other indicators of disease. The coloration and texture of the leaf are consistent with healthy citrus leaves. Confidence: 1.0",,1,0,0,0,,
46.pn.png,"Citrus,Healthy",Citrus,Healthy,llava:7b,Citrus,Healthy,"The image shows a citrus leaf, which appears to be healthy. There are no visible signs of disease or damage, such as black spots, canker, or greening. The leaf is a vibrant green color, which is typical for citrus leaves, and there are no discolorations or abnormalities that would indicate a disease or pest issue.",1.0,1,1,1,0,,
b (191).png,"Citrus,Black Spot",Citrus,Black Spot,llava:7b,Citrus,Healthy,"The leaf in the image appears to be a citrus leaf, likely from an orange or lemon tree. There are no visible signs of disease or damage, such as black spots, discoloration, or abnormal growth patterns. The leaf is a healthy green color, indicative of a well-maintained plant. The confidence level is 1.0, as there is no evidence of disease or damage present in the image.",,1,0,0,0,,
71.pn.png,"Citrus,Canker",Citrus,Canker,llava:7b,Citrus,Black Spot,"The image shows a citrus leaf with several dark, circular spots that are characteristic of black spot disease. These spots are typically caused by the fungus Diplocarpon earlopii and are indicative of a fungal infection. The presence of these spots, along with the yellowing and discoloration of the leaf, suggests that the leaf is affected by black spot disease.",1.0,1,0,0,0,,
b (161).png,"Citrus,Black Spot",Citrus,Black Spot,llava:7b,Citrus,Healthy,"The image shows a citrus leaf with a healthy appearance. There are no visible signs of disease such as black spots, canker, or greening. The leaf has a normal coloration and structure, which indicates that it is healthy. The confidence level is 1.0, as there is no evidence of disease in the image.",,1,0,0,0,,
g (187).png,"Citrus,Greening",Citrus,Greening,llava:7b,Citrus,Healthy,"The image shows a single citrus leaf with a smooth surface and no visible signs of disease or damage. The leaf appears to be in good condition, with no discoloration, spots, or other indications of a disease or pest issue. The confidence level is 1.0, as the leaf is clearly healthy.",,1,0,0,0,,
b (95).png,"Citrus,Black Spot",Citrus,Black Spot,llava:7b,Citrus,Healthy,"The image shows a citrus leaf with no visible signs of disease or damage. The leaf appears to be a healthy green color with no spots, discoloration, or other indicators of disease. The edges of the leaf are clean and there are no visible signs of canker or other issues. The confidence level is 1.0 as the leaf is clearly healthy and there is no evidence of disease.",,1,0,0,0,,
g (182).png,"Citrus,Greening",Citrus,Greening,llava:7b,Citrus,Greening,"The image shows a citrus leaf with a significant amount of greening, which is a common symptom of citrus greening disease. This disease is caused by a bacterium and is characterized by the greening of the leaf tissue, which can lead to the yellowing and eventual death of the leaf. The presence of greening indicates that the leaf is affected by this disease, and the overall health of the plant may be compromised. Confidence: 1.0",,1,1,1,0,,
b (251).png,"Citrus,Black Spot",Citrus,Black Spot,llava:7b,Citrus,Healthy,"The image shows a citrus leaf, which appears to be healthy without any visible signs of disease or damage. The leaf has a typical citrus shape with a glossy surface and a few small, dark spots that could be natural variations or minor insect damage. There are no signs of black spot, canker, or greening, which are common diseases affecting citrus crops. The leaf's condition suggests it is from a healthy plant. Confidence: 1.0",,1,0,0,0,,
4.png.png,"Citrus,Canker",Citrus,Canker,llava:7b,Citrus,Healthy,"The image shows a citrus leaf with a few small, yellowish spots that could be interpreted as spots of a disease. However, upon closer examination, these spots appear to be natural variations in the leaf's surface, such as small bumps or growth anomalies, rather than signs of a specific disease. The leaf itself looks healthy with a glossy surface and no significant discoloration or damage. The confidence level is low, as the spots could be mistaken for signs of a disease, but without more context or a closer examination, it is not possible to definitively conclude the presence of a disease.",,1,0,0,0,,
b (222).png,"Citrus,Black Spot",Citrus,Black Spot,llava:7b,Citrus,Healthy,"The image shows a citrus leaf with a healthy appearance. There are no visible signs of disease such as black spots, canker, or greening. The leaf is a vibrant green color, which is typical for citrus leaves, and there are no discolorations or abnormalities that would indicate a disease. The confidence level is 1.0, as the leaf appears to be in excellent condition.",,1,0,0,0,,
44.pn.png,"Citrus,Healthy",Citrus,Healthy,llava:7b,Citrus,Healthy,"The image shows a single citrus leaf with a smooth surface and no visible signs of disease or damage. The leaf appears to be in good condition, with no discoloration, spots, or other indicators of a disease such as black spot or canker. The greening is a natural process of leaf development and is not indicative of disease. The confidence level is 1.0, as there is no evidence of disease in this image.",,1,1,1,0,,
b (277).png,"Citrus,Black Spot",Citrus,Black Spot,llava:7b,Citrus,Black Spot,"The image shows a citrus leaf with several black spots scattered across its surface. These spots are characteristic of black spot disease, which is caused by the fungus Diplocarpon earlopii. The black spots are the fruiting bodies of the fungus, and their presence indicates that the leaf is affected by black spot disease. The confidence level is high, as the black spots are clearly visible and typical of black spot infection in citrus plants.",,1,1,1,0,,
g (1).png,"Citrus,Greening",Citrus,Greening,llava:7b,Citrus,Healthy,"The image shows a single citrus leaf, which appears to be healthy with no visible signs of disease or damage. The leaf is green with a smooth surface and no discoloration or spots that are characteristic of common citrus diseases such as black spot or canker. The leaf's condition suggests it is from a healthy plant, and there is no indication of any disease or pest issue present in this image. Confidence: 1.0",,1,0,0,0,,
75.pn.png,"Citrus,Canker",Citrus,Canker,llava:7b,Citrus,Black Spot,"The image shows a leaf with a pattern of dark spots, which is characteristic of black spot disease in citrus plants. The spots are irregularly shaped and appear to be concentrated on the upper surface of the leaf. The presence of these spots indicates that the leaf is affected by black spot disease, which is a common fungal disease in citrus crops. The confidence level is high, as the visual evidence of the spots is clear and consistent with the symptoms of black spot disease.",,1,0,0,0,,
37.pn.png,"Citrus,Healthy",Citrus,Healthy,llava:7b,Citrus,Healthy,"The image shows a single citrus leaf with a smooth surface and no visible signs of disease or damage. The leaf appears to be in good condition with no discoloration, spots, or other indications of a disease such as black spot or canker. The greening is uniform, and there are no signs of chlorosis or other abnormalities. Based on this visual evidence, the confidence in the assessment of the leaf's health is high.",,1,1,1,0,,
b (69).png,"Citrus,Black Spot",Citrus,Black Spot,llava:7b,Citrus,Healthy,The image shows a citrus leaf with no visible signs of disease or damage. The leaf appears to be a healthy green color with no discoloration or spots that are characteristic of common citrus diseases like black spot or greening. The leaf's structure and coloration are consistent with a healthy citrus leaf. Confidence: 1.0,,1,0,0,0,,
42.pn.png,"Citrus,Healthy",Citrus,Healthy,llava:7b,Citrus,Healthy,"The image shows a single leaf with a smooth, glossy surface and a distinct, serrated edge, which is characteristic of citrus leaves. There are no visible signs of disease or damage, such as discoloration, spots, or lesions. The leaf appears to be in good condition, with no visible symptoms of black spot, canker, or greening. Confidence: 1.0",,1,1,1,0,,
33.pn.png,"Citrus,Healthy",Citrus,Healthy,llava:7b,Citrus,Healthy,"The image shows a single citrus leaf with a glossy surface and a healthy green color. There are no visible signs of disease or damage, such as black spots, yellowing, or discoloration. The leaf appears to be in good condition, which suggests that it is from a healthy plant.",,1,1,1,0,,
g (39).png,"Citrus,Greening",Citrus,Greening,llava:7b,Citrus,Healthy,"The image shows a single citrus leaf with a healthy appearance. There are no visible signs of disease such as black spots, canker, or greening. The leaf is a vibrant green color, which is typical for citrus leaves, and there are no discolorations or abnormalities that would indicate a disease. The confidence level is 1.0, as the leaf appears to be in excellent health.",,1,0,0,0,,
g (130).png,"Citrus,Greening",Citrus,Greening,llava:7b,Citrus,Healthy,"The image shows a citrus leaf with a healthy appearance. There are no visible signs of disease such as black spots, canker, or greening. The leaf has a normal coloration, with green veins and a yellowish-green surface, which is typical for citrus leaves. The edges of the leaf are slightly curled, which is common in citrus plants. The overall condition of the leaf suggests that it is healthy and not affected by any of the diseases listed. Confidence: 1.0",,1,0,0,0,,
5.png.png,"Citrus,Healthy",Citrus,Healthy,llava:7b,Citrus,Healthy,"The image shows a citrus leaf with a healthy appearance. There are no visible signs of disease or damage, such as discoloration, spots, or lesions that are characteristic of black spot, canker, or greening diseases. The leaf's structure and coloration are consistent with a healthy citrus leaf. Confidence: 1.0",,1,1,1,0,,
g (30).png,"Citrus,Greening",Citrus,Greening,llava:7b,Citrus,Healthy,"The image shows a citrus leaf that appears to be in good condition with no visible signs of disease or damage. The leaf is a healthy green color, and there are no discolorations, spots, or other indications of disease or pests. The confidence level is 1.0 as there is no evidence of disease or damage in the image.",,1,0,0,0,,
b (197).png,"Citrus,Black Spot",Citrus,Black Spot,llava:7b,Citrus,Healthy,"The image shows a single leaf that appears to be a citrus leaf, possibly from an orange or lemon tree. The leaf is green with a few yellow spots, which could be indicative of a nutrient deficiency or a natural aging process. However, there are no visible signs of black spot, canker, or greening, which are common diseases in citrus crops. The leaf's condition seems to be within the normal range for a healthy citrus leaf. Confidence: 1.0",,1,0,0,0,,
10.pn.png,"Citrus,Healthy",Citrus,Healthy,llava:7b,Citrus,Healthy,"The image shows a citrus leaf with a smooth surface and no visible signs of disease or damage. The leaf appears to be in good condition, with no discoloration, spots, or lesions that are characteristic of common citrus diseases such as black spot or canker. The greening and overall health of the leaf suggest that it is from a healthy plant. Confidence: 1.0",,1,1,1,0,,
b (91).png,"Citrus,Black Spot",Citrus,Black Spot,llava:7b,Citrus,Black Spot,"The image shows a leaf with a pattern of dark, irregular spots that are characteristic of black spot disease in citrus plants. The spots are surrounded by a yellow halo, which is typical of the black spot fungus. The leaf appears to be affected by this disease, as evidenced by the presence of these spots and the yellowing around them. The confidence level is high, as the visual evidence is clear and consistent with known symptoms of black spot disease in citrus plants.",,1,1,1,0,,
g (22).png,"Citrus,Greening",Citrus,Greening,llava:7b,Citrus,Healthy,"The image shows a single citrus leaf that appears to be healthy with no visible signs of disease or damage. The leaf has a typical citrus shape with a slightly curved edge and a prominent central vein. The coloration is consistent with a healthy leaf, with no discoloration or spots that would indicate the presence of a disease such as black spot, canker, or greening. The leaf's condition suggests it is from a healthy plant, and no disease is present in this image. Confidence: 1.0",,1,0,0,0,,
88.pn.png,"Citrus,Canker",Citrus,Canker,llava:7b,Citrus,Black Spot,"The image shows a citrus leaf with numerous small, round, dark spots scattered across its surface. These spots are characteristic of black spot disease, which is a common fungal disease affecting citrus crops. The spots are the result of fungal spores penetrating the leaf's surface and causing the leaf to turn black. The presence of these spots indicates that the leaf is diseased, and the plant is likely suffering from black spot disease.",1.0,1,0,0,0,,
144.p.png,"Citrus,Canker",Citrus,Canker,llava:7b,Citrus,Black Spot,"The image shows a citrus leaf with several small, round, dark spots scattered across its surface. These spots are characteristic of black spot disease, which is a common fungal disease in citrus crops. The spots are typically black or dark brown and can be found on both the upper and lower surfaces of the leaf. The presence of these spots indicates that the leaf is affected by black spot disease.",1.0,1,0,0,0,,
8.png.png,"Citrus,Healthy",Citrus,Healthy,llava:7b,Citrus,Healthy,"The image shows a single leaf with a smooth surface and no visible signs of disease or damage. The leaf is a healthy green color, which is typical for citrus leaves. There are no spots, discolorations, or other indications of disease or pests. The confidence level is 1.0, as the leaf appears to be in excellent condition.",,1,1,1,0,,
g (91).png,"Citrus,Greening",Citrus,Greening,llava:7b,Citrus,Healthy,"The image shows a single citrus leaf with a healthy green color and no visible signs of disease or damage. The leaf appears to be in good condition, with no discoloration, spots, or other indications of a disease such as black spot or canker. The greening is consistent, and there are no signs of abnormal growth or wilting. The confidence level is 1.0, as the leaf is clearly healthy and there is no evidence of disease.",,1,0,0,0,,
35.pn.png,"Citrus,Canker",Citrus,Canker,llava:7b,Citrus,Black Spot,"The image shows a leaf with a pattern of black spots, which is characteristic of black spot disease in citrus plants. The spots are surrounded by a yellow halo, which is a common symptom of black spot infection. The leaf's condition suggests that it is affected by this fungal disease, which can lead to defoliation and reduced fruit production.",1.0,1,0,0,0,,
g (16).png,"Citrus,Greening",Citrus,Greening,llava:7b,Citrus,Healthy,"The image shows a citrus leaf with a healthy appearance. There are no visible signs of disease such as black spots, canker, or greening. The leaf is a vibrant green color, which is typical for citrus leaves, and there are no discolorations or abnormalities that would indicate the presence of a disease. The confidence level is 1.0.",,1,0,0,0,,
135.p.png,"Citrus,Canker",Citrus,Canker,llava:7b,Citrus,Black Spot,"The image shows a leaf with numerous black spots, which are characteristic of black spot disease in citrus plants. The spots are irregularly shaped and appear to be concentrated on the upper surface of the leaf. The surrounding tissue is green, and there are no visible signs of canker or greening. The confidence level is high, as the spots are clearly visible and consistent with the appearance of black spot disease.",,1,0,0,0,,
155.p.png,"Citrus,Canker",Citrus,Canker,llava:7b,Citrus,Black Spot,"The image shows a leaf with a pattern of dark, irregular spots that are characteristic of black spot disease in citrus plants. The spots are surrounded by a yellow halo, which is indicative of the fungal infection caused by the black spot pathogen. The presence of these spots and halos suggests that the leaf is affected by black spot disease. Confidence: 0.9",,1,0,0,0,,
69.pn.png,"Citrus,Canker",Citrus,Canker,llava:7b,Citrus,Black Spot,"The image shows a citrus leaf with multiple black spots, which are characteristic of black spot disease. The spots are irregularly shaped and have a dark, sunken appearance, which is typical of black spot infection. The leaf also shows some yellowing and discoloration, which could be a result of the disease or other stress factors. The presence of these spots and the overall discoloration suggest that the leaf is affected by black spot disease.",0.9,1,0,0,0,,
g (90).png,"Citrus,Greening",Citrus,Greening,llava:7b,Citrus,Healthy,"The image shows a single citrus leaf with a smooth surface and no visible signs of disease or damage. The leaf appears to be in good condition, with no discoloration, spots, or other indicators of a disease such as black spot or canker. The greening is consistent with the natural growth of the leaf, and there are no signs of abnormal growth or decay. Confidence: 1.0",,1,0,0,0,,
g (135).png,"Citrus,Greening",Citrus,Greening,llava:7b,Citrus,Healthy,"The image shows a citrus leaf with no visible signs of disease or damage. The leaf appears to be healthy, with a normal coloration and no discoloration or abnormal growth patterns that would indicate the presence of a disease such as black spot, canker, or greening. The confidence level is 1.0, as the absence of disease is clearly evident.",,1,0,0,0,,
15.pn.png,"Citrus,Canker",Citrus,Canker,llava:7b,Citrus,Black Spot,"The image shows a citrus leaf with several dark, irregular spots that are characteristic of black spot disease. These spots typically appear as dark, irregular spots on the upper surface of the leaf and are often associated with fungal infections. The presence of these spots indicates that the leaf is affected by black spot disease.",0.9,1,0,0,0,,
b (164).png,"Citrus,Black Spot",Citrus,Black Spot,llava:7b,Citrus,Healthy,"The image shows a single citrus leaf with no visible signs of disease or damage. The leaf appears to be healthy with a normal green color, and there are no spots, discolorations, or other abnormalities that would indicate the presence of a disease such as black spot or canker. The leaf's structure and coloration are consistent with a healthy citrus leaf. Confidence: 1.0",,1,0,0,0,,
b (49).png,"Citrus,Black Spot",Citrus,Black Spot,llava:7b,Citrus,Black Spot,"The image shows a leaf with a pattern of dark spots, which is characteristic of black spot disease in citrus plants. The spots are dark and irregularly shaped, and they are surrounded by a yellow halo, which is typical of black spot infection. The leaf also shows some yellowing and discoloration, which could be a result of the disease or other stress factors. The confidence level is high, as the visual evidence is consistent with the symptoms of black spot disease in citrus plants.",,1,1,1,0,,
g (87).png,"Citrus,Greening",Citrus,Greening,llava:7b,Citrus,Healthy,"The image shows a citrus leaf, which appears to be healthy with no visible signs of disease or damage. The leaf is green and has a typical citrus leaf shape with a serrated edge. There are no discolorations, spots, or other abnormalities that would indicate the presence of a disease such as black spot, canker, or greening. The confidence in this assessment is high, as there are no visual cues to suggest any disease or issue with the leaf.",,1,0,0,0,,
55.pn.png,"Citrus,Healthy",Citrus,Healthy,llava:7b,Citrus,Healthy,"The image shows a single leaf with a smooth surface and no visible signs of damage or disease. The leaf appears to be a healthy citrus leaf, with no discoloration, spots, or other indications of a disease such as black spot, canker, or greening. The confidence level is 1.0, as the leaf is clearly healthy and there is no evidence of disease.",,1,1,1,0,,
g (95).png,"Citrus,Greening",Citrus,Greening,llava:7b,Citrus,Healthy,"The image shows a citrus leaf with a healthy appearance. There are no visible signs of disease or damage, such as black spots, cankers, or discoloration. The leaf is a vibrant green color, which is typical for citrus leaves, and the edges are crisp and well-defined. The overall condition of the leaf suggests it is healthy and not affected by any known citrus diseases. Confidence: 1.0",,1,0,0,0,,
g (124).png,"Citrus,Greening",Citrus,Greening,llava:7b,Citrus,Healthy,"The image shows a single leaf with a smooth surface and no visible signs of disease or damage. The leaf appears to be a healthy citrus leaf, with no discoloration, spots, or other indications of disease or stress. The confidence level is 1.0, as the leaf is clearly healthy and there is no evidence of any disease or issue present.",,1,0,0,0,,
36.pn.png,"Citrus,Canker",Citrus,Canker,llava:7b,Citrus,Black Spot,"The image shows a citrus leaf with multiple black spots, which are characteristic of black spot disease. The spots are irregularly shaped and have a dark, necrotic appearance. The surrounding tissue appears healthy, but the presence of these spots indicates that the leaf is affected by black spot disease. The confidence level is high, as the spots are clearly visible and typical of black spot infection in citrus plants.",,1,0,0,0,,
b (166).png,"Citrus,Black Spot",Citrus,Black Spot,llava:7b,Citrus,Healthy,"The image shows a single leaf with a few small spots, which could be indicative of a nutrient deficiency or a natural variation in leaf color. However, there are no signs of the typical symptoms of black spot disease, such as dark, irregular spots with a yellow halo, or the characteristic canker lesions. The leaf appears to be in good condition, with no significant discoloration or damage. The greening is consistent with normal leaf development, and the overall appearance of the leaf is consistent with healthy citrus foliage. Confidence: 1.0",,1,0,0,0,,
111.p.png,"Citrus,Canker",Citrus,Canker,llava:7b,Citrus,Black Spot,"The image shows a citrus leaf with several small, dark spots scattered across its surface. These spots are characteristic of black spot disease, which is a common fungal infection in citrus plants. The spots are typically round or irregular in shape and can be found on both the upper and lower surfaces of the leaf. The presence of these spots indicates that the leaf is diseased, and the plant may be affected by black spot disease.",0.9,1,0,0,0,,
b (198).png,"Citrus,Black Spot",Citrus,Black Spot,llava:7b,Citrus,Healthy,"The image shows a citrus leaf with no visible signs of disease or damage. The leaf appears to be in good condition, with no discoloration, spots, or other indicators of a disease like black spot or canker. The greening and overall health of the leaf suggest it is from a healthy plant. Confidence: 1.0",,1,0,0,0,,
b (67).png,"Citrus,Black Spot",Citrus,Black Spot,llava:7b,Citrus,Healthy,"The image shows a single leaf with a healthy green color and no visible signs of disease or damage. The leaf appears to be in good condition, with no discoloration, spots, or other indications of a disease or pest problem. The confidence level is 1.0 because the image is clear and there is no ambiguity about the health of the leaf.",,1,0,0,0,,
b (244).png,"Citrus,Black Spot",Citrus,Black Spot,llava:7b,Citrus,Healthy,"The leaf in the image appears to be a healthy citrus leaf, with no visible signs of disease or damage. The coloration is consistent, and there are no discolorations or spots that are characteristic of common citrus diseases such as black spot or canker. The leaf's structure and coloration are typical of a healthy citrus leaf, suggesting that the plant is in good health. Confidence: 1.0",,1,0,0,0,,
60.pn.png,"Citrus,Canker",Citrus,Canker,llava:7b,Citrus,Black Spot,"The image shows a leaf with a pattern of black spots, which is characteristic of black spot disease in citrus crops. The spots are irregularly shaped and are surrounded by a yellow halo, which is indicative of the fungal infection caused by the black spot pathogen. The presence of these spots and the yellow halos suggest that the leaf is affected by black spot disease.",1.0,1,0,0,0,,
g (29).png,"Citrus,Greening",Citrus,Greening,llava:7b,Citrus,Healthy,"The image shows a citrus leaf with a healthy appearance. There are no visible signs of black spot, canker, or greening, which are common diseases in citrus plants. The leaf has a normal coloration, with green veins and a yellowish-green surface, which is typical for citrus leaves. The edges of the leaf are not curled or discolored, and there are no visible spots or lesions that would indicate the presence of a disease. The confidence in this assessment is high, as the leaf appears to be in good health.",,1,0,0,0,,
117.p.png,"Citrus,Canker",Citrus,Canker,llava:7b,Citrus,Black Spot,"The image shows a leaf with a pattern of dark spots and yellow lesions, which are characteristic of black spot disease in citrus plants. The spots are concentrated on the upper surface of the leaf, and the yellow lesions are scattered across the leaf. This pattern is indicative of black spot, a common fungal disease in citrus crops. The confidence level is high, as the visual evidence clearly shows the typical symptoms of black spot disease.",,1,0,0,0,,
b (160).png,"Citrus,Black Spot",Citrus,Black Spot,llava:7b,Citrus,Healthy,"The image shows a single leaf that appears to be from a citrus tree, given the shape and structure of the leaf. There are no visible signs of disease or damage on the leaf, such as discoloration, spots, or lesions. The leaf is a healthy green color, indicating that it is not affected by any known citrus diseases like Black Spot or Canker. The absence of any abnormalities or discoloration suggests that the leaf is in good health. Confidence: 1.0",,1,0,0,0,,
2.png.png,"Citrus,Healthy",Citrus,Healthy,llava:7b,Citrus,Healthy,"The image shows a single citrus leaf, which appears to be healthy without any visible signs of disease or damage. The leaf has a vibrant green color, which is typical for citrus leaves, and there are no discolorations, spots, or other abnormalities that would indicate a disease or pest problem. The leaf is also intact without any signs of damage or injury.",1.0,1,1,1,0,,
37.pn.png,"Citrus,Canker",Citrus,Canker,llava:7b,Citrus,Black Spot,"The image shows a leaf with a pattern of black spots, which is characteristic of black spot disease in citrus crops. The spots are irregularly shaped and have a dark, necrotic appearance, which is indicative of the black spot fungus. The presence of these spots suggests that the leaf is diseased.",0.9,1,0,0,0,,
17.pn.png,"Citrus,Canker",Citrus,Canker,llava:7b,Citrus,Black Spot,"The image shows a citrus leaf with multiple black spots, which are characteristic of black spot disease. These spots are the result of fungal infection, and the presence of multiple spots on the leaf indicates that the plant is affected by this disease. The confidence level is high, as the visual evidence of the black spots is clear and consistent with the symptoms of black spot disease in citrus plants.",,1,0,0,0,,
92.pn.png,"Citrus,Canker",Citrus,Canker,llava:7b,Citrus,Black Spot,"The image shows a citrus leaf with multiple small, round spots that are yellowish-green in color. These spots are characteristic of black spot disease, which is a common fungal disease affecting citrus trees. The presence of these spots indicates that the leaf is diseased, and the tree may be suffering from black spot infection.",1.0,1,0,0,0,,
57.pn.png,"Citrus,Canker",Citrus,Canker,llava:7b,Citrus,Healthy,"The image shows a citrus leaf, which appears to be healthy with no visible signs of disease such as black spot, canker, or greening. The leaf has a normal coloration and structure, indicating that it is not affected by any of the diseases listed. The confidence level is 1.0, as the absence of disease is clearly evident.",,1,0,0,0,,
b (78).png,"Citrus,Black Spot",Citrus,Black Spot,llava:7b,Citrus,Black Spot,"The image shows a citrus leaf with several black spots, which are characteristic of black spot disease. The spots are dark and irregular, and the leaf itself appears to be slightly discolored with some yellowing. These symptoms are indicative of black spot, a common fungal disease in citrus crops. The confidence level is high, as the visual evidence clearly shows the presence of black spots on the leaf.",,1,1,1,0,,
g (203).png,"Citrus,Greening",Citrus,Greening,llava:7b,Citrus,Healthy,"The image shows a citrus leaf, which appears to be healthy and free of any visible signs of disease or damage. The leaf is green, which is typical for citrus leaves, and there are no discolorations, spots, or other abnormalities that would indicate a disease such as black spot, canker, or greening. The leaf's structure and coloration are consistent with a healthy citrus leaf, and there are no signs of wilting, browning, or other symptoms that would suggest a problem.",1.0,1,0,0,0,,
58.pn.png,"Citrus,Healthy",Citrus,Healthy,llava:7b,Citrus,Healthy,"The image shows a citrus leaf, which appears to be healthy with no visible signs of disease or damage. The leaf is a vibrant green color, and there are no discolorations, spots, or other abnormalities that would indicate the presence of a disease such as black spot or canker. The leaf's structure and coloration are consistent with a healthy citrus leaf. Confidence: 1.0",,1,1,1,0,,
g (6).png,"Citrus,Greening",Citrus,Greening,llava:7b,Citrus,Healthy,"The image shows a citrus leaf, which appears to be healthy with no visible signs of disease such as black spot, canker, or greening. The leaf is a typical shape for citrus leaves, with a serrated edge and a glossy surface. The coloration is consistent, with no discoloration or spots that would indicate a disease. The confidence level is high, as there is no evidence of disease in the image.",,1,0,0,0,,
39.pn.png,"Citrus,Healthy",Citrus,Healthy,llava:7b,Citrus,Healthy,"The image shows a single leaf with a smooth surface and no visible signs of disease or damage. The leaf appears to be a healthy citrus leaf with a typical citrus leaf shape and structure. There are no discolorations, spots, or other indications of disease or pests that would suggest a diseased or damaged leaf. The confidence level is 1.0, as the leaf is clearly healthy and there is no evidence of disease or damage.",,1,1,1,0,,
106.p.png,"Citrus,Canker",Citrus,Canker,llava:7b,Citrus,Black Spot,"The image shows a citrus leaf with multiple black spots, which are characteristic of black spot disease in citrus plants. The spots are irregularly shaped and have a dark, necrotic appearance, which is indicative of the black spot fungus. The confidence level is high, as the spots are clearly visible and match the typical appearance of black spot lesions.",,1,0,0,0,,
136.p.png,"Citrus,Canker",Citrus,Canker,llava:7b,Citrus,Black Spot,"The image shows a citrus leaf with multiple black spots scattered across its surface. These spots are characteristic of black spot disease, which is a common fungal disease affecting citrus crops. The black spots are the result of fungal spores infecting the leaf tissue, and the presence of these spots indicates that the leaf is diseased. The confidence level is high, as the spots are clearly visible and consistent with the typical appearance of black spot disease.",,1,0,0,0,,
b (59).png,"Citrus,Black Spot",Citrus,Black Spot,llava:7b,Citrus,Healthy,"The image shows a single citrus leaf with no visible signs of disease or damage. The leaf appears to be healthy with a normal coloration and no discoloration or spots that are characteristic of common citrus diseases such as black spot or canker. The confidence level is high, as there is no evidence of disease or damage in the image provided.",,1,0,0,0,,
31.pn.png,"Citrus,Healthy",Citrus,Healthy,llava:7b,Citrus,Healthy,"The image shows a single leaf with a smooth, glossy surface and no visible signs of disease or damage. The leaf appears to be in good condition, with no discoloration, spots, or other indications of a disease or pest problem. The confidence level is 1.0, as there is no evidence of disease or damage in the image provided.",,1,1,1,0,,
32.pn.png,"Citrus,Healthy",Citrus,Healthy,llava:7b,Citrus,Healthy,"The image shows a single leaf that appears to be healthy, with no visible signs of disease or damage. The leaf is a typical shape for citrus leaves, with a serrated edge and a prominent midrib. The coloration is consistent with healthy citrus leaves, which are usually a bright green. There are no discolorations, spots, or other abnormalities that would indicate the presence of a disease. The confidence in this assessment is high, as the absence of disease is clearly evident.",,1,1,1,0,,
g (198).png,"Citrus,Greening",Citrus,Greening,llava:7b,Citrus,Healthy,"The image shows a citrus leaf with a healthy appearance. There are no visible signs of disease such as black spots, canker, or greening. The leaf has a normal coloration, with green veins and a yellowish-green surface, which is typical for citrus leaves. The edges of the leaf are slightly curled, which is common in citrus leaves. There are no visible signs of damage or discoloration that would indicate the presence of a disease. The confidence level is high that the leaf is healthy.",,1,0,0,0,,
152.p.png,"Citrus,Canker",Citrus,Canker,llava:7b,Citrus,Black Spot,"The image shows a citrus leaf with numerous small, dark spots scattered across its surface. These spots are characteristic of black spot disease, which is a common fungal disease affecting citrus crops. The spots are the result of fungal spores that infect the leaf tissue, causing the characteristic black spots. The presence of these spots indicates that the leaf is affected by black spot disease.",1.0,1,0,0,0,,
b (271).png,"Citrus,Black Spot",Citrus,Black Spot,llava:7b,Citrus,Healthy,"The image shows a citrus leaf with a healthy appearance. There are no visible signs of disease such as black spots, canker, or greening. The leaf has a typical citrus leaf shape with a smooth surface and no discoloration or abnormal growth patterns. The confidence level is high that the leaf is healthy.",,1,0,0,0,,
g (167).png,"Citrus,Greening",Citrus,Greening,llava:7b,Citrus,Black Spot,"The image shows a citrus leaf with multiple black spots, which are characteristic of black spot disease. This disease is caused by the fungus Diplocarpon earleni and is one of the most common and destructive diseases of citrus trees. The black spots are the fruiting bodies of the fungus and are indicative of the presence of the disease. The confidence level is high, as the spots are clearly visible and typical of black spot infection.",,1,0,0,0,,
b (2).png,"Citrus,Black Spot",Citrus,Black Spot,llava:7b,Citrus,Healthy,"The image shows a citrus leaf that appears to be healthy, with no visible signs of disease such as black spots, canker, or greening. The leaf has a normal green color, and the edges are crisp and well-defined. There are no discolorations or abnormalities that would indicate the presence of a disease. The confidence level is 1.0, as there is no evidence of disease in the image.",,1,0,0,0,,
b (174).png,"Citrus,Black Spot",Citrus,Black Spot,llava:7b,Citrus,Healthy,"The image shows a single citrus leaf with a smooth surface and no visible signs of disease or damage. The leaf is a healthy green color, which is typical for citrus leaves. There are no spots, discolorations, or other abnormalities that would indicate the presence of a disease such as black spot or canker. The confidence level is 1.0, as there is no evidence of disease in the image.",,1,0,0,0,,
115.p.png,"Citrus,Canker",Citrus,Canker,llava:7b,Citrus,Black Spot,"The image shows a citrus leaf with multiple black spots, which are characteristic of black spot disease in citrus plants. The spots are round and have a yellow halo around them, which is typical for black spot. The presence of these spots indicates that the leaf is affected by black spot disease.",1.0,1,0,0,0,,
g (100).png,"Citrus,Greening",Citrus,Greening,llava:7b,Citrus,Healthy,"The image shows a citrus leaf, which appears to be healthy with no visible signs of disease or damage. The leaf has a vibrant green color, and the edges are crisp and well-defined. There are no discolorations, spots, or other abnormalities that would indicate the presence of a disease such as black spot, canker, or greening. The confidence level is 1.0 as there is no evidence of disease in the image provided.",,1,0,0,0,,
11.pn.png,"Citrus,Healthy",Citrus,Healthy,llava:7b,Citrus,Healthy,The image shows a single citrus leaf with a smooth surface and no visible signs of disease or damage. The leaf appears to be in good condition with a healthy green color and no discoloration or spots that are characteristic of common citrus diseases such as black spot or canker. The confidence level is 1.0 as there is no evidence of disease or damage on this leaf.,,1,1,1,0,,
109.p.png,"Citrus,Canker",Citrus,Canker,llava:7b,Citrus,Black Spot,"The image shows a citrus leaf with several black spots scattered across its surface. These spots are characteristic of black spot disease, which is a common fungal disease affecting citrus crops. The black spots are the visible fruiting bodies of the fungus, and their presence on the leaf indicates that the plant is affected by this disease. The confidence level is high, as the spots are clearly visible and typical of black spot disease.",,1,0,0,0,,
b (225).png,"Citrus,Black Spot",Citrus,Black Spot,llava:7b,Citrus,Healthy,"The image shows a single citrus leaf with no visible signs of disease or damage. The leaf appears to be in good condition, with no discoloration, spots, or other indications of a disease such as black spot or canker. The greening is consistent, and the edges of the leaf are clean and well-defined. The confidence level is 1.0, as there is no evidence of disease in this image.",,1,0,0,0,,
4.png.png,"Citrus,Healthy",Citrus,Healthy,llava:7b,Citrus,Healthy,"The image shows a citrus leaf with no visible signs of disease or damage. The leaf appears to be a healthy green color, with no discoloration, spots, or other indicators of a disease such as black spot or canker. The leaf's structure and coloration are consistent with a healthy citrus leaf, which suggests that the plant is not currently affected by any known citrus diseases.",1.0,1,1,1,0,,
33.pn.png,"Citrus,Canker",Citrus,Canker,llava:7b,Citrus,Black Spot,"The image shows a citrus leaf with multiple black spots, which are characteristic of black spot disease. The spots are round and have a dark center, which is typical of black spot lesions. The surrounding tissue appears to be healthy, but the presence of these spots indicates that the leaf is affected by black spot disease. The confidence level is high, as the spots are clearly visible and the leaf is a typical citrus leaf.",,1,0,0,0,,
b (140).png,"Citrus,Black Spot",Citrus,Black Spot,llava:7b,Citrus,Canker,"The image shows a citrus leaf with a distinct canker lesion. The lesion is characterized by a dark, sunken area with a yellowish halo around it, which is indicative of a canker infection. This type of disease is caused by bacterial or fungal pathogens and can lead to the death of the leaf and, in severe cases, the tree itself. The presence of this lesion suggests that the tree is affected by a canker disease, which can impact the overall health and productivity of the citrus crop.",1.0,1,0,0,0,,
16.pn.png,"Citrus,Healthy",Citrus,Healthy,llava:7b,Citrus,Healthy,"The image shows a single leaf with a smooth surface and no visible signs of disease or damage. The leaf appears to be a healthy citrus leaf, with no discoloration, spots, or other indicators of disease. The confidence level is 1.0, as the absence of disease is clearly visible.",,1,1,1,0,,
160.p.png,"Citrus,Canker",Citrus,Canker,llava:7b,Citrus,Healthy,"The image shows a citrus leaf, which appears to be healthy. There are no visible signs of disease such as black spots, canker, or greening. The leaf is a vibrant green color, which is typical for citrus leaves. The edges of the leaf are slightly browned, which could be due to natural aging or environmental stress, but it does not indicate a disease. The confidence level is high that the leaf is healthy.",,1,0,0,0,,
g (44).png,"Citrus,Greening",Citrus,Greening,llava:7b,Citrus,Healthy,"The image shows a single leaf with a smooth surface and no visible signs of disease or damage. The leaf appears to be a healthy citrus leaf, with no discoloration, spots, or other indications of disease or stress. The confidence level is 1.0, as the absence of disease is clearly evident.",,1,0,0,0,,
bl (4).png,"Citrus,Black Spot",Citrus,Black Spot,llava:7b,Citrus,Healthy,"The image shows a single citrus leaf with a healthy appearance. There are no visible signs of disease or damage, such as black spots, cankers, or greening. The leaf is a vibrant green color, which is typical for citrus leaves, and there are no discolorations or abnormalities that would indicate a disease or pest problem. The confidence level is 1.0, as there is no evidence of disease or damage in the image.",,1,0,0,0,,
b (44).png,"Citrus,Black Spot",Citrus,Black Spot,llava:7b,Citrus,Black Spot,"The image shows a citrus leaf with a few brown spots, which could be indicative of black spot disease. However, upon closer examination, it is evident that the spots are not the typical black color associated with black spot, but rather a brown discoloration. This discoloration is not consistent with the characteristic black spots of black spot disease. Additionally, the leaf does not exhibit the typical symptoms of black spot, such as the presence of black spots surrounded by a yellow halo, which are characteristic of black spot on citrus. The leaf appears to be in a healthy condition, with no signs of the disease. Confidence: 1.0",,1,1,1,0,,
34.pn.png,"Citrus,Canker",Citrus,Canker,llava:7b,Citrus,Black Spot,"The image shows a citrus leaf with multiple black spots, which are characteristic of black spot disease. These spots are the result of fungal infection, and the presence of multiple spots on the leaf indicates that the plant is affected by this disease. The confidence level is high, as the spots are clearly visible and consistent with the symptoms of black spot disease in citrus plants.",,1,0,0,0,,
g (72).png,"Citrus,Greening",Citrus,Greening,llava:7b,Citrus,Healthy,"The image shows a single citrus leaf with a bright green color and a smooth surface with no visible signs of disease or damage. The leaf appears to be in good condition, with no discoloration, spots, or other indications of a disease such as black spot or canker. The greening is a natural process in citrus leaves, and the absence of any abnormalities or discoloration suggests that the leaf is healthy. Confidence: 1.0",,1,0,0,0,,
g (191).png,"Citrus,Greening",Citrus,Greening,qwen2.5vl:7b,Citrus,Greening,"The leaf shows symptoms of Citrus Greening disease, which is characterized by yellowing and mottling of the leaf, as well as a distorted shape. These symptoms are indicative of the disease, which is caused by a bacterium and is a significant threat to citrus crops.",0.95,1,1,1,0,,
95.pn.png,"Citrus,Canker",Citrus,Canker,qwen2.5vl:7b,Citrus,Black Spot,"The leaf shows small, dark brown spots scattered across its surface, which is characteristic of citrus black spot disease. This disease is commonly found on citrus leaves and fruits, causing the leaves to turn yellow and drop prematurely. The presence of these spots on the leaf in the image is strong evidence of black spot disease.",0.95,1,0,0,0,,
36.pn.png,"Citrus,Healthy",Citrus,Healthy,qwen2.5vl:7b,Citrus,Greening,"The leaf shows symptoms of citrus greening disease, which is characterized by the distortion of leaf veins and the presence of small, yellowish-green spots. These symptoms are indicative of the Huanglongbing (HLB) disease, commonly known as citrus greening.",0.95,1,0,0,0,,
9.png.png,"Citrus,Healthy",Citrus,Healthy,qwen2.5vl:7b,Citrus,Healthy,"The leaf appears to be a citrus leaf, which is characterized by its smooth texture and distinct shape. There are no visible signs of disease such as spots, lesions, or discoloration that would indicate the presence of diseases like Black Spot or Canker. The leaf looks healthy and there are no symptoms of Citrus Greening disease.",0.95,1,1,1,0,,
17.pn.png,"Citrus,Healthy",Citrus,Healthy,qwen2.5vl:7b,Citrus,Healthy,"The leaf appears to be a citrus leaf, and there are no visible signs of disease such as spots, lesions, or discoloration that would indicate the presence of diseases like Black Spot or Canker. The leaf is intact and has a normal green color with a central vein, which is typical for healthy citrus leaves.",0.95,1,1,1,0,,
25.pn.png,"Citrus,Healthy",Citrus,Healthy,qwen2.5vl:7b,Citrus,Greening,"The leaf exhibits symptoms of Citrus Greening disease, which is characterized by chlorosis (yellowing) and distortion of the leaf. The leaf appears to have a mottled appearance with yellowing, which is typical of this disease. The presence of these symptoms strongly suggests the leaf is infected with Citrus Greening.",0.95,1,0,0,0,,
163.p.png,"Citrus,Canker",Citrus,Canker,qwen2.5vl:7b,Citrus,Black Spot,"The leaf shows small, circular, brown spots with yellow halos, which are characteristic symptoms of citrus black spot disease. This disease is commonly found on citrus leaves and fruits.",0.95,1,0,0,0,,
g (131).png,"Citrus,Greening",Citrus,Greening,qwen2.5vl:7b,Citrus,Greening,"The leaf exhibits symptoms of Citrus Greening disease, characterized by the yellowing and distortion of the leaf, which are typical signs of this bacterial infection. The presence of these symptoms strongly suggests the presence of Citrus Greening disease.",0.95,1,1,1,0,,
g (96).png,"Citrus,Greening",Citrus,Greening,qwen2.5vl:7b,Citrus,Greening,"The leaf shows symptoms of Citrus Greening disease, which is characterized by yellowing and distortion of the leaf. This is a common symptom of the disease, which is caused by a bacterium and is often seen in citrus trees.",0.95,1,1,1,0,,
g (52).png,"Citrus,Greening",Citrus,Greening,qwen2.5vl:7b,Citrus,Greening,"The leaf shows signs of chlorosis, which is a common symptom of citrus greening disease. The leaf appears yellowish-green, which is indicative of nutrient deficiencies or disease. The veins are not clearly visible, which might suggest a lack of chlorophyll, a characteristic of citrus greening.",0.9,1,1,1,0,,
g (12).png,"Citrus,Greening",Citrus,Greening,qwen2.5vl:7b,Citrus,Greening,"The leaf exhibits symptoms of Citrus Greening disease, characterized by the yellowing and distortion of the leaf, which is typical of this disease. The presence of a brown spot on the leaf further supports the diagnosis, as it is a common symptom of Citrus Greening.",0.95,1,1,1,0,,
b (144).png,"Citrus,Black Spot",Citrus,Black Spot,qwen2.5vl:7b,Citrus,Greening,"The leaf shows symptoms of Citrus Greening disease, which is characterized by yellowing and distortion of the leaf, as well as the presence of brown spots. These symptoms are indicative of the disease's progression.",0.9,1,0,0,0,,
g (88).png,"Citrus,Greening",Citrus,Greening,qwen2.5vl:7b,Citrus,Greening,"The leaf exhibits symptoms of citrus greening, a bacterial disease characterized by mottled yellowing and distortion of the leaf. The presence of these symptoms is indicative of the disease.",0.95,1,1,1,0,,
51.pn.png,"Citrus,Healthy",Citrus,Healthy,qwen2.5vl:7b,Citrus,Greening,"The leaf exhibits symptoms of Citrus Greening disease, which is characterized by the distortion of leaf shape and color, as seen in the image. The leaf appears to be curled and has a dark green color, which are typical signs of this disease.",0.9,1,0,0,0,,
24.pn.png,"Citrus,Healthy",Citrus,Healthy,qwen2.5vl:7b,Citrus,Greening,"The leaf shows symptoms of Citrus Greening disease, which is characterized by the presence of yellowish-green spots and blotches on the leaf surface. This is a common symptom of the disease, which is caused by a bacterium and is not easily cured once the plant is infected.",0.95,1,0,0,0,,
13.pn.png,"Citrus,Canker",Citrus,Canker,qwen2.5vl:7b,Citrus,Black Spot,"The leaf exhibits small, circular, brown spots with a yellow halo, which are characteristic of citrus black spot disease. This disease is commonly found on citrus leaves and fruits, causing the symptoms observed here.",0.95,1,0,0,0,,
g (113).png,"Citrus,Greening",Citrus,Greening,qwen2.5vl:7b,Citrus,Greening,"The leaf shows symptoms of Citrus Greening disease, which is characterized by yellowing and distortion of the leaf, as well as a general decline in the health of the plant. This is a common symptom of Citrus Greening, also known as Huanglongbing (HLB), which is a bacterial disease.",0.95,1,1,1,0,,
b (14).png,"Citrus,Black Spot",Citrus,Black Spot,qwen2.5vl:7b,Citrus,Greening,"The leaf shows symptoms of citrus Greening disease, characterized by the yellowing and distortion of the leaf, which is a typical sign of this disease. The presence of a brown spot also suggests possible secondary infection or stress, which is common in citrus plants with Greening disease.",0.95,1,0,0,0,,
g (134).png,"Citrus,Greening",Citrus,Greening,qwen2.5vl:7b,Citrus,Greening,"The leaf exhibits symptoms of Citrus Greening disease, which is characterized by yellowing and distortion of the leaf, as seen in the image. This disease is caused by a bacterium and is often accompanied by leaf distortion and yellowing, which are evident here.",0.9,1,1,1,0,,
b (86).png,"Citrus,Black Spot",Citrus,Black Spot,qwen2.5vl:7b,Citrus,Black Spot,"The leaf shows brown, circular spots with dark edges, which are characteristic of Black Spot disease in citrus plants. This disease typically appears as small, dark spots on the leaf surface, which matches the visual evidence in the image.",0.95,1,1,1,0,,
123.p.png,"Citrus,Canker",Citrus,Canker,qwen2.5vl:7b,Citrus,Black Spot,"The leaf shows small, circular, brown spots on the upper surface, which are characteristic of citrus black spot disease. This disease is common on citrus leaves and fruits, causing these distinctive lesions.",0.95,1,0,0,0,,
54.pn.png,"Citrus,Canker",Citrus,Canker,qwen2.5vl:7b,Citrus,Black Spot,"The leaf shows small, dark brown to black spots, which are characteristic of citrus black spot disease. This disease typically appears as small, circular lesions on the leaf surface. The presence of these spots on the leaf indicates the presence of this disease.",0.95,1,0,0,0,,
b (226).png,"Citrus,Black Spot",Citrus,Black Spot,qwen2.5vl:7b,Citrus,Black Spot,"The leaf shows brown spots with a yellow halo, which are characteristic symptoms of citrus black spot disease. This disease typically causes brown lesions on the leaf surface, often with a yellow border, which matches the visual evidence in the image.",0.95,1,1,1,0,,
23.pn.png,"Citrus,Healthy",Citrus,Healthy,qwen2.5vl:7b,Citrus,Black Spot,"The leaf shows small, dark spots, which are characteristic of black spot disease in citrus plants. This disease typically appears as small, circular, dark spots on the leaf surface, which matches the visual evidence in the image.",0.95,1,0,0,0,,
g (160).png,"Citrus,Greening",Citrus,Greening,qwen2.5vl:7b,Citrus,Greening,"The leaf shows symptoms of Citrus Greening disease, which is characterized by the distortion of the leaf shape and the presence of yellowing or chlorosis, as seen in the image. The leaf appears to be curled and discolored, which are typical signs of this disease.",0.95,1,1,1,0,,
b (94).png,"Citrus,Black Spot",Citrus,Black Spot,qwen2.5vl:7b,Citrus,Greening,"The leaf shows symptoms of citrus greening disease, which is characterized by the yellowing and distortion of the leaf. This is a common symptom of the disease, which is caused by a bacterium and is often accompanied by leaf distortion and yellowing.",0.95,1,0,0,0,,
bl (6).png,"Citrus,Black Spot",Citrus,Black Spot,qwen2.5vl:7b,Citrus,Greening,"The leaf shows signs of chlorosis, with a yellowing and browning at the edges, which is characteristic of citrus greening disease. This disease is caused by a bacterium and is often accompanied by leaf distortion and discoloration.",0.9,1,0,0,0,,
b (281).png,"Citrus,Black Spot",Citrus,Black Spot,qwen2.5vl:7b,Citrus,Greening,"The leaf exhibits symptoms of Citrus Greening disease, characterized by yellowing and distortion of the leaf, which are typical signs of this bacterial disease. The presence of these symptoms strongly suggests the leaf is diseased.",0.95,1,0,0,0,,
7.png.png,"Citrus,Healthy",Citrus,Healthy,qwen2.5vl:7b,Citrus,Greening,"The leaf exhibits symptoms of Citrus Greening, a bacterial disease characterized by mottling and distortion of the leaf, which is evident in the image. The presence of these symptoms strongly suggests the leaf is infected with the bacterium causing Citrus Greening.",0.95,1,0,0,0,,
g (42).png,"Citrus,Greening",Citrus,Greening,qwen2.5vl:7b,Citrus,Greening,"The leaf shows signs of chlorosis, which is a common symptom of citrus greening disease. The yellowing of the leaf is concentrated along the veins, which is characteristic of this disease. The presence of these symptoms strongly suggests the leaf is affected by citrus greening.",0.95,1,1,1,0,,
156.p.png,"Citrus,Canker",Citrus,Canker,qwen2.5vl:7b,Citrus,Black Spot,"The leaf shows distinct circular spots with a reddish-brown center and a yellowish halo, which are characteristic symptoms of citrus black spot disease. This disease is commonly found on citrus leaves and fruits.",0.95,1,0,0,0,,
59.pn.png,"Citrus,Canker",Citrus,Canker,qwen2.5vl:7b,Citrus,Black Spot,"The leaf shows small, dark brown spots with yellow halos, which are characteristic of citrus black spot disease. This disease is common in citrus crops and typically presents with these symptoms.",0.95,1,0,0,0,,
64.pn.png,"Citrus,Canker",Citrus,Canker,qwen2.5vl:7b,Citrus,Black Spot,"The leaf shows small, circular, brown spots with yellow halos, which are characteristic of citrus black spot disease. This disease is commonly found on citrus leaves and fruits, causing the leaves to turn yellow and drop prematurely. The presence of these symptoms strongly indicates the presence of citrus black spot.",0.95,1,0,0,0,,
97.pn.png,"Citrus,Canker",Citrus,Canker,qwen2.5vl:7b,Citrus,Black Spot,"The leaf shows small, circular, brown spots with yellow halos, which are characteristic symptoms of citrus black spot disease. This disease is commonly found on citrus leaves and fruits.",0.95,1,0,0,0,,
84.pn.png,"Citrus,Canker",Citrus,Canker,qwen2.5vl:7b,Citrus,Greening,"The leaf shows symptoms of Citrus Greening disease, which is characterized by the presence of yellowing and mottling on the leaf surface, as well as the presence of small, dark spots. These symptoms are indicative of the disease, which is caused by a bacterium and is often referred to as ""honeydew"" due to the sticky substance it produces.",0.9,1,0,0,0,,
b (270).png,"Citrus,Black Spot",Citrus,Black Spot,qwen2.5vl:7b,Citrus,Greening,"The leaf shows symptoms of Citrus Greening disease, which is characterized by the yellowing and browning of the leaf, as well as the distortion of the leaf structure. These symptoms are indicative of the disease, which is caused by a bacterium and is not easily treatable.",0.95,1,0,0,0,,
161.p.png,"Citrus,Canker",Citrus,Canker,qwen2.5vl:7b,Citrus,Greening,"The leaf exhibits symptoms of Citrus Greening disease, which is characterized by a mottled yellowing of the leaf, often with a distorted shape. This is a common symptom of the disease, which is caused by a bacterium and is not easily cured.",0.95,1,0,0,0,,
b (162).png,"Citrus,Black Spot",Citrus,Black Spot,qwen2.5vl:7b,Citrus,Black Spot,"The leaf shows brown, irregular spots with a sunken appearance, which are characteristic of citrus black spot disease. This disease typically causes brown lesions on the leaf surface, which is consistent with what is observed here.",0.95,1,1,1,0,,
138.p.png,"Citrus,Canker",Citrus,Canker,qwen2.5vl:7b,Citrus,Black Spot,"The leaf shows small, circular, brown spots with a yellow halo, which are characteristic of citrus black spot disease. This disease is commonly found on citrus leaves and is caused by the fungus Guignardia citricarpa.",0.95,1,0,0,0,,
45.pn.png,"Citrus,Healthy",Citrus,Healthy,qwen2.5vl:7b,Citrus,Greening,"The leaf exhibits symptoms of Citrus Greening disease, which is characterized by the distortion of leaf shape and color, as seen in the image. The leaf appears to be curled and discolored, which are typical signs of this disease.",0.9,1,0,0,0,,
143.p.png,"Citrus,Canker",Citrus,Canker,qwen2.5vl:7b,Citrus,Black Spot,"The leaf exhibits circular brown spots with a yellow halo, which are characteristic symptoms of citrus black spot disease. This disease is commonly found on citrus leaves and fruits, causing the leaves to turn brown and fall off prematurely.",0.95,1,0,0,0,,
g (204).png,"Citrus,Greening",Citrus,Greening,qwen2.5vl:7b,Citrus,Greening,"The leaf exhibits yellowing and distortion, which are characteristic symptoms of citrus greening, a bacterial disease caused by the strain of the bacterium ""Candidatus Liberibacter asiaticus."" The leaf also shows a curled and cupped shape, which is another common symptom of this disease. Confidence: 0.95",,1,1,1,0,,
40.pn.png,"Citrus,Healthy",Citrus,Healthy,qwen2.5vl:7b,Citrus,Greening,"The leaf exhibits yellowing and distortion, which are characteristic symptoms of citrus greening disease. This disease is caused by a bacterium and is often accompanied by leaf distortion and yellowing, as seen in the image.",0.95,1,0,0,0,,
28.pn.png,"Citrus,Healthy",Citrus,Healthy,qwen2.5vl:7b,Citrus,Black Spot,"The leaf shows small, dark spots, which are characteristic of black spot disease in citrus. This disease typically appears as small, circular, dark lesions on the leaf surface.",0.95,1,0,0,0,,
g (157).png,"Citrus,Greening",Citrus,Greening,qwen2.5vl:7b,Citrus,Greening,"The leaf shows signs of chlorosis, with yellowing and discoloration, which is characteristic of Citrus Greening disease. This disease is caused by a bacterium and is often accompanied by leaf distortion and yellowing, as seen in the image. Confidence: 0.9",,1,1,1,0,,
g (125).png,"Citrus,Greening",Citrus,Greening,qwen2.5vl:7b,Citrus,Greening,"The leaf shows symptoms of Citrus Greening disease, which is characterized by yellowing and distortion of the leaf, as well as the presence of small black spots, which are indicative of the disease's progression. The leaf also appears to be thinning and has a curled appearance, which are common signs of Citrus Greening.",0.95,1,1,1,0,,
g (11).png,"Citrus,Greening",Citrus,Greening,qwen2.5vl:7b,Citrus,Greening,"The leaf exhibits symptoms of citrus greening, a bacterial disease characterized by yellowing and distortion of the leaf, which is evident in this image. The presence of these symptoms strongly suggests the presence of the disease.",0.95,1,1,1,0,,
g (15).png,"Citrus,Greening",Citrus,Greening,qwen2.5vl:7b,Citrus,Greening,"The leaf exhibits symptoms of Citrus Greening disease, characterized by yellowing and distortion of the leaf, which are typical signs of this bacterial infection. The presence of these symptoms strongly suggests the leaf is affected by Citrus Greening.",0.95,1,1,1,0,,
g (63).png,"Citrus,Greening",Citrus,Greening,qwen2.5vl:7b,Citrus,Greening,"The leaf exhibits symptoms of Citrus Greening disease, which is characterized by mottling and yellowing of the leaf. This is evident from the patchy yellowing and the overall discolored appearance of the leaf. The presence of these symptoms is a strong indicator of Citrus Greening disease.",0.95,1,1,1,0,,
49.pn.png,"Citrus,Healthy",Citrus,Healthy,qwen2.5vl:7b,Citrus,Greening,"The leaf exhibits symptoms of Citrus Greening disease, characterized by the presence of chlorotic (yellowish-green) areas and the distortion of the leaf shape. These symptoms are indicative of the disease, which is caused by a bacterium and is often accompanied by leaf distortion and chlorosis.",0.9,1,0,0,0,,
6.png.png,"Citrus,Healthy",Citrus,Healthy,qwen2.5vl:7b,Citrus,Black Spot,"The leaf shows small, dark spots, which are characteristic of citrus black spot disease. This disease typically appears as small, circular lesions on the leaf surface, which matches the visual evidence in the image.",0.95,1,0,0,0,,
114.p.png,"Citrus,Canker",Citrus,Canker,qwen2.5vl:7b,Citrus,Black Spot,"The leaf exhibits small, dark spots on the upper surface, which is characteristic of citrus black spot disease. This disease is commonly found on citrus leaves and fruits, causing the development of these distinct spots.",0.95,1,0,0,0,,
1.png.png,"Citrus,Healthy",Citrus,Healthy,qwen2.5vl:7b,Citrus,Greening,"The leaf shows symptoms of Citrus Greening disease, which is characterized by chlorotic (yellowish) areas on the leaf, typically on the veins or interveinal areas. This is a common symptom of Citrus Greening, also known as Huanglongbing (HLB), a bacterial disease.",0.95,1,0,0,0,,
147.p.png,"Citrus,Canker",Citrus,Canker,qwen2.5vl:7b,Citrus,Black Spot,"The leaf shows small, circular, brown spots with yellow halos, which are characteristic symptoms of citrus black spot disease. This disease is commonly found on citrus leaves and fruits.",0.95,1,0,0,0,,
53.pn.png,"Citrus,Canker",Citrus,Canker,qwen2.5vl:7b,Citrus,Black Spot,"The leaf shows dark, circular spots with a yellow halo, which are characteristic of citrus black spot disease. This disease is commonly found on citrus leaves and fruits, causing the leaves to turn yellow and drop prematurely. The presence of these spots on the leaf is strong evidence of black spot disease.",0.95,1,0,0,0,,
27.pn.png,"Citrus,Canker",Citrus,Canker,qwen2.5vl:7b,Citrus,Black Spot,"The leaf shows small, circular lesions with brownish centers and yellowish halos, which are characteristic of citrus black spot disease. This disease is commonly found on citrus leaves and fruits.",0.95,1,0,0,0,,
44.pn.png,"Citrus,Canker",Citrus,Canker,qwen2.5vl:7b,Citrus,Black Spot,"The leaf exhibits small, circular, brown spots with yellow halos, which are characteristic of citrus black spot disease. This disease is commonly found on citrus leaves and fruits.",0.95,1,0,0,0,,
78.jpg,"Citrus,Black Spot",Citrus,Black Spot,qwen2.5vl:7b,Citrus,Black Spot,"The leaf shows distinct circular brown spots with a yellowish halo, which are characteristic of citrus black spot disease. This disease is commonly observed on citrus leaves and fruits, causing these symptoms.",0.95,1,1,1,0,,
g (178).png,"Citrus,Greening",Citrus,Greening,qwen2.5vl:7b,Citrus,Greening,"The leaf exhibits symptoms of Citrus Greening disease, which is characterized by the distortion of the leaf shape and the presence of a large, irregularly shaped hole, indicative of the disease's progression. This is a common symptom of Citrus Greening, also known as Huanglongbing (HLB), which is a bacterial disease.",0.95,1,1,1,0,,
g (156).png,"Citrus,Greening",Citrus,Greening,qwen2.5vl:7b,Citrus,Greening,"The leaf shows symptoms of Citrus Greening disease, which is characterized by yellowing and distortion of the leaf. This disease is often associated with citrus trees and is caused by a bacterium. The presence of these symptoms strongly suggests the leaf is affected by Citrus Greening.",0.95,1,1,1,0,,
19.pn.png,"Citrus,Canker",Citrus,Canker,qwen2.5vl:7b,Citrus,Black Spot,"The leaf shows small, circular, brown spots with yellow halos, which are characteristic symptoms of citrus black spot disease. This disease is commonly found on citrus leaves and fruits.",0.95,1,0,0,0,,
14.pn.png,"Citrus,Healthy",Citrus,Healthy,qwen2.5vl:7b,Citrus,Black Spot,"The leaf shows small, dark spots, which are characteristic of black spot disease in citrus. This disease typically appears as small, circular, and dark lesions on the leaf surface. The presence of these spots strongly suggests the leaf is diseased.",0.95,1,0,0,0,,
g (73).png,"Citrus,Greening",Citrus,Greening,qwen2.5vl:7b,Citrus,Black Spot,"The leaf shows small, dark spots scattered across its surface, which is characteristic of black spot disease in citrus. The spots are typically small and round, and they appear to be concentrated on the upper surface of the leaf.",0.95,1,0,0,0,,
22.pn.png,"Citrus,Healthy",Citrus,Healthy,qwen2.5vl:7b,Citrus,Black Spot,"The leaf shows small, dark spots, which are characteristic of black spot disease in citrus plants. This disease typically presents as small, circular, dark lesions on the leaf surface.",0.95,1,0,0,0,,
g (37).png,"Citrus,Greening",Citrus,Greening,qwen2.5vl:7b,Citrus,Greening,"The leaf exhibits yellowing and mottling, which are characteristic symptoms of citrus greening disease. This disease is caused by a bacterium and is often accompanied by leaf yellowing and distortion. The presence of these symptoms strongly suggests the leaf is affected by citrus greening.",0.95,1,1,1,0,,
121.p.png,"Citrus,Canker",Citrus,Canker,qwen2.5vl:7b,Citrus,Black Spot,"The leaf shows small, circular, brown spots with yellow halos, which are characteristic symptoms of citrus black spot disease.",0.95,1,0,0,0,,
29.pn.png,"Citrus,Healthy",Citrus,Healthy,qwen2.5vl:7b,Citrus,Greening,"The leaf shows symptoms of Citrus Greening disease, which is characterized by a mottled appearance and yellowing of the leaf. This is a common symptom of the disease in citrus plants.",0.95,1,0,0,0,,
b (176).png,"Citrus,Black Spot",Citrus,Black Spot,qwen2.5vl:7b,Citrus,Greening,"The leaf shows symptoms of citrus greening, characterized by the presence of chlorotic (yellowish-green) areas and necrotic (brown) spots, which are typical signs of this disease. Citrus greening is caused by a bacterium and is often accompanied by leaf distortion and yellowing, which are evident in this image.",0.95,1,0,0,0,,
g (188).png,"Citrus,Greening",Citrus,Greening,qwen2.5vl:7b,Citrus,Greening,"The leaf shows symptoms of citrus greening, a bacterial disease characterized by yellowing and distortion of the leaf, which is consistent with the visual evidence in the image. The presence of these symptoms is a strong indicator of citrus greening.",0.95,1,1,1,0,,
b (169).png,"Citrus,Black Spot",Citrus,Black Spot,qwen2.5vl:7b,Citrus,Greening,"The leaf shows symptoms of citrus greening, a bacterial disease characterized by yellowing and mottling of the leaf, which is indicative of the disease. The presence of these symptoms is a strong indicator of citrus greening.",0.95,1,0,0,0,,
b (196).png,"Citrus,Black Spot",Citrus,Black Spot,qwen2.5vl:7b,Citrus,Greening,"The leaf shows a distinct yellowing and browning pattern, which is characteristic of citrus greening disease. This disease is caused by a bacterium and is often accompanied by leaf yellowing and chlorosis, as seen in the image.",0.95,1,0,0,0,,
86.pn.png,"Citrus,Canker",Citrus,Canker,qwen2.5vl:7b,Citrus,Black Spot,"The leaf exhibits small, circular, brown spots with yellow halos, which are characteristic of citrus black spot disease. This disease typically causes such symptoms on the leaves of citrus trees.",0.95,1,0,0,0,,
b (180).png,"Citrus,Black Spot",Citrus,Black Spot,qwen2.5vl:7b,Citrus,Greening,"The leaf exhibits symptoms of Citrus Greening disease, which is characterized by the yellowing and distortion of the leaf. This is a common symptom of the disease, which is caused by a bacterium and can lead to the death of the tree if left untreated.",0.95,1,0,0,0,,
b (205).png,"Citrus,Black Spot",Citrus,Black Spot,qwen2.5vl:7b,Citrus,Greening,"The leaf shows symptoms of citrus greening, a bacterial disease characterized by the distortion of leaf veins and the presence of brownish discoloration, which is indicative of the disease's progression. The leaf also appears to be wilting, which is a common symptom of citrus greening.",0.95,1,0,0,0,,
151.p.png,"Citrus,Canker",Citrus,Canker,qwen2.5vl:7b,Citrus,Black Spot,"The leaf shows distinct circular brown spots with yellow halos, which are characteristic of citrus black spot disease. This disease is commonly found on citrus leaves and fruits, causing the symptoms observed here.",0.95,1,0,0,0,,
19.pn.png,"Citrus,Healthy",Citrus,Healthy,qwen2.5vl:7b,Citrus,Healthy,"The leaf appears to be a citrus leaf, which is typically elongated and smooth. There are no visible signs of disease such as spots, lesions, or discoloration that would indicate the presence of diseases like Black Spot, Canker, or Greening.",0.95,1,1,1,0,,
53.pn.png,"Citrus,Healthy",Citrus,Healthy,qwen2.5vl:7b,Citrus,Greening,"The leaf exhibits symptoms of Citrus Greening disease, which is characterized by the presence of chlorotic (yellowish-green) areas on the leaf, which is evident in this image. This disease is typically caused by a bacterium and is a significant threat to citrus crops.",0.95,1,0,0,0,,
g (32).png,"Citrus,Greening",Citrus,Greening,qwen2.5vl:7b,Citrus,Greening,"The leaf exhibits yellowing and mottling, which are characteristic symptoms of Citrus Greening disease. This disease is caused by a bacterium and is often accompanied by leaf discoloration and stunting. The presence of these symptoms strongly suggests the presence of Citrus Greening.",0.95,1,1,1,0,,
b (139).png,"Citrus,Black Spot",Citrus,Black Spot,qwen2.5vl:7b,Citrus,Greening,"The leaf shows symptoms of citrus greening, a bacterial disease characterized by yellowing and distortion of the leaf, which is evident in the image. The presence of a brown spot and the overall yellowing of the leaf are indicative of this disease.",0.95,1,0,0,0,,
57.pn.png,"Citrus,Healthy",Citrus,Healthy,qwen2.5vl:7b,Citrus,Greening,"The leaf shows symptoms of citrus greening disease, which is characterized by a distorted shape and a mottled appearance. This disease is caused by a bacterium and is often accompanied by leaf distortion and yellowing, which are evident in the image.",0.95,1,0,0,0,,
30.pn.png,"Citrus,Healthy",Citrus,Healthy,qwen2.5vl:7b,Citrus,Greening,"The leaf exhibits symptoms of Citrus Greening disease, which is characterized by a mottled appearance and distortion of the leaf structure. This is evident from the irregular shape and the presence of dark spots, which are typical signs of this disease.",0.95,1,0,0,0,,
b (282).png,"Citrus,Black Spot",Citrus,Black Spot,qwen2.5vl:7b,Citrus,Greening,"The leaf shows symptoms of Citrus Greening disease, which is characterized by the yellowing of the leaf and the presence of dark brown necrotic spots. These symptoms are indicative of the disease's progression.",0.95,1,0,0,0,,
b (181).png,"Citrus,Black Spot",Citrus,Black Spot,qwen2.5vl:7b,Citrus,Black Spot,"The leaf shows distinct brown spots with a dark border, which is characteristic of citrus black spot disease. This disease typically appears as circular or irregular brown lesions on the leaf surface, often with a dark margin and sometimes with a yellow halo around the lesion. The presence of these symptoms strongly suggests the presence of black spot disease.",0.95,1,1,1,0,,
b (243).png,"Citrus,Black Spot",Citrus,Black Spot,qwen2.5vl:7b,Citrus,Black Spot,"The leaf shows a dark, circular lesion with a yellow halo, which is characteristic of citrus black spot disease. This disease is commonly found on citrus leaves and fruits.",0.95,1,1,1,0,,
bl (3).png,"Citrus,Black Spot",Citrus,Black Spot,qwen2.5vl:7b,Citrus,Greening,"The leaf shows symptoms of citrus greening, a bacterial disease, characterized by the yellowing and distortion of the leaf, which is typical of this disease. The presence of these symptoms strongly suggests the leaf is affected by citrus greening.",0.95,1,0,0,0,,
g (89).png,"Citrus,Greening",Citrus,Greening,qwen2.5vl:7b,Citrus,Greening,"The leaf shows symptoms of citrus greening disease, which is characterized by a yellowing and distortion of the leaf. This is a common symptom of the disease, which is caused by a bacterium and can be visually identified by the discoloration and deformation of the leaf.",0.95,1,1,1,0,,
b (85).png,"Citrus,Black Spot",Citrus,Black Spot,qwen2.5vl:7b,Citrus,Greening,"The leaf shows symptoms of citrus greening, a bacterial disease characterized by yellowing and distortion of the leaf, which is consistent with the visual evidence in the image. The presence of these symptoms strongly suggests the leaf is affected by citrus greening.",0.95,1,0,0,0,,
b (189).png,"Citrus,Black Spot",Citrus,Black Spot,qwen2.5vl:7b,Citrus,Greening,"The leaf shows symptoms of citrus greening, a bacterial disease characterized by yellowing and distortion of the leaf, which is consistent with the visual evidence in the image. The presence of the bacterium is not directly visible, but the symptoms are indicative of this disease.",0.9,1,0,0,0,,
g (5).png,"Citrus,Greening",Citrus,Greening,qwen2.5vl:7b,Citrus,Greening,"The leaf exhibits symptoms of citrus greening, a bacterial disease characterized by yellowing and distortion of the leaf, which is evident in the image. The presence of these symptoms strongly suggests the presence of the disease.",0.95,1,1,1,0,,
b (242).png,"Citrus,Black Spot",Citrus,Black Spot,qwen2.5vl:7b,Citrus,Black Spot,"The leaf shows dark brown to black spots with a yellowish halo, which is characteristic of citrus black spot disease. This disease is common on citrus leaves and often appears as circular or irregular spots with a necrotic center and a yellowish margin.",0.95,1,1,1,0,,
15.pn.png,"Citrus,Healthy",Citrus,Healthy,qwen2.5vl:7b,Citrus,Healthy,"The leaf in the image appears to be a citrus leaf, characterized by its broad, ovate shape with a prominent midrib and a slightly serrated edge. There are no visible signs of disease such as spots, lesions, or discoloration that would indicate the presence of diseases like Black Spot or Canker. The leaf looks intact and there are no symptoms of Greening disease, which typically causes yellowing or distortion of leaves.",0.95,1,1,1,0,,
g (2).png,"Citrus,Greening",Citrus,Greening,qwen2.5vl:7b,Citrus,Greening,"The leaf shows symptoms of Citrus Greening disease, characterized by the yellowing and distortion of the leaf, which are typical signs of this bacterial infection. The presence of these symptoms strongly suggests the leaf is affected by Citrus Greening.",0.95,1,1,1,0,,
24.pn.png,"Citrus,Canker",Citrus,Canker,qwen2.5vl:7b,Citrus,Greening,"The leaf exhibits symptoms of citrus greening disease, characterized by the presence of brown spots and discoloration, which are indicative of the bacterium Candidatus Liberibacter asiaticus that causes the disease. The leaf also shows signs of chlorosis, which is a common symptom of citrus greening.",0.95,1,0,0,0,,
85.pn.png,"Citrus,Canker",Citrus,Canker,qwen2.5vl:7b,Citrus,Black Spot,"The leaf exhibits dark brown spots with a reddish-brown margin, which is characteristic of citrus black spot disease. This disease is commonly found on citrus leaves and fruits, causing the leaf to turn yellow and eventually fall off. The presence of these spots is a clear indicator of the disease.",0.95,1,0,0,0,,
g (197).png,"Citrus,Greening",Citrus,Greening,qwen2.5vl:7b,Citrus,Greening,"The leaf shows signs of chlorosis, with yellowing and discoloration, which is characteristic of citrus greening disease. This disease is caused by a bacterium and is often accompanied by leaf distortion and yellowing, which are evident in the image.",0.95,1,1,1,0,,
b (145).png,"Citrus,Black Spot",Citrus,Black Spot,qwen2.5vl:7b,Citrus,Greening,"The leaf shows symptoms of citrus greening, a bacterial disease characterized by yellowing and distortion of the leaf, which is consistent with the visual evidence in the image. The presence of a brown spot on the leaf could also be indicative of the disease, as citrus greening can cause leaf discoloration and necrosis.",0.9,1,0,0,0,,
20.pn.png,"Citrus,Healthy",Citrus,Healthy,qwen2.5vl:7b,Citrus,Greening,"The leaf exhibits symptoms of Citrus Greening disease, which is characterized by mottling and distortion of the leaf, as seen in the image. The presence of these symptoms is a strong indicator of the disease.",0.95,1,0,0,0,,
b (259).png,"Citrus,Black Spot",Citrus,Black Spot,qwen2.5vl:7b,Citrus,Greening,"The leaf shows symptoms of citrus greening, characterized by the yellowing and distortion of the leaf, which are typical signs of this disease. The presence of these symptoms strongly suggests the leaf is diseased.",0.95,1,0,0,0,,
g (79).png,"Citrus,Greening",Citrus,Greening,qwen2.5vl:7b,Citrus,Greening,"The leaf shows symptoms of citrus Greening disease, characterized by the yellowing of the leaf, which is a common symptom of this disease. The presence of chlorosis (yellowing of the leaf) suggests the breakdown of chlorophyll, which is a key indicator of the Greening disease in citrus plants.",0.95,1,1,1,0,,
g (76).png,"Citrus,Greening",Citrus,Greening,qwen2.5vl:7b,Citrus,Greening,"The leaf exhibits symptoms of citrus greening, a bacterial disease characterized by a mottled appearance and distortion of the leaf structure. The leaf shows a yellowish-green coloration and a distorted shape, which are typical signs of this disease.",0.95,1,1,1,0,,
46.pn.png,"Citrus,Healthy",Citrus,Healthy,qwen2.5vl:7b,Citrus,Greening,"The leaf exhibits symptoms of citrus Greening disease, characterized by chlorosis (yellowing) and distortion of the leaf, which are typical signs of this disease. The presence of these symptoms strongly suggests the leaf is affected by Greening.",0.95,1,0,0,0,,
b (191).png,"Citrus,Black Spot",Citrus,Black Spot,qwen2.5vl:7b,Citrus,Greening,"The leaf exhibits symptoms of Citrus Greening disease, characterized by the yellowing and distortion of the leaf, which are typical signs of this bacterial disease. The presence of these symptoms strongly suggests the leaf is diseased.",0.95,1,0,0,0,,
71.pn.png,"Citrus,Canker",Citrus,Canker,qwen2.5vl:7b,Citrus,Black Spot,"The leaf exhibits small, circular brown spots with yellow halos, which are characteristic symptoms of citrus black spot disease. This disease is commonly found on citrus leaves and fruits.",0.95,1,0,0,0,,
b (161).png,"Citrus,Black Spot",Citrus,Black Spot,qwen2.5vl:7b,Citrus,Greening,"The leaf exhibits symptoms of Citrus Greening disease, characterized by yellowing and distortion of the leaf, which are typical signs of this bacterial disease. The presence of these symptoms strongly suggests the leaf is diseased.",0.95,1,0,0,0,,
g (187).png,"Citrus,Greening",Citrus,Greening,qwen2.5vl:7b,Citrus,Greening,"The leaf exhibits symptoms of Citrus Greening disease, characterized by the yellowing and mottling of the leaf, which is a common sign of this bacterial infection in citrus trees.",0.95,1,1,1,0,,
b (95).png,"Citrus,Black Spot",Citrus,Black Spot,qwen2.5vl:7b,Citrus,Black Spot,"The leaf shows dark brown spots with a reddish-brown margin, which are characteristic of citrus black spot disease. This disease typically appears as circular or irregular spots on the leaf surface.",0.95,1,1,1,0,,
g (182).png,"Citrus,Greening",Citrus,Greening,qwen2.5vl:7b,Citrus,Greening,"The leaf shows signs of chlorosis, which is characterized by the yellowing of the leaf tissue, and the presence of necrotic spots, which are indicative of citrus Greening disease. These symptoms are consistent with the visual evidence of the leaf.",0.95,1,1,1,0,,
b (251).png,"Citrus,Black Spot",Citrus,Black Spot,qwen2.5vl:7b,Citrus,Greening,"The leaf shows symptoms of Citrus Greening disease, characterized by the yellowing and browning of the leaf tissue, which is indicative of the disease. This is a common symptom of Citrus Greening, also known as Huanglongbing (HLB), which is a bacterial disease.",0.95,1,0,0,0,,
4.png.png,"Citrus,Canker",Citrus,Canker,qwen2.5vl:7b,Citrus,Black Spot,"The leaf exhibits small, circular, brown spots on the upper surface, which is characteristic of citrus black spot disease. This disease is commonly found on citrus leaves and fruits and is caused by the fungus Guignardia citricarpa.",0.95,1,0,0,0,,
b (222).png,"Citrus,Black Spot",Citrus,Black Spot,qwen2.5vl:7b,Citrus,Greening,"The leaf shows symptoms of citrus greening disease, characterized by the yellowing of the leaf and the presence of brownish discoloration along the veins, which are typical signs of this disease. The leaf also appears to be dry and curled, which are common symptoms of citrus greening.",0.95,1,0,0,0,,
44.pn.png,"Citrus,Healthy",Citrus,Healthy,qwen2.5vl:7b,Citrus,Greening,"The leaf shows signs of chlorosis, which is a common symptom of citrus greening disease. The leaf appears to have a mottled appearance with yellowing and discoloration, which is characteristic of this disease. The presence of these symptoms strongly suggests the leaf is affected by citrus greening.",0.95,1,0,0,0,,
b (277).png,"Citrus,Black Spot",Citrus,Black Spot,qwen2.5vl:7b,Citrus,Greening,"The leaf shows symptoms of citrus greening, a bacterial disease characterized by yellowing and mottling of the leaf, which is evident in the image. The presence of these symptoms is a strong indicator of citrus greening.",0.95,1,0,0,0,,
g (1).png,"Citrus,Greening",Citrus,Greening,qwen2.5vl:7b,Citrus,Greening,"The leaf exhibits symptoms of Citrus Greening disease, which is characterized by the yellowing and distortion of the leaf. This is a common symptom of the disease, which is caused by a bacterium and is often accompanied by leaf distortion and yellowing.",0.95,1,1,1,0,,
75.pn.png,"Citrus,Canker",Citrus,Canker,qwen2.5vl:7b,Citrus,Black Spot,"The leaf shows small, circular brown spots with yellow halos, which are characteristic of citrus black spot disease. The presence of these symptoms strongly suggests the leaf is diseased.",0.95,1,0,0,0,,
37.pn.png,"Citrus,Healthy",Citrus,Healthy,qwen2.5vl:7b,Citrus,Black Spot,"The leaf shows dark, circular spots with a yellowish halo, which are characteristic of citrus black spot disease. This disease is common in citrus trees and typically presents as small, dark lesions on the leaves.",0.95,1,0,0,0,,
b (69).png,"Citrus,Black Spot",Citrus,Black Spot,qwen2.5vl:7b,Citrus,Black Spot,"The leaf shows small, dark spots scattered across its surface, which is characteristic of black spot disease in citrus. This disease typically causes small, circular, dark spots on the leaves, often with a yellow halo around them, which is consistent with the image provided.",0.95,1,1,1,0,,
42.pn.png,"Citrus,Healthy",Citrus,Healthy,qwen2.5vl:7b,Citrus,Greening,"The leaf shows signs of chlorosis, which is a symptom of citrus greening disease. This disease is characterized by the yellowing and distortion of leaves, which is evident in the image. The presence of these symptoms strongly suggests the leaf is affected by citrus greening.",0.95,1,0,0,0,,
33.pn.png,"Citrus,Healthy",Citrus,Healthy,qwen2.5vl:7b,Citrus,Healthy,"The leaf appears to be a citrus leaf, and there are no visible signs of disease such as spots, lesions, or discoloration that would indicate the presence of diseases like Black Spot or Canker. The leaf looks healthy with a uniform green color and no signs of wilting or damage.",0.95,1,1,1,0,,
g (39).png,"Citrus,Greening",Citrus,Greening,qwen2.5vl:7b,Citrus,Black Spot,"The leaf shows small, dark spots scattered across its surface, which is characteristic of black spot disease in citrus. This disease typically causes small, round, dark spots on the leaf surface, which matches the visual evidence in the image.",0.95,1,0,0,0,,
g (130).png,"Citrus,Greening",Citrus,Greening,qwen2.5vl:7b,Citrus,Greening,"The leaf shows symptoms of Citrus Greening disease, which is characterized by yellowing and mottling of the leaf, as well as the presence of small, dark spots. These symptoms are indicative of the disease, which is caused by a bacterium and is highly destructive to citrus trees.",0.95,1,1,1,0,,
5.png.png,"Citrus,Healthy",Citrus,Healthy,qwen2.5vl:7b,Citrus,Greening,"The leaf exhibits symptoms of Citrus Greening disease, characterized by the yellowing and mottling of the leaf, which is indicative of the disease's progression. This is a common symptom of Citrus Greening, also known as Huanglongbing (HLB), which is a bacterial disease.",0.9,1,0,0,0,,
g (30).png,"Citrus,Greening",Citrus,Greening,qwen2.5vl:7b,Citrus,Greening,"The leaf exhibits symptoms of Citrus Greening disease, characterized by the presence of chlorotic (yellowish) areas on the leaf, which is a common symptom of this bacterial disease. The disease is often spread by the psyllid insect, which can be seen as small, dark spots on the leaf surface.",0.95,1,1,1,0,,
b (197).png,"Citrus,Black Spot",Citrus,Black Spot,qwen2.5vl:7b,Citrus,Greening,"The leaf shows symptoms of citrus greening disease, characterized by the yellowing and distortion of the leaf, which is a common symptom of this bacterial disease. The presence of these symptoms strongly suggests the leaf is affected by citrus greening.",0.95,1,0,0,0,,
10.pn.png,"Citrus,Healthy",Citrus,Healthy,qwen2.5vl:7b,Citrus,Greening,"The leaf shows signs of chlorosis, which is a common symptom of citrus greening disease. This disease is characterized by the yellowing and distortion of leaves, which is evident in the image. The presence of these symptoms strongly suggests the leaf is affected by citrus greening.",0.95,1,0,0,0,,
b (91).png,"Citrus,Black Spot",Citrus,Black Spot,qwen2.5vl:7b,Citrus,Black Spot,"The leaf shows brown spots with a dark border, which is characteristic of citrus black spot disease. This disease is common in citrus plants and typically appears as circular or irregular brown spots on the leaves.",0.95,1,1,1,0,,
g (22).png,"Citrus,Greening",Citrus,Greening,qwen2.5vl:7b,Citrus,Greening,"The leaf shows signs of chlorosis, with yellowing and necrosis, which are characteristic symptoms of citrus greening disease. The presence of these symptoms strongly suggests the leaf is affected by this disease.",0.95,1,1,1,0,,
88.pn.png,"Citrus,Canker",Citrus,Canker,qwen2.5vl:7b,Citrus,Black Spot,"The leaf shows numerous small, circular lesions with brown centers and yellow halos, which are characteristic symptoms of citrus black spot disease. This disease is commonly found on citrus leaves and fruits, causing significant yield loss.",0.95,1,0,0,0,,
144.p.png,"Citrus,Canker",Citrus,Canker,qwen2.5vl:7b,Citrus,Black Spot,"The leaf shows small, circular, brownish spots with yellow halos, which are characteristic of citrus black spot disease. This disease is commonly found on citrus leaves and fruits, causing these distinctive symptoms.",0.95,1,0,0,0,,
8.png.png,"Citrus,Healthy",Citrus,Healthy,qwen2.5vl:7b,Citrus,Healthy,"The leaf appears to be a citrus leaf, characterized by its smooth, glossy surface and the prominent central vein. There are no visible signs of disease such as spots, lesions, or discoloration that would indicate the presence of diseases like Black Spot or Canker. The leaf looks healthy and vibrant.",0.95,1,1,1,0,,
g (91).png,"Citrus,Greening",Citrus,Greening,qwen2.5vl:7b,Citrus,Greening,"The leaf exhibits symptoms of Citrus Greening disease, characterized by the yellowing and distortion of the leaf, which is indicative of the disease. The presence of these symptoms is strong evidence of the disease being present.",0.95,1,1,1,0,,
35.pn.png,"Citrus,Canker",Citrus,Canker,qwen2.5vl:7b,Citrus,Black Spot,"The leaf shows small, circular, brown spots with yellow halos, which are characteristic of citrus black spot disease. This disease is common on citrus leaves and typically appears as small, raised, and brown lesions surrounded by a yellow halo.",0.95,1,0,0,0,,
g (16).png,"Citrus,Greening",Citrus,Greening,qwen2.5vl:7b,Citrus,Greening,"The leaf exhibits symptoms of Citrus Greening disease, characterized by yellowing and mottling of the leaf, which is typical of this disease. The presence of these symptoms strongly suggests the leaf is diseased with Citrus Greening.",0.95,1,1,1,0,,
135.p.png,"Citrus,Canker",Citrus,Canker,qwen2.5vl:7b,Citrus,Black Spot,"The leaf shows small, circular, brown spots scattered across its surface, which is characteristic of black spot disease in citrus plants. This disease typically causes small, dark spots on the leaves, which can lead to premature leaf drop and reduced fruit yield.",0.95,1,0,0,0,,
155.p.png,"Citrus,Canker",Citrus,Canker,qwen2.5vl:7b,Citrus,Black Spot,"The leaf exhibits circular lesions with dark brown to black centers, which are characteristic of citrus black spot disease. These symptoms are not consistent with canker, greening, or a healthy leaf.",0.95,1,0,0,0,,
69.pn.png,"Citrus,Canker",Citrus,Canker,qwen2.5vl:7b,Citrus,Black Spot,"The leaf shows small, brown, circular spots with a yellow halo, which are characteristic of citrus black spot disease. This disease is common on citrus leaves and typically appears as these distinct lesions.",0.95,1,0,0,0,,
g (90).png,"Citrus,Greening",Citrus,Greening,qwen2.5vl:7b,Citrus,Greening,"The leaf exhibits symptoms of Citrus Greening disease, which is characterized by the yellowing and distortion of the leaf, as well as the presence of the bacterium that causes the disease. The leaf appears to be in a state of decline, which is typical for leaves affected by Citrus Greening.",0.9,1,1,1,0,,
g (135).png,"Citrus,Greening",Citrus,Greening,qwen2.5vl:7b,Citrus,Greening,"The leaf shows symptoms of Citrus Greening disease, which is characterized by yellowing and distortion of the leaf, as well as the presence of a gall on the leaf stem. These are typical signs of Citrus Greening, a bacterial disease that affects citrus trees.",0.95,1,1,1,0,,
15.pn.png,"Citrus,Canker",Citrus,Canker,qwen2.5vl:7b,Citrus,Black Spot,"The leaf shows small, circular, brown spots with yellow halos, which are characteristic of citrus black spot disease. This disease is commonly found on citrus leaves and fruits.",0.95,1,0,0,0,,
b (164).png,"Citrus,Black Spot",Citrus,Black Spot,qwen2.5vl:7b,Citrus,Greening,"The leaf exhibits symptoms of Citrus Greening disease, which is characterized by yellowing and distortion of the leaf, as well as the presence of brown necrotic spots, which are indicative of the disease's progression. The leaf also shows signs of leaf distortion and discoloration, which are common symptoms of Citrus Greening.",0.95,1,0,0,0,,
b (49).png,"Citrus,Black Spot",Citrus,Black Spot,qwen2.5vl:7b,Citrus,Greening,"The leaf shows symptoms of Citrus Greening disease, which is characterized by yellowing and distortion of the leaf, as well as the presence of brown necrotic spots. These symptoms are indicative of the disease affecting the citrus plant.",0.95,1,0,0,0,,
g (87).png,"Citrus,Greening",Citrus,Greening,qwen2.5vl:7b,Citrus,Greening,"The leaf exhibits symptoms of Citrus Greening disease, which is characterized by yellowing and distortion of the leaf. This is a common symptom of the disease, which is caused by a bacterium and is often accompanied by leaf distortion and yellowing.",0.95,1,1,1,0,,
55.pn.png,"Citrus,Healthy",Citrus,Healthy,qwen2.5vl:7b,Citrus,Healthy,"The leaf appears to be a citrus leaf, and there are no visible signs of disease such as spots, lesions, or discoloration that would indicate the presence of diseases like Black Spot or Canker. The leaf looks intact and there are no symptoms of Citrus Greening disease, which typically causes yellowing and distortion of leaves.",0.95,1,1,1,0,,
g (95).png,"Citrus,Greening",Citrus,Greening,qwen2.5vl:7b,Citrus,Greening,"The leaf exhibits symptoms of Citrus Greening disease, characterized by the presence of small, dark spots scattered across the leaf surface. These spots are indicative of the bacterial infection that causes this disease. The leaf also appears to be yellowing, which is a common symptom of Citrus Greening.",0.95,1,1,1,0,,
g (124).png,"Citrus,Greening",Citrus,Greening,qwen2.5vl:7b,Citrus,Greening,"The leaf exhibits symptoms of Citrus Greening disease, which is characterized by the yellowing and distortion of the leaf. This is a common symptom of this disease, which is caused by a bacterium and is often accompanied by leaf distortion and yellowing.",0.95,1,1,1,0,,
36.pn.png,"Citrus,Canker",Citrus,Canker,qwen2.5vl:7b,Citrus,Black Spot,"The leaf shows small, circular, brown spots with a yellow halo, which are characteristic symptoms of citrus black spot disease. This disease is common in citrus plants and typically appears as these distinct lesions on the leaf surface.",0.95,1,0,0,0,,
b (166).png,"Citrus,Black Spot",Citrus,Black Spot,qwen2.5vl:7b,Citrus,Greening,"The leaf exhibits symptoms of citrus greening, a bacterial disease characterized by the yellowing and mottling of the leaf, which is visible in the image. The presence of these symptoms is strong evidence of the disease.",0.95,1,0,0,0,,
111.p.png,"Citrus,Canker",Citrus,Canker,qwen2.5vl:7b,Citrus,Black Spot,"The leaf exhibits small, circular, brown spots with a reddish halo, which are characteristic of citrus black spot disease. This disease is commonly found on citrus leaves and fruits.",0.95,1,0,0,0,,
b (198).png,"Citrus,Black Spot",Citrus,Black Spot,qwen2.5vl:7b,Citrus,Greening,"The leaf shows symptoms of citrus greening, a bacterial disease characterized by the yellowing and distortion of leaf veins and edges. This is evident from the yellowing and browning at the edges of the leaf, which are typical signs of citrus greening.",0.95,1,0,0,0,,
b (67).png,"Citrus,Black Spot",Citrus,Black Spot,qwen2.5vl:7b,Citrus,Greening,"The leaf shows signs of chlorosis, which is a common symptom of citrus greening disease. The leaf appears to have a yellowish-green color, which is indicative of nutrient deficiency, particularly in iron and magnesium, which are often affected in citrus trees with this disease. The leaf also appears to be slightly curled, which can be another symptom of citrus greening.",0.8,1,0,0,0,,
b (244).png,"Citrus,Black Spot",Citrus,Black Spot,qwen2.5vl:7b,Citrus,Greening,"The leaf exhibits symptoms of citrus Greening disease, characterized by the presence of a dark brown spot near the base of the leaf, which is a common symptom of this disease. The overall yellowing and browning of the leaf further support this diagnosis.",0.95,1,0,0,0,,
60.pn.png,"Citrus,Canker",Citrus,Canker,qwen2.5vl:7b,Citrus,Black Spot,"The leaf shows small, circular, brown spots with yellow halos, which are characteristic of citrus black spot disease. This disease is commonly found on citrus leaves and fruits.",0.95,1,0,0,0,,
g (29).png,"Citrus,Greening",Citrus,Greening,qwen2.5vl:7b,Citrus,Greening,"The leaf shows symptoms of Citrus Greening disease, characterized by the presence of yellowing and necrotic spots, which are indicative of the disease. The leaf also appears to have a distorted shape, which is another common symptom of Citrus Greening.",0.95,1,1,1,0,,
117.p.png,"Citrus,Canker",Citrus,Canker,qwen2.5vl:7b,Citrus,Black Spot,"The leaf exhibits circular brown spots with yellow halos, which are characteristic symptoms of citrus black spot disease. This disease is commonly found on citrus leaves and fruits.",0.95,1,0,0,0,,
b (160).png,"Citrus,Black Spot",Citrus,Black Spot,qwen2.5vl:7b,Citrus,Greening,"The leaf exhibits symptoms of Citrus Greening disease, which is characterized by the distortion of leaf shape and color, as seen in the image. The leaf appears to be curled and discolored, which are typical signs of this disease.",0.95,1,0,0,0,,
2.png.png,"Citrus,Healthy",Citrus,Healthy,qwen2.5vl:7b,Citrus,Greening,"The leaf shows symptoms of Citrus Greening disease, which is characterized by the distortion of leaf shape and color, as well as the presence of small, yellowish spots. These symptoms are indicative of the disease known as Citrus Greening, which is caused by a bacterium.",0.95,1,0,0,0,,
37.pn.png,"Citrus,Canker",Citrus,Canker,qwen2.5vl:7b,Citrus,Black Spot,"The leaf shows distinct circular brown spots on a green background, which is characteristic of citrus black spot disease. This disease is commonly found on citrus leaves and is characterized by these brown spots.",0.95,1,0,0,0,,
17.pn.png,"Citrus,Canker",Citrus,Canker,qwen2.5vl:7b,Citrus,Black Spot,"The leaf shows distinct circular brown spots with yellow halos, which are characteristic symptoms of citrus black spot disease. This disease is commonly found on citrus leaves and fruits.",0.95,1,0,0,0,,
92.pn.png,"Citrus,Canker",Citrus,Canker,qwen2.5vl:7b,Citrus,Black Spot,"The leaf shows small, dark brown to black spots scattered across its surface, which is characteristic of citrus black spot disease. This disease is commonly found on citrus leaves and fruits, causing the development of these spots.",0.95,1,0,0,0,,
57.pn.png,"Citrus,Canker",Citrus,Canker,qwen2.5vl:7b,Citrus,Greening,"The leaf exhibits symptoms of Citrus Greening disease, which is characterized by the presence of yellowing and discoloration, as well as the presence of small brown spots, which are indicative of the disease. These symptoms are typical of Citrus Greening, a bacterial disease that affects citrus trees.",0.95,1,0,0,0,,
b (78).png,"Citrus,Black Spot",Citrus,Black Spot,qwen2.5vl:7b,Citrus,Greening,"The leaf exhibits symptoms of citrus greening, a bacterial disease characterized by yellowing and distortion of the leaf, which is evident in the image. The presence of the bacterium, Candidatus Liberibacter asiaticus, typically causes these symptoms in citrus trees.",0.95,1,0,0,0,,
g (203).png,"Citrus,Greening",Citrus,Greening,qwen2.5vl:7b,Citrus,Greening,"The leaf shows signs of chlorosis, with a yellowing of the leaf tissue, which is characteristic of citrus greening disease. This disease is caused by the bacterium ""Candidatus Liberibacter asiaticus"" and is known to cause yellowing and distortion of citrus leaves.",0.95,1,1,1,0,,
58.pn.png,"Citrus,Healthy",Citrus,Healthy,qwen2.5vl:7b,Citrus,Healthy,"The leaf appears to be a citrus leaf, which is characterized by its smooth texture and the presence of a midrib. There are no visible signs of disease such as spots, lesions, or discoloration that would indicate the presence of diseases like Black Spot or Canker. The leaf looks healthy and there are no symptoms of Greening disease, which typically causes yellowing of the leaf veins.",0.95,1,1,1,0,,
g (6).png,"Citrus,Greening",Citrus,Greening,qwen2.5vl:7b,Citrus,Greening,"The leaf exhibits symptoms of Citrus Greening disease, which is characterized by yellowing and distortion of the leaf. This is a common symptom of the disease, which is caused by a bacteria transmitted by the psyllid insect.",0.95,1,1,1,0,,
39.pn.png,"Citrus,Healthy",Citrus,Healthy,qwen2.5vl:7b,Citrus,Greening,"The leaf shows symptoms of Citrus Greening disease, which is characterized by chlorosis (yellowing) and distortion of the leaf. This is evident from the yellowing and distortion of the leaf in the image.",0.95,1,0,0,0,,
106.p.png,"Citrus,Canker",Citrus,Canker,qwen2.5vl:7b,Citrus,Black Spot,"The leaf shows small, circular, brown spots with yellow halos, which are characteristic of citrus black spot disease. This disease is common on citrus leaves and typically presents as these distinct lesions.",0.95,1,0,0,0,,
136.p.png,"Citrus,Canker",Citrus,Canker,qwen2.5vl:7b,Citrus,Black Spot,"The leaf shows small, circular, brown spots with yellow halos, which are characteristic of citrus black spot disease. This disease is commonly found on citrus leaves and fruits.",0.95,1,0,0,0,,
b (59).png,"Citrus,Black Spot",Citrus,Black Spot,qwen2.5vl:7b,Citrus,Greening,"The leaf shows signs of chlorosis, which is a symptom of citrus greening disease. The leaf appears to have a mottled appearance with yellowing and discoloration, which is characteristic of this disease. The presence of these symptoms strongly suggests the leaf is affected by citrus greening.",0.95,1,0,0,0,,
31.pn.png,"Citrus,Healthy",Citrus,Healthy,qwen2.5vl:7b,Citrus,Greening,"The leaf exhibits symptoms of Citrus Greening disease, which is characterized by the yellowing and distortion of the leaf. This is a common symptom of the disease, which is caused by a bacterium and is often accompanied by leaf distortion and yellowing.",0.95,1,0,0,0,,
32.pn.png,"Citrus,Healthy",Citrus,Healthy,qwen2.5vl:7b,Citrus,Healthy,"The leaf appears to be a citrus leaf, which is consistent with the shape and coloration. There are no visible signs of disease such as spots, lesions, or discoloration that would indicate the presence of diseases like Black Spot or Canker. The leaf looks intact and there are no symptoms of Greening disease, which typically causes yellowing and distortion of leaves.",0.95,1,1,1,0,,
g (198).png,"Citrus,Greening",Citrus,Greening,qwen2.5vl:7b,Citrus,Black Spot,"The leaf shows small, dark spots scattered across its surface, which is characteristic of black spot disease in citrus plants. This disease typically appears as small, circular, dark spots on the leaf surface, which matches the visual evidence in the image.",0.95,1,0,0,0,,
152.p.png,"Citrus,Canker",Citrus,Canker,qwen2.5vl:7b,Citrus,Black Spot,"The leaf shows small, circular, brown spots on the upper surface, which is characteristic of citrus black spot disease. This disease is commonly found on citrus leaves and fruits, causing these distinctive lesions.",0.95,1,0,0,0,,
b (271).png,"Citrus,Black Spot",Citrus,Black Spot,qwen2.5vl:7b,Citrus,Greening,"The leaf exhibits symptoms of citrus Greening disease, characterized by the yellowing of the leaf tissue and the presence of brown spots, which are indicative of the disease. These symptoms are consistent with the visual evidence of citrus plants affected by Greening.",0.95,1,0,0,0,,
g (167).png,"Citrus,Greening",Citrus,Greening,qwen2.5vl:7b,Citrus,Greening,"The leaf exhibits symptoms of Citrus Greening disease, which is characterized by the presence of chlorotic (yellowish-green) areas and distortion of the leaf shape. These symptoms are indicative of the disease, which is caused by a bacterium and is often seen in citrus leaves.",0.95,1,1,1,0,,
b (2).png,"Citrus,Black Spot",Citrus,Black Spot,qwen2.5vl:7b,Citrus,Greening,"The leaf exhibits symptoms of Citrus Greening disease, characterized by the yellowing of the leaf, which is a common symptom of this disease. The presence of the yellowing suggests that the plant is not healthy and is likely infected with the Citrus Greening bacterium.",0.9,1,0,0,0,,
b (174).png,"Citrus,Black Spot",Citrus,Black Spot,qwen2.5vl:7b,Citrus,Black Spot,"The leaf shows brown spots with a dark border, which is characteristic of citrus black spot disease. This disease typically appears as small, circular, brown lesions with a dark margin on the leaf surface.",0.95,1,1,1,0,,
115.p.png,"Citrus,Canker",Citrus,Canker,qwen2.5vl:7b,Citrus,Black Spot,"The leaf shows distinct circular spots with brown centers and yellow halos, which are characteristic symptoms of citrus black spot disease. This disease is commonly found on citrus leaves and fruits.",0.95,1,0,0,0,,
g (100).png,"Citrus,Greening",Citrus,Greening,qwen2.5vl:7b,Citrus,Greening,"The leaf shows signs of chlorosis, which is a common symptom of citrus greening disease. The yellowing of the leaf is not uniform and appears to be concentrated in certain areas, which is characteristic of the disease. The presence of this symptom strongly suggests the leaf is infected with citrus greening.",0.95,1,1,1,0,,
11.pn.png,"Citrus,Healthy",Citrus,Healthy,qwen2.5vl:7b,Citrus,Black Spot,"The leaf shows small, circular, brown spots with yellow halos, which are characteristic of citrus black spot disease. This disease is commonly found on citrus leaves and fruits.",0.95,1,0,0,0,,
109.p.png,"Citrus,Canker",Citrus,Canker,qwen2.5vl:7b,Citrus,Black Spot,"The leaf shows small, circular brown spots on the upper surface, which is characteristic of citrus black spot disease. This disease is commonly found on citrus leaves and fruits and is caused by the fungus Guignardia citricarpa. The presence of these spots is a clear indicator of the disease.",0.95,1,0,0,0,,
b (225).png,"Citrus,Black Spot",Citrus,Black Spot,qwen2.5vl:7b,Citrus,Black Spot,"The leaf shows dark, circular spots with a brownish border, which are characteristic of black spot disease in citrus plants. This disease typically appears as small, dark spots on the leaf surface, often with a yellow halo around them.",0.95,1,1,1,0,,
4.png.png,"Citrus,Healthy",Citrus,Healthy,qwen2.5vl:7b,Citrus,Greening,"The leaf exhibits symptoms of Citrus Greening disease, which is characterized by the distortion of leaf shape and color. The leaf appears to have a curled and puckered appearance, which is a common symptom of this disease. The presence of these symptoms strongly suggests the presence of Citrus Greening disease.",0.95,1,0,0,0,,
33.pn.png,"Citrus,Canker",Citrus,Canker,qwen2.5vl:7b,Citrus,Black Spot,"The leaf shows small, circular, brown spots with yellow halos, which are characteristic symptoms of citrus black spot disease. This disease is common on citrus leaves and often appears as small, dark spots surrounded by a yellowish halo.",0.95,1,0,0,0,,
b (140).png,"Citrus,Black Spot",Citrus,Black Spot,qwen2.5vl:7b,Citrus,Black Spot,"The leaf shows brown spots with a yellow halo, which are characteristic symptoms of citrus black spot disease. This disease is common in citrus plants and is typically characterized by these distinctive lesions.",0.95,1,1,1,0,,
16.pn.png,"Citrus,Healthy",Citrus,Healthy,qwen2.5vl:7b,Citrus,Black Spot,"The leaf shows dark, circular spots with a yellowish halo, which are characteristic of citrus black spot disease. This disease is common on citrus leaves and fruits, causing these distinctive symptoms.",0.95,1,0,0,0,,
160.p.png,"Citrus,Canker",Citrus,Canker,qwen2.5vl:7b,Citrus,Greening,"The leaf exhibits symptoms of Citrus Greening disease, characterized by the yellowing and distortion of the leaf, which is typical of this bacterial disease. The presence of the characteristic yellowing and distortion is strong evidence for the diagnosis of Citrus Greening.",0.95,1,0,0,0,,
g (44).png,"Citrus,Greening",Citrus,Greening,qwen2.5vl:7b,Citrus,Greening,"The leaf shows signs of chlorosis, which is a common symptom of Citrus Greening disease. Chlorosis is characterized by the yellowing of the leaf, which is evident in the image. This disease is caused by a bacterium and is often accompanied by leaf distortion and stunting, although these are not visible in this image.",0.8,1,1,1,0,,
bl (4).png,"Citrus,Black Spot",Citrus,Black Spot,qwen2.5vl:7b,Citrus,Greening,"The leaf exhibits symptoms of Citrus Greening disease, characterized by the yellowing and mottling of the leaf, which is a common symptom of this bacterial disease. The presence of these symptoms strongly suggests the presence of Citrus Greening disease.",0.95,1,0,0,0,,
b (44).png,"Citrus,Black Spot",Citrus,Black Spot,qwen2.5vl:7b,Citrus,Greening,"The leaf shows symptoms of citrus greening disease, which is characterized by yellowing and distortion of the leaf, as well as the presence of brown necrotic areas. These symptoms are indicative of the Huanglongbing (HLB) disease, commonly known as citrus greening.",0.95,1,0,0,0,,
34.pn.png,"Citrus,Canker",Citrus,Canker,qwen2.5vl:7b,Citrus,Black Spot,"The leaf shows small, dark brown spots on the upper surface, which is characteristic of citrus black spot disease. This disease typically presents as small, circular, sunken lesions on the upper surface of leaves.",0.95,1,0,0,0,,
g (72).png,"Citrus,Greening",Citrus,Greening,qwen2.5vl:7b,Citrus,Greening,"The leaf exhibits symptoms of Citrus Greening disease, characterized by yellowing and mottling of the leaf, which is a common sign of this disease. The presence of these symptoms strongly suggests the leaf is affected by Citrus Greening.",0.95,1,1,1,0,,
g (191).png,"Citrus,Greening",Citrus,Greening,qwen2.5vl:3b,Citrus,Greening,"The leaf shows signs of chlorosis, which is a characteristic symptom of citrus greening disease. The yellowing and discoloration of the leaf suggest a deficiency in chlorophyll, a key indicator of greening disease.",0.8,1,1,1,0,,
95.pn.png,"Citrus,Canker",Citrus,Canker,qwen2.5vl:3b,Citrus,Black Spot,"The leaf shows brown spots and discoloration, which are typical symptoms of Black Spot. The brown spots are consistent with the disease's characteristic appearance.",0.8,1,0,0,0,,
36.pn.png,"Citrus,Healthy",Citrus,Healthy,qwen2.5vl:3b,Citrus,Greening,"The leaf shows signs of chlorosis, which is a common symptom of citrus greening disease. The leaf is also discolored, with a greenish hue, which is characteristic of this disease. The leaf edges appear to be curled, which can be a symptom of citrus greening.",0.8,1,0,0,0,,
9.png.png,"Citrus,Healthy",Citrus,Healthy,qwen2.5vl:3b,Citrus,Healthy,"The leaf appears to be in good condition with no visible signs of discoloration, spots, or lesions that would indicate the presence of a disease. The texture and color are consistent with a healthy leaf.",0.95,1,1,1,0,,
17.pn.png,"Citrus,Healthy",Citrus,Healthy,qwen2.5vl:3b,Citrus,Greening,"The leaf shows signs of chlorosis, which is a symptom of Greening disease. The leaf is also slightly curled, indicating stress or disease. The overall appearance suggests that the leaf is affected by Greening.",0.8,1,0,0,0,,
25.pn.png,"Citrus,Healthy",Citrus,Healthy,qwen2.5vl:3b,Citrus,Greening,"The leaf shows signs of chlorosis, which is a symptom of greening disease. The edges of the leaf are yellowing, and the overall coloration is not vibrant, indicating a lack of chlorophyll production.",0.8,1,0,0,0,,
163.p.png,"Citrus,Canker",Citrus,Canker,qwen2.5vl:3b,Citrus,Greening,"The leaf shows signs of greening, with yellowish spots and discoloration, which are characteristic of citrus greening disease. The presence of these symptoms suggests the leaf is affected by this disease.",0.8,1,0,0,0,,
g (131).png,"Citrus,Greening",Citrus,Greening,qwen2.5vl:3b,Citrus,Greening,"The leaf shows signs of chlorosis, which is a symptom of Greening disease. The edges of the leaf are turning yellow, and there are no visible black spots or cankers that would indicate other diseases.",0.8,1,1,1,0,,
g (96).png,"Citrus,Greening",Citrus,Greening,qwen2.5vl:3b,Citrus,Healthy,"The leaf appears to be green and healthy with no visible signs of discoloration, spots, or lesions that would indicate disease.",0.9,1,0,0,0,,
g (52).png,"Citrus,Greening",Citrus,Greening,qwen2.5vl:3b,Citrus,Greening,"The leaf has a characteristic greenish-yellow coloration, which is often indicative of citrus greening disease. The leaf also appears to have a slightly curled edge, which is a common symptom of this disease. The leaf is not uniformly green, suggesting that it is affected by the disease.",0.8,1,1,1,0,,
g (12).png,"Citrus,Greening",Citrus,Greening,qwen2.5vl:3b,Citrus,Greening,"The leaf shows signs of chlorosis, which is a symptom of greening disease. The edges of the leaf are turning yellow, and the overall coloration is not vibrant, indicating a lack of chlorophyll production.",0.8,1,1,1,0,,
b (144).png,"Citrus,Black Spot",Citrus,Black Spot,qwen2.5vl:3b,Citrus,Greening,"The leaf shows signs of chlorosis, which is a common symptom of citrus greening disease. The edges of the leaf are turning brown, indicating a decline in health. The overall yellowing and discoloration suggest a disease affecting the tree's ability to photosynthesize effectively.",0.8,1,0,0,0,,
g (88).png,"Citrus,Greening",Citrus,Greening,qwen2.5vl:3b,Citrus,Healthy,"The leaf appears to be in good condition with no visible signs of discoloration, spots, or lesions that would indicate disease. The texture and color are consistent with a healthy leaf.",0.9,1,0,0,0,,
51.pn.png,"Citrus,Healthy",Citrus,Healthy,qwen2.5vl:3b,Citrus,Healthy,"The leaf appears to be in good condition with no visible signs of disease such as discoloration, lesions, or spots. The veins and edges are intact, and there are no visible symptoms of disease.",0.9,1,1,1,0,,
24.pn.png,"Citrus,Healthy",Citrus,Healthy,qwen2.5vl:3b,Citrus,Healthy,"The leaf appears to be green and healthy with no visible signs of discoloration, spots, or lesions that would indicate the presence of a disease such as Black Spot, Canker, or Greening.",0.9,1,1,1,0,,
13.pn.png,"Citrus,Canker",Citrus,Canker,qwen2.5vl:3b,Citrus,Black Spot,"The leaf shows characteristic black spots with a yellow halo, which are typical symptoms of Black Spot disease. The spots are irregularly shaped and scattered across the leaf surface.",0.9,1,0,0,0,,
g (113).png,"Citrus,Greening",Citrus,Greening,qwen2.5vl:3b,Citrus,Healthy,"The leaf appears to be healthy with no visible signs of disease such as lesions, discoloration, or spots. The green color and smooth texture suggest it is not affected by any disease.",0.9,1,0,0,0,,
b (14).png,"Citrus,Black Spot",Citrus,Black Spot,qwen2.5vl:3b,Citrus,Greening,"The leaf shows signs of chlorosis, which is a common symptom of citrus greening disease. The edges of the leaf are turning yellow, and there is a noticeable loss of green color in the center of the leaf. This indicates a deficiency in chlorophyll production, which is characteristic of citrus greening disease.",0.8,1,0,0,0,,
g (134).png,"Citrus,Greening",Citrus,Greening,qwen2.5vl:3b,Citrus,Healthy,"The leaf appears to be green and healthy with no visible signs of discoloration, spots, or lesions that would indicate disease. The edges are smooth and there are no visible symptoms of disease such as black spots, cankers, or greening.",0.9,1,0,0,0,,
b (86).png,"Citrus,Black Spot",Citrus,Black Spot,qwen2.5vl:3b,Citrus,Healthy,"The leaf appears to be green and healthy with no visible signs of discoloration, spots, or lesions that would indicate the presence of a disease.",0.9,1,0,0,0,,
123.p.png,"Citrus,Canker",Citrus,Canker,qwen2.5vl:3b,Citrus,Greening,"The leaf shows signs of greening, with yellowish spots and irregular edges, which are characteristic of citrus greening disease. The spots are scattered across the leaf, indicating a widespread infection.",0.8,1,0,0,0,,
54.pn.png,"Citrus,Canker",Citrus,Canker,qwen2.5vl:3b,Citrus,Greening,"The leaf shows signs of greening, which is characterized by the presence of yellow or green spots and streaks. These symptoms are consistent with citrus greening disease, which is caused by the bacterium Xanthomonas citri. The leaf appears to be discolored and has a wilted appearance, which are typical signs of this disease.",0.8,1,0,0,0,,
b (226).png,"Citrus,Black Spot",Citrus,Black Spot,qwen2.5vl:3b,Citrus,Healthy,"The leaf appears to be healthy with no visible signs of discoloration, spots, or lesions that would indicate disease. The coloration is consistent and there are no visible symptoms of disease such as black spots, cankers, or greening.",0.9,1,0,0,0,,
23.pn.png,"Citrus,Healthy",Citrus,Healthy,qwen2.5vl:3b,Citrus,Healthy,"The leaf appears to be healthy with no visible signs of discoloration, spots, or lesions that would indicate the presence of a disease such as Black Spot, Canker, or Greening. The leaf is green and has a smooth surface without any irregularities.",0.9,1,1,1,0,,
g (160).png,"Citrus,Greening",Citrus,Greening,qwen2.5vl:3b,Citrus,Greening,"The leaf shows signs of greening, which is characterized by a yellowish-green coloration and the presence of small, white spots. These symptoms are consistent with citrus greening disease, which is caused by the bacterium Xylella fastidiosa.",0.8,1,1,1,0,,
b (94).png,"Citrus,Black Spot",Citrus,Black Spot,qwen2.5vl:3b,Citrus,Greening,"The leaf shows signs of discoloration and wilting, which are typical symptoms of citrus greening disease. The leaf is not uniformly green, with a noticeable brown spot, indicating a disease process.",0.85,1,0,0,0,,
bl (6).png,"Citrus,Black Spot",Citrus,Black Spot,qwen2.5vl:3b,Citrus,Greening,"The leaf shows signs of greening, which is characterized by a yellowish-green coloration and the presence of necrotic spots. The leaf also appears to be curled and has a rough texture, which are common symptoms of citrus greening disease.",0.8,1,0,0,0,,
b (281).png,"Citrus,Black Spot",Citrus,Black Spot,qwen2.5vl:3b,Citrus,Greening,"The leaf shows signs of chlorosis, which is a common symptom of citrus greening disease. The edges of the leaf are curled and there is a noticeable yellowing, which is characteristic of this disease. The leaf also appears to be deformed, which is another symptom of citrus greening.",0.8,1,0,0,0,,
7.png.png,"Citrus,Healthy",Citrus,Healthy,qwen2.5vl:3b,Citrus,Greening,"The leaf shows signs of greening, with a discolored area that is characteristic of citrus greening disease. The leaf appears to be wilted and has a rough texture, which are common symptoms of this disease.",0.8,1,0,0,0,,
g (42).png,"Citrus,Greening",Citrus,Greening,qwen2.5vl:3b,Citrus,Healthy,"The leaf appears to be healthy with no visible signs of discoloration, spots, or lesions that would indicate the presence of a disease such as Black Spot, Canker, or Greening. The leaf is green and has a normal appearance.",0.9,1,0,0,0,,
156.p.png,"Citrus,Canker",Citrus,Canker,qwen2.5vl:3b,Citrus,Greening,"The leaf shows signs of greening, with yellow and brown spots and discoloration, which are typical symptoms of citrus greening disease. The leaf also appears to be curled, which can be a symptom of the disease.",0.8,1,0,0,0,,
59.pn.png,"Citrus,Canker",Citrus,Canker,qwen2.5vl:3b,Citrus,Black Spot,"The leaf shows brown spots and lesions, which are characteristic of Black Spot disease. The brown spots are irregularly shaped and scattered across the leaf surface, indicating the presence of the disease.",0.85,1,0,0,0,,
64.pn.png,"Citrus,Canker",Citrus,Canker,qwen2.5vl:3b,Citrus,Black Spot,"The leaf shows brown spots and discoloration, which are typical symptoms of Black Spot. The brown spots are circular and have a distinct halo effect, which is characteristic of this disease.",0.8,1,0,0,0,,
97.pn.png,"Citrus,Canker",Citrus,Canker,qwen2.5vl:3b,Citrus,Black Spot,"The leaf shows characteristic brown spots with a raised margin, which are typical signs of Black Spot disease. The spots are irregularly shaped and have a darker center, which is a hallmark of this disease.",0.85,1,0,0,0,,
84.pn.png,"Citrus,Canker",Citrus,Canker,qwen2.5vl:3b,Citrus,Greening,"The leaf shows signs of chlorosis, which is a symptom of greening disease. The yellowing and discoloration are indicative of nutrient deficiency or disease, particularly greening, which affects the leaves of citrus plants.",0.8,1,0,0,0,,
b (270).png,"Citrus,Black Spot",Citrus,Black Spot,qwen2.5vl:3b,Citrus,Greening,"The leaf shows signs of greening, with a yellowish-brown discoloration and a curled edge, which are typical symptoms of citrus greening disease. The healthy green area on the upper part of the leaf contrasts with the diseased area, indicating the progression of the disease.",0.8,1,0,0,0,,
161.p.png,"Citrus,Canker",Citrus,Canker,qwen2.5vl:3b,Citrus,Healthy,"The leaf appears to be healthy with no visible signs of discoloration, spots, or lesions that would indicate disease. The color is vibrant and there are no brown spots or lesions present.",0.9,1,0,0,0,,
b (162).png,"Citrus,Black Spot",Citrus,Black Spot,qwen2.5vl:3b,Citrus,Black Spot,"The leaf shows signs of discoloration and brown spots, which are typical symptoms of Black Spot. The brownish area on the leaf is consistent with the disease's characteristic lesions.",0.8,1,1,1,0,,
138.p.png,"Citrus,Canker",Citrus,Canker,qwen2.5vl:3b,Citrus,Greening,"The leaf shows signs of greening, with yellowing and brown spots, which are characteristic of citrus greening disease. The leaf is also curled, which is a common symptom of this disease.",0.8,1,0,0,0,,
45.pn.png,"Citrus,Healthy",Citrus,Healthy,qwen2.5vl:3b,Citrus,Healthy,"The leaf appears to be green and healthy with no visible signs of disease such as spots, discoloration, or lesions. The veins and edges are clear and intact.",0.95,1,1,1,0,,
143.p.png,"Citrus,Canker",Citrus,Canker,qwen2.5vl:3b,Citrus,Black Spot,"The leaf exhibits characteristic black spots with yellowish halo around them, which are typical symptoms of Black Spot disease. The spots are irregularly shaped and scattered across the leaf surface.",0.9,1,0,0,0,,
g (204).png,"Citrus,Greening",Citrus,Greening,qwen2.5vl:3b,Citrus,Healthy,"The leaf appears to be in good condition with no visible signs of discoloration, spots, or lesions that would indicate a disease such as Black Spot, Canker, or Greening. The leaf is green and has a healthy appearance.",0.9,1,0,0,0,,
40.pn.png,"Citrus,Healthy",Citrus,Healthy,qwen2.5vl:3b,Citrus,Greening,"The leaf shows signs of chlorosis, which is a symptom of Greening disease. The edges of the leaf are turning yellow, and the overall coloration is not vibrant, indicating a lack of chlorophyll production.",0.8,1,0,0,0,,
28.pn.png,"Citrus,Healthy",Citrus,Healthy,qwen2.5vl:3b,Citrus,Healthy,"The leaf appears to be green and healthy with no visible signs of discoloration, spots, or lesions that would indicate disease. The veins and edges are intact, and there are no noticeable abnormalities.",0.95,1,1,1,0,,
g (157).png,"Citrus,Greening",Citrus,Greening,qwen2.5vl:3b,Citrus,Healthy,"The leaf appears to be green and healthy with no visible signs of disease such as spots, discoloration, or lesions. The leaf has a normal shape and structure without any abnormalities.",0.9,1,0,0,0,,
g (125).png,"Citrus,Greening",Citrus,Greening,qwen2.5vl:3b,Citrus,Greening,"The leaf shows signs of chlorosis, which is a symptom of Greening disease. The edges of the leaf are turning yellow, and the overall coloration is not vibrant, indicating a lack of chlorophyll, which is typical in Greening disease.",0.8,1,1,1,0,,
g (11).png,"Citrus,Greening",Citrus,Greening,qwen2.5vl:3b,Citrus,Greening,"The leaf shows signs of chlorosis, which is a common symptom of citrus greening disease. The leaf is also discolored, with a yellowish tint, which is characteristic of this disease. The leaf edges are not curled or distorted, which is less common in citrus canker.",0.8,1,1,1,0,,
g (15).png,"Citrus,Greening",Citrus,Greening,qwen2.5vl:3b,Citrus,Greening,"The leaf shows signs of discoloration and chlorosis, which are typical symptoms of citrus greening disease. The leaf is also curled and appears to be affected by the disease.",0.8,1,1,1,0,,
g (63).png,"Citrus,Greening",Citrus,Greening,qwen2.5vl:3b,Citrus,Healthy,"The leaf appears to be green and healthy with no visible signs of disease such as spots, discoloration, or lesions. The texture and shape of the leaf are consistent with a healthy citrus leaf.",0.9,1,0,0,0,,
49.pn.png,"Citrus,Healthy",Citrus,Healthy,qwen2.5vl:3b,Citrus,Healthy,"The leaf appears to be healthy with no visible signs of discoloration, spots, or lesions that would indicate disease. The texture and color are consistent with a healthy citrus leaf.",0.95,1,1,1,0,,
6.png.png,"Citrus,Healthy",Citrus,Healthy,qwen2.5vl:3b,Citrus,Healthy,"The leaf appears to be healthy with no visible signs of discoloration, lesions, or other symptoms that would indicate disease. The edges are smooth and there are no visible symptoms of disease such as black spots, cankers, or greening.",0.95,1,1,1,0,,
114.p.png,"Citrus,Canker",Citrus,Canker,qwen2.5vl:3b,Citrus,Black Spot,"The leaf shows dark brown spots with a raised edge, which are characteristic of Black Spot disease. The spots are irregularly shaped and scattered across the leaf surface.",0.9,1,0,0,0,,
1.png.png,"Citrus,Healthy",Citrus,Healthy,qwen2.5vl:3b,Citrus,Greening,"The leaf shows signs of chlorosis, which is a common symptom of citrus greening disease. The leaf is also discolored, with a lighter green area visible, which is characteristic of this disease.",0.8,1,0,0,0,,
147.p.png,"Citrus,Canker",Citrus,Canker,qwen2.5vl:3b,Citrus,Greening,"The leaf shows signs of green discoloration and irregular spots, which are characteristic of citrus greening disease. The presence of yellowing and the irregular shape of the leaf further supports this diagnosis.",0.8,1,0,0,0,,
53.pn.png,"Citrus,Canker",Citrus,Canker,qwen2.5vl:3b,Citrus,Black Spot,"The leaf shows brown spots and discoloration, which are characteristic of Black Spot disease. The spots are irregular in shape and size, and the leaf's edges appear to be slightly curled, which is a common symptom of this disease.",0.8,1,0,0,0,,
27.pn.png,"Citrus,Canker",Citrus,Canker,qwen2.5vl:3b,Citrus,Healthy,"The leaf in the image shows no visible signs of disease such as spots, discoloration, or lesions. The green color and overall appearance suggest that the leaf is healthy.",0.9,1,0,0,0,,
44.pn.png,"Citrus,Canker",Citrus,Canker,qwen2.5vl:3b,Citrus,Greening,"The leaf shows signs of greening, with yellowing and discoloration, which is characteristic of citrus greening disease. The brown spots and discoloration are consistent with the disease's symptoms.",0.8,1,0,0,0,,
78.jpg,"Citrus,Black Spot",Citrus,Black Spot,qwen2.5vl:3b,Citrus,Black Spot,"The leaf shows brown spots and discoloration, which are characteristic of Black Spot disease. The spots are irregularly shaped and appear to be expanding, indicating active infection.",0.8,1,1,1,0,,
g (178).png,"Citrus,Greening",Citrus,Greening,qwen2.5vl:3b,Citrus,Greening,"The leaf shows signs of chlorosis, which is a common symptom of citrus greening disease. The leaf is also discolored, with a yellowish-green hue, which is characteristic of this disease. The leaf edges are not curled or distorted, which might suggest it is not in the early stages of greening disease.",0.7,1,1,1,0,,
g (156).png,"Citrus,Greening",Citrus,Greening,qwen2.5vl:3b,Citrus,Greening,"The leaf shows signs of chlorosis, which is a characteristic symptom of citrus greening disease. The leaf appears to be yellowing and has a distorted shape, which are typical signs of this disease. The leaf also shows some discoloration, which is another symptom of citrus greening.",0.8,1,1,1,0,,
19.pn.png,"Citrus,Canker",Citrus,Canker,qwen2.5vl:3b,Citrus,Greening,"The leaf shows signs of chlorosis, which is a symptom of nutrient deficiency or stress. The yellowing and discoloration are indicative of a nutrient deficiency, particularly nitrogen, which is crucial for chlorophyll production. The absence of black spots or cankers further supports the diagnosis of Greening.",0.8,1,0,0,0,,
14.pn.png,"Citrus,Healthy",Citrus,Healthy,qwen2.5vl:3b,Citrus,Greening,"The leaf shows signs of chlorosis, which is a common symptom of citrus greening disease. The leaf also appears to be dehydrated, which is another indicator of this disease. The edges of the leaf are not curled, which is a characteristic of healthy leaves.",0.8,1,0,0,0,,
g (73).png,"Citrus,Greening",Citrus,Greening,qwen2.5vl:3b,Citrus,Greening,"The leaf shows signs of greening, which is characterized by a yellowish discoloration and the presence of small, dark spots. These symptoms are consistent with citrus greening disease.",0.8,1,1,1,0,,
22.pn.png,"Citrus,Healthy",Citrus,Healthy,qwen2.5vl:3b,Citrus,Healthy,"The leaf appears to be in good condition with no visible signs of discoloration, spots, or lesions that would indicate disease. The edges and veins are intact, and the overall shape is normal.",0.9,1,1,1,0,,
g (37).png,"Citrus,Greening",Citrus,Greening,qwen2.5vl:3b,Citrus,Greening,"The leaf shows signs of greening, which is characterized by the yellowing and discoloration of the leaf surface. The edges of the leaf are also curled, which is a common symptom of greening disease. The presence of these symptoms suggests that the leaf is affected by greening.",0.8,1,1,1,0,,
121.p.png,"Citrus,Canker",Citrus,Canker,qwen2.5vl:3b,Citrus,Greening,"The leaf shows signs of discoloration with yellowing and brown spots, which are characteristic of citrus greening disease. The leaf also appears to have a curled edge, which is a common symptom of this disease.",0.85,1,0,0,0,,
29.pn.png,"Citrus,Healthy",Citrus,Healthy,qwen2.5vl:3b,Citrus,Healthy,"The leaf appears to be green and healthy with no visible signs of discoloration, spots, or lesions that would indicate the presence of a disease such as Black Spot, Canker, or Greening.",0.9,1,1,1,0,,
b (176).png,"Citrus,Black Spot",Citrus,Black Spot,qwen2.5vl:3b,Citrus,Healthy,"The leaf appears to be in good condition with no visible signs of discoloration, spots, or lesions that would indicate disease. The edges are intact, and the texture looks normal.",0.9,1,0,0,0,,
g (188).png,"Citrus,Greening",Citrus,Greening,qwen2.5vl:3b,Citrus,Greening,"The leaf shows signs of greening, which is characterized by a yellowish-green coloration and a curled appearance. These symptoms are indicative of citrus greening disease, which is caused by the bacterium Xylella fastidiosa.",0.8,1,1,1,0,,
b (169).png,"Citrus,Black Spot",Citrus,Black Spot,qwen2.5vl:3b,Citrus,Greening,"The leaf shows signs of chlorosis, which is a symptom of greening disease. The edges of the leaf are turning yellow and the veins are not as prominent as they should be, indicating a lack of chlorophyll production.",0.8,1,0,0,0,,
b (196).png,"Citrus,Black Spot",Citrus,Black Spot,qwen2.5vl:3b,Citrus,Greening,"The leaf shows signs of chlorosis, which is a symptom of Greening disease. The yellowing and browning of the leaf edges suggest nutrient deficiency and fungal infection.",0.8,1,0,0,0,,
86.pn.png,"Citrus,Canker",Citrus,Canker,qwen2.5vl:3b,Citrus,Healthy,"The leaf appears to be green and healthy with no visible signs of disease such as spots, discoloration, or lesions. The leaf has a smooth texture and the color is uniform, indicating no disease presence.",0.9,1,0,0,0,,
b (180).png,"Citrus,Black Spot",Citrus,Black Spot,qwen2.5vl:3b,Citrus,Healthy,"The leaf appears to be in good condition with no visible signs of discoloration, lesions, or other symptoms typically associated with diseases like Black Spot, Canker, or Greening. The texture and color are consistent with a healthy leaf.",0.9,1,0,0,0,,
b (205).png,"Citrus,Black Spot",Citrus,Black Spot,qwen2.5vl:3b,Citrus,Healthy,"The leaf appears to be green and healthy with no visible signs of discoloration, spots, or lesions that would indicate disease. The edges are smooth and there are no noticeable symptoms of disease such as black spots, canker, or greening.",0.9,1,0,0,0,,
151.p.png,"Citrus,Canker",Citrus,Canker,qwen2.5vl:3b,Citrus,Black Spot,"The leaf shows multiple brown spots with a central yellow halo, which is characteristic of Black Spot disease. The spots are irregularly shaped and scattered across the leaf surface.",0.8,1,0,0,0,,
19.pn.png,"Citrus,Healthy",Citrus,Healthy,qwen2.5vl:3b,Citrus,Healthy,"The leaf appears to be healthy with no visible signs of discoloration, lesions, or other symptoms typically associated with diseases like Black Spot, Canker, or Greening. The leaf is green and has a smooth surface without any irregularities.",0.9,1,1,1,0,,
53.pn.png,"Citrus,Healthy",Citrus,Healthy,qwen2.5vl:3b,Citrus,Healthy,"The leaf appears to be green and healthy with no visible signs of discoloration, spots, or lesions that would indicate the presence of a disease.",0.9,1,1,1,0,,
g (32).png,"Citrus,Greening",Citrus,Greening,qwen2.5vl:3b,Citrus,Healthy,"The leaf appears to be green and healthy with no visible signs of discoloration, spots, or lesions that would indicate disease. The texture and shape of the leaf are typical of a healthy citrus leaf.",0.9,1,0,0,0,,
b (139).png,"Citrus,Black Spot",Citrus,Black Spot,qwen2.5vl:3b,Citrus,Healthy,"The leaf appears to be in good condition with no visible signs of discoloration, spots, or lesions that would indicate disease. The edges and veins are intact, and the overall shape is normal.",0.9,1,0,0,0,,
57.pn.png,"Citrus,Healthy",Citrus,Healthy,qwen2.5vl:3b,Citrus,Greening,"The leaf shows signs of greening, which is characterized by a yellowish or greenish discoloration along the midrib and veins. This symptom is often associated with citrus greening disease, which can cause leaf discoloration and stunted growth.",0.8,1,0,0,0,,
30.pn.png,"Citrus,Healthy",Citrus,Healthy,qwen2.5vl:3b,Citrus,Healthy,"The leaf appears to be green and healthy with no visible signs of black spots, cankers, or greening. The texture and color are consistent with a healthy citrus leaf.",0.95,1,1,1,0,,
b (282).png,"Citrus,Black Spot",Citrus,Black Spot,qwen2.5vl:3b,Citrus,Healthy,"The leaf appears to be in good condition with no visible signs of discoloration, browning, or other symptoms associated with diseases like Black Spot, Canker, or Greening. The leaf is vibrant and healthy in appearance.",0.9,1,0,0,0,,
b (181).png,"Citrus,Black Spot",Citrus,Black Spot,qwen2.5vl:3b,Citrus,Greening,"The leaf shows signs of greening, which is characterized by the yellowing and discoloration of the leaf tissue. The brown spot on the leaf margin is indicative of a disease, likely Greening, which is a fungal disease affecting citrus crops.",0.8,1,0,0,0,,
b (243).png,"Citrus,Black Spot",Citrus,Black Spot,qwen2.5vl:3b,Citrus,Black Spot,"The leaf shows a brown spot with a darker center, which is characteristic of Black Spot disease. The surrounding healthy tissue contrasts with the diseased area, indicating the progression of the disease.",0.85,1,1,1,0,,
bl (3).png,"Citrus,Black Spot",Citrus,Black Spot,qwen2.5vl:3b,Citrus,Greening,"The leaf shows signs of greening, with a yellowish discoloration at the base, which is characteristic of citrus greening disease. The leaf also appears to be damaged, which could be due to the disease or other environmental factors.",0.8,1,0,0,0,,
g (89).png,"Citrus,Greening",Citrus,Greening,qwen2.5vl:3b,Citrus,Greening,"The leaf shows signs of greening, which is characterized by discoloration and a loss of chlorophyll. The leaf appears to be shriveled and has a curled edge, which are typical symptoms of citrus greening disease. The leaf is not healthy and exhibits the characteristic symptoms of this disease.",0.8,1,1,1,0,,
b (85).png,"Citrus,Black Spot",Citrus,Black Spot,qwen2.5vl:3b,Citrus,Black Spot,"The leaf shows a brown spot with a distinct ring-like pattern, which is characteristic of Black Spot disease. The brown spot is expanding and spreading, indicating active infection.",0.85,1,1,1,0,,
b (189).png,"Citrus,Black Spot",Citrus,Black Spot,qwen2.5vl:3b,Citrus,Healthy,"The leaf appears to be in good condition with no visible signs of discoloration, spots, or lesions that would indicate the presence of a disease. The edges and veins of the leaf are intact, and there are no visible symptoms of disease such as black spots, cankers, or greening.",0.9,1,0,0,0,,
g (5).png,"Citrus,Greening",Citrus,Greening,qwen2.5vl:3b,Citrus,Greening,"The leaf shows signs of chlorosis, which is a symptom of greening disease. The leaf is not uniformly green, and the veins appear to be more prominent, indicating a possible nutrient deficiency or disease.",0.8,1,1,1,0,,
b (242).png,"Citrus,Black Spot",Citrus,Black Spot,qwen2.5vl:3b,Citrus,Greening,"The leaf shows signs of chlorosis, which is a symptom of Greening disease. The edges of the leaf are turning yellow, and the overall coloration is not uniform, indicating a disease process affecting the plant's health.",0.8,1,0,0,0,,
15.pn.png,"Citrus,Healthy",Citrus,Healthy,qwen2.5vl:3b,Citrus,Healthy,"The leaf appears to be green and healthy with no visible signs of discoloration, lesions, or other symptoms typically associated with diseases like Black Spot, Canker, or Greening. The texture and veins are clear and intact.",0.9,1,1,1,0,,
g (2).png,"Citrus,Greening",Citrus,Greening,qwen2.5vl:3b,Citrus,Greening,"The leaf shows signs of chlorosis, which is a symptom of Greening disease. The leaf is also discolored, with a yellowish tint, which is characteristic of this disease. The edges of the leaf are curled, which can be a sign of stress or disease.",0.8,1,1,1,0,,
24.pn.png,"Citrus,Canker",Citrus,Canker,qwen2.5vl:3b,Citrus,Greening,"The leaf shows signs of greening, with yellowing and discoloration along the edges and veins, which are characteristic of citrus greening disease. The presence of brown spots and the overall shape of the leaf also suggest this condition.",0.8,1,0,0,0,,
85.pn.png,"Citrus,Canker",Citrus,Canker,qwen2.5vl:3b,Citrus,Greening,"The leaf shows signs of green discoloration, which is characteristic of citrus greening disease. The presence of brown spots and the overall yellowing of the leaf further supports this diagnosis.",0.8,1,0,0,0,,
g (197).png,"Citrus,Greening",Citrus,Greening,qwen2.5vl:3b,Citrus,Greening,"The leaf shows signs of chlorosis, which is a symptom of Greening disease. The leaf is also discolored, with a yellowish hue, which is characteristic of this disease. Additionally, the leaf has a slightly curled edge, which can be a sign of stress or disease.",0.8,1,1,1,0,,
b (145).png,"Citrus,Black Spot",Citrus,Black Spot,qwen2.5vl:3b,Citrus,Healthy,"The leaf appears to be green and healthy with no visible signs of disease such as spots, discoloration, or lesions. The edges are smooth and there are no visible symptoms of disease.",0.9,1,0,0,0,,
20.pn.png,"Citrus,Healthy",Citrus,Healthy,qwen2.5vl:3b,Citrus,Healthy,"The leaf appears to be healthy with no visible signs of discoloration, spots, or lesions that would indicate the presence of a disease. The texture and color are consistent with a healthy leaf.",0.9,1,1,1,0,,
b (259).png,"Citrus,Black Spot",Citrus,Black Spot,qwen2.5vl:3b,Citrus,Greening,"The leaf shows a gradient of green to yellow, indicating chlorophyll degradation, which is characteristic of citrus greening disease. The leaf is also curled and has a discolored edge, further supporting the diagnosis of citrus greening.",0.8,1,0,0,0,,
g (79).png,"Citrus,Greening",Citrus,Greening,qwen2.5vl:3b,Citrus,Healthy,"The leaf appears to be in good condition with no visible signs of discoloration, spots, or lesions that would indicate disease. The texture and color suggest it is healthy.",0.9,1,0,0,0,,
g (76).png,"Citrus,Greening",Citrus,Greening,qwen2.5vl:3b,Citrus,Greening,"The leaf shows signs of chlorosis, which is a symptom of Greening disease. The edges of the leaf are turning yellow, and the overall coloration is not vibrant, indicating a lack of chlorophyll production.",0.8,1,1,1,0,,
46.pn.png,"Citrus,Healthy",Citrus,Healthy,qwen2.5vl:3b,Citrus,Greening,"The leaf shows signs of greening, which is characterized by the discoloration of the leaf tissue. The edges of the leaf are not curled or distorted, which is typical of greening disease. The overall shape and size of the leaf appear normal, which is different from the curled edges and distorted shape often seen in black spot or canker diseases.",0.8,1,0,0,0,,
b (191).png,"Citrus,Black Spot",Citrus,Black Spot,qwen2.5vl:3b,Citrus,Greening,"The leaf shows signs of discoloration and curling, which are typical symptoms of citrus greening disease. The edges of the leaf are turning brown, and the overall shape is distorted, indicating a disease process affecting the plant.",0.8,1,0,0,0,,
71.pn.png,"Citrus,Canker",Citrus,Canker,qwen2.5vl:3b,Citrus,Greening,"The leaf shows signs of greening, with yellowing and discoloration on the edges and veins, which are typical symptoms of citrus greening disease. The presence of brown spots and irregular patches also supports this diagnosis.",0.8,1,0,0,0,,
b (161).png,"Citrus,Black Spot",Citrus,Black Spot,qwen2.5vl:3b,Citrus,Greening,"The leaf shows signs of greening, with a yellowish hue and some brownish discoloration, which are typical symptoms of citrus greening disease. The leaf also appears to be wilted, which is another symptom of this disease.",0.8,1,0,0,0,,
g (187).png,"Citrus,Greening",Citrus,Greening,qwen2.5vl:3b,Citrus,Greening,"The leaf shows signs of chlorosis, which is a symptom of Greening disease. The leaf is also showing signs of necrosis, which is another symptom of this disease. The overall shape and coloration of the leaf are consistent with the typical appearance of a diseased citrus leaf.",0.8,1,1,1,0,,
b (95).png,"Citrus,Black Spot",Citrus,Black Spot,qwen2.5vl:3b,Citrus,Healthy,"The leaf appears to be green and healthy with no visible signs of discoloration, spots, or lesions that would indicate disease. The edges are smooth and there are no visible symptoms of black spots, cankers, or greening.",0.9,1,0,0,0,,
g (182).png,"Citrus,Greening",Citrus,Greening,qwen2.5vl:3b,Citrus,Greening,"The leaf shows signs of chlorosis, which is a symptom of greening disease. The yellowing and discoloration of the leaf are consistent with the symptoms of citrus greening disease.",0.8,1,1,1,0,,
b (251).png,"Citrus,Black Spot",Citrus,Black Spot,qwen2.5vl:3b,Citrus,Greening,"The leaf shows signs of greening, which is characterized by a yellowish discoloration and the presence of necrotic areas. The leaf also appears to be curled and has a distorted shape, which are typical symptoms of greening disease.",0.8,1,0,0,0,,
4.png.png,"Citrus,Canker",Citrus,Canker,qwen2.5vl:3b,Citrus,Black Spot,"The leaf shows characteristic black spots with a yellow halo, which are typical symptoms of Black Spot disease. The spots are irregularly shaped and have a distinct yellow halo around them, which is a hallmark of this disease.",0.95,1,0,0,0,,
b (222).png,"Citrus,Black Spot",Citrus,Black Spot,qwen2.5vl:3b,Citrus,Healthy,"The leaf appears to be in good condition with no visible signs of discoloration, lesions, or other symptoms associated with diseases like Black Spot, Canker, or Greening. The leaf is green and intact, suggesting it is healthy.",0.95,1,0,0,0,,
44.pn.png,"Citrus,Healthy",Citrus,Healthy,qwen2.5vl:3b,Citrus,Healthy,"The leaf appears to be green and healthy with no visible signs of discoloration, spots, or lesions that would indicate disease. The texture and shape of the leaf are consistent with a healthy citrus leaf.",0.9,1,1,1,0,,
b (277).png,"Citrus,Black Spot",Citrus,Black Spot,qwen2.5vl:3b,Citrus,Greening,"The leaf shows signs of chlorosis, which is a symptom of greening disease. The yellowing and browning of the leaf edges and veins indicate nutrient deficiency and disease progression.",0.8,1,0,0,0,,
g (1).png,"Citrus,Greening",Citrus,Greening,qwen2.5vl:3b,Citrus,Greening,"The leaf shows signs of chlorosis, which is a symptom of greening disease. The edges of the leaf are curled and discolored, indicating a loss of chlorophyll and possibly nutrient deficiency.",0.8,1,1,1,0,,
75.pn.png,"Citrus,Canker",Citrus,Canker,qwen2.5vl:3b,Citrus,Greening,"The leaf shows signs of greening, with yellowing and discoloration, which are characteristic of citrus greening disease. The presence of brown spots and the overall shape of the leaf also suggest the disease.",0.8,1,0,0,0,,
37.pn.png,"Citrus,Healthy",Citrus,Healthy,qwen2.5vl:3b,Citrus,Healthy,"The leaf appears to be healthy with no visible signs of disease such as spots, discoloration, or lesions. The texture and color are consistent with a healthy citrus leaf.",0.9,1,1,1,0,,
b (69).png,"Citrus,Black Spot",Citrus,Black Spot,qwen2.5vl:3b,Citrus,Black Spot,"The leaf shows dark brown spots and discoloration, which are typical symptoms of Black Spot. The presence of these spots indicates the disease is present.",0.8,1,1,1,0,,
42.pn.png,"Citrus,Healthy",Citrus,Healthy,qwen2.5vl:3b,Citrus,Healthy,"The leaf appears to be in good condition with no visible signs of discoloration, spots, or lesions that would indicate disease. The veins and edges are intact, and there are no visible symptoms of disease such as black spots, cankers, or greening.",0.9,1,1,1,0,,
33.pn.png,"Citrus,Healthy",Citrus,Healthy,qwen2.5vl:3b,Citrus,Healthy,"The leaf appears to be green and healthy with no visible signs of discoloration, spots, or lesions that would indicate disease. The veins are clearly defined and there are no visible symptoms of disease such as black spots, cankers, or greening.",0.9,1,1,1,0,,
g (39).png,"Citrus,Greening",Citrus,Greening,qwen2.5vl:3b,Citrus,Greening,"The leaf shows signs of greening, which is characterized by a yellowish-green coloration and possible discoloration. The leaf also appears to have a slightly curled edge, which can be indicative of stress or disease. The presence of these symptoms suggests that the leaf may be affected by greening, a condition that can be caused by various factors including environmental stress or fungal infection.",0.7,1,1,1,0,,
g (130).png,"Citrus,Greening",Citrus,Greening,qwen2.5vl:3b,Citrus,Greening,"The leaf shows signs of chlorosis, which is a symptom of greening disease. The yellowing and discoloration of the leaf suggest a deficiency in chlorophyll, which is characteristic of greening disease in citrus crops.",0.8,1,1,1,0,,
5.png.png,"Citrus,Healthy",Citrus,Healthy,qwen2.5vl:3b,Citrus,Healthy,"The leaf appears to be green and healthy with no visible signs of discoloration, lesions, or other symptoms typically associated with diseases like Black Spot or Canker. The texture and shape of the leaf also suggest it is in good condition.",0.95,1,1,1,0,,
g (30).png,"Citrus,Greening",Citrus,Greening,qwen2.5vl:3b,Citrus,Greening,"The leaf shows signs of chlorosis, which is a symptom of Greening disease. The leaf is also discolored with a yellowish tint, indicating nutrient deficiency or disease. The edges of the leaf are not curled, which is a characteristic of healthy leaves.",0.9,1,1,1,0,,
b (197).png,"Citrus,Black Spot",Citrus,Black Spot,qwen2.5vl:3b,Citrus,Greening,"The leaf shows signs of greening, with a yellowish discoloration and a curled edge, which are typical symptoms of citrus greening disease. The leaf also appears to have a slightly curled and distorted appearance, which is consistent with the disease's effects on citrus leaves.",0.8,1,0,0,0,,
10.pn.png,"Citrus,Healthy",Citrus,Healthy,qwen2.5vl:3b,Citrus,Greening,"The leaf shows signs of greening, which is characterized by a yellowing and discoloration of the leaf margins and veins. The presence of small spots and discoloration suggests a fungal infection.",0.7,1,0,0,0,,
b (91).png,"Citrus,Black Spot",Citrus,Black Spot,qwen2.5vl:3b,Citrus,Greening,"The leaf shows signs of greening, with a yellowish-green coloration and a brownish spot, which are characteristic of citrus greening disease. The leaf also appears to be wilted and has a curled edge, which are additional symptoms of this disease.",0.8,1,0,0,0,,
g (22).png,"Citrus,Greening",Citrus,Greening,qwen2.5vl:3b,Citrus,Greening,"The leaf shows signs of greening, which is characterized by a yellowish-green coloration and the presence of necrotic spots. The leaf appears to be wilted and has a discolored appearance, which are typical symptoms of citrus greening disease.",0.8,1,1,1,0,,
88.pn.png,"Citrus,Canker",Citrus,Canker,qwen2.5vl:3b,Citrus,Greening,"The leaf shows signs of greening, with yellowish spots and discoloration, which are typical symptoms of citrus greening disease. The presence of these spots and the overall discoloration suggest the disease is affecting the leaf.",0.8,1,0,0,0,,
144.p.png,"Citrus,Canker",Citrus,Canker,qwen2.5vl:3b,Citrus,Greening,"The leaf shows characteristic green spots and discoloration, which are typical symptoms of citrus greening disease. The spots are irregular in shape and size, and the overall appearance of the leaf is not typical of healthy citrus leaves.",0.8,1,0,0,0,,
8.png.png,"Citrus,Healthy",Citrus,Healthy,qwen2.5vl:3b,Citrus,Healthy,"The leaf appears to be green and healthy with no visible signs of discoloration, spots, or lesions that would indicate disease. The veins and edges are clear and intact.",0.95,1,1,1,0,,
g (91).png,"Citrus,Greening",Citrus,Greening,qwen2.5vl:3b,Citrus,Healthy,"The leaf appears to be green and healthy with no visible signs of discoloration, spots, or lesions that would indicate the presence of a disease like Black Spot, Canker, or Greening. The texture and coloration suggest normal growth without any disease symptoms.",0.9,1,0,0,0,,
35.pn.png,"Citrus,Canker",Citrus,Canker,qwen2.5vl:3b,Citrus,Greening,"The leaf shows signs of greening with yellowing and discoloration, which is characteristic of citrus greening disease. The presence of brown spots and discoloration further supports this diagnosis.",0.8,1,0,0,0,,
g (16).png,"Citrus,Greening",Citrus,Greening,qwen2.5vl:3b,Citrus,Greening,"The leaf shows signs of chlorosis, which is a symptom of greening disease. The yellowing and discoloration of the leaf are indicative of nutrient deficiency or disease.",0.8,1,1,1,0,,
135.p.png,"Citrus,Canker",Citrus,Canker,qwen2.5vl:3b,Citrus,Greening,"The leaf shows signs of greening, with yellowing and brown spots, which are characteristic of citrus greening disease. The leaf is also curled, which is a common symptom of this disease.",0.8,1,0,0,0,,
155.p.png,"Citrus,Canker",Citrus,Canker,qwen2.5vl:3b,Citrus,Greening,"The leaf shows signs of chlorosis, which is a symptom of Greening disease. The yellowing and discoloration are consistent with this disease, where the leaves turn yellow and may develop brown spots.",0.8,1,0,0,0,,
69.pn.png,"Citrus,Canker",Citrus,Canker,qwen2.5vl:3b,Citrus,Greening,"The leaf shows signs of discoloration and the presence of brown spots, which are characteristic of citrus greening disease. The leaf is not uniformly green, indicating a decline in health.",0.8,1,0,0,0,,
g (90).png,"Citrus,Greening",Citrus,Greening,qwen2.5vl:3b,Citrus,Healthy,"The leaf appears to be healthy with no visible signs of discoloration, spots, or lesions that would indicate disease such as Black Spot, Canker, or Greening.",0.9,1,0,0,0,,
g (135).png,"Citrus,Greening",Citrus,Greening,qwen2.5vl:3b,Citrus,Healthy,"The leaf appears to be green and healthy with no visible signs of discoloration, spots, or lesions that would indicate disease. The edges are smooth and there are no visible signs of damage or disease symptoms.",0.9,1,0,0,0,,
15.pn.png,"Citrus,Canker",Citrus,Canker,qwen2.5vl:3b,Citrus,Greening,"The leaf shows signs of greening, with yellow and brown spots and irregularly shaped lesions. The presence of these symptoms is characteristic of citrus greening disease, which is caused by the bacterium Xylella fastidiosa.",0.8,1,0,0,0,,
b (164).png,"Citrus,Black Spot",Citrus,Black Spot,qwen2.5vl:3b,Citrus,Greening,"The leaf shows signs of yellowing and discoloration, which are typical symptoms of citrus greening disease. The edges of the leaf are also turning brown, indicating a decline in health.",0.8,1,0,0,0,,
b (49).png,"Citrus,Black Spot",Citrus,Black Spot,qwen2.5vl:3b,Citrus,Greening,"The leaf shows signs of chlorosis, which is a symptom of Greening disease. The leaf is also discolored with yellowing and browning, indicating a decline in health.",0.8,1,0,0,0,,
g (87).png,"Citrus,Greening",Citrus,Greening,qwen2.5vl:3b,Citrus,Greening,"The leaf shows signs of chlorosis, which is a symptom of greening disease. The edges of the leaf are turning yellow, and the overall coloration is not vibrant, indicating a lack of chlorophyll production.",0.8,1,1,1,0,,
55.pn.png,"Citrus,Healthy",Citrus,Healthy,qwen2.5vl:3b,Citrus,Healthy,"The leaf appears to be green and healthy with no visible signs of discoloration, spots, or lesions that would indicate the presence of a disease.",0.9,1,1,1,0,,
g (95).png,"Citrus,Greening",Citrus,Greening,qwen2.5vl:3b,Citrus,Healthy,"The leaf appears to be in good condition with no visible signs of discoloration, spots, or lesions that would indicate disease. The color is consistent and there are no visible symptoms of disease such as black spots or greening.",0.9,1,0,0,0,,
g (124).png,"Citrus,Greening",Citrus,Greening,qwen2.5vl:3b,Citrus,Greening,"The leaf shows signs of chlorosis, which is a symptom of nutrient deficiency or disease. The edges of the leaf are turning yellow, which is characteristic of citrus greening disease. The leaf also appears to be wilted, indicating a possible nutrient deficiency or stress.",0.8,1,1,1,0,,
36.pn.png,"Citrus,Canker",Citrus,Canker,qwen2.5vl:3b,Citrus,Greening,"The leaf shows signs of green spot, which is characterized by the presence of yellowish or greenish spots on the leaf surface. These spots are irregular in shape and size, and they are more prominent towards the edges of the leaf. The leaf also appears to be slightly curled, which is a common symptom of green spot.",0.8,1,0,0,0,,
b (166).png,"Citrus,Black Spot",Citrus,Black Spot,qwen2.5vl:3b,Citrus,Greening,"The leaf shows a gradient of green to brown, indicating a disease process. The brown area suggests a loss of chlorophyll, which is typical of greening diseases. The healthy green area indicates the disease is not yet widespread.",0.8,1,0,0,0,,
111.p.png,"Citrus,Canker",Citrus,Canker,qwen2.5vl:3b,Citrus,Greening,"The leaf shows signs of greening, with yellowish spots and discoloration, which are typical symptoms of citrus greening disease. The leaf also appears to be curled, which can be a symptom of stress or disease in citrus plants.",0.8,1,0,0,0,,
b (198).png,"Citrus,Black Spot",Citrus,Black Spot,qwen2.5vl:3b,Citrus,Greening,"The leaf shows signs of greening, with a yellowish discoloration and a brownish edge, which are typical symptoms of citrus greening disease. The leaf appears to be wilted and has a curled edge, further indicating the disease's impact.",0.8,1,0,0,0,,
b (67).png,"Citrus,Black Spot",Citrus,Black Spot,qwen2.5vl:3b,Citrus,Greening,"The leaf shows signs of chlorosis, which is a symptom of Greening disease. The leaf is also curled and discolored, indicating a possible fungal infection.",0.8,1,0,0,0,,
b (244).png,"Citrus,Black Spot",Citrus,Black Spot,qwen2.5vl:3b,Citrus,Black Spot,"The leaf shows a brown spot with a dark center, which is characteristic of Black Spot disease. The edges of the leaf are not yet affected, indicating that the disease is in the early stages.",0.8,1,1,1,0,,
60.pn.png,"Citrus,Canker",Citrus,Canker,qwen2.5vl:3b,Citrus,Greening,"The leaf shows signs of chlorosis, which is a symptom of nutrient deficiency, particularly nitrogen deficiency. The yellowing and discoloration are consistent with the symptoms of citrus greening disease.",0.8,1,0,0,0,,
g (29).png,"Citrus,Greening",Citrus,Greening,qwen2.5vl:3b,Citrus,Greening,"The leaf shows signs of chlorosis, which is a symptom of greening disease. The yellowing and discoloration of the leaf suggest a deficiency in chlorophyll, a characteristic of greening disease in citrus crops.",0.8,1,1,1,0,,
117.p.png,"Citrus,Canker",Citrus,Canker,qwen2.5vl:3b,Citrus,Greening,"The leaf shows signs of greening, with yellow and brown spots and discoloration, which are characteristic of citrus greening disease. The presence of these symptoms indicates the disease is present.",0.8,1,0,0,0,,
b (160).png,"Citrus,Black Spot",Citrus,Black Spot,qwen2.5vl:3b,Citrus,Greening,"The leaf shows signs of chlorosis, which is a common symptom of citrus greening disease. The leaf is also turning yellow and brown, indicating a decline in health. The edges of the leaf are not curled or distorted, which might suggest that the disease is in its early stages.",0.8,1,0,0,0,,
2.png.png,"Citrus,Healthy",Citrus,Healthy,qwen2.5vl:3b,Citrus,Healthy,"The leaf appears to be green and healthy with no visible signs of discoloration, spots, or lesions that would indicate disease. The texture and shape of the leaf are consistent with a healthy citrus leaf.",0.95,1,1,1,0,,
37.pn.png,"Citrus,Canker",Citrus,Canker,qwen2.5vl:3b,Citrus,Greening,"The leaf shows signs of greening, with yellowish spots and discoloration. These symptoms are characteristic of citrus greening disease, which is caused by the citrus tristeza virus.",0.85,1,0,0,0,,
17.pn.png,"Citrus,Canker",Citrus,Canker,qwen2.5vl:3b,Citrus,Black Spot,"The leaf shows characteristic black spots with yellowish margins, which are typical symptoms of Black Spot disease. The spots are irregularly shaped and appear on the underside of the leaf, which is consistent with this disease.",0.85,1,0,0,0,,
92.pn.png,"Citrus,Canker",Citrus,Canker,qwen2.5vl:3b,Citrus,Greening,"The leaf shows signs of greening, with yellowish spots and discoloration, which are characteristic of citrus greening disease. The presence of these spots and the overall discoloration suggest the disease is present.",0.85,1,0,0,0,,
57.pn.png,"Citrus,Canker",Citrus,Canker,qwen2.5vl:3b,Citrus,Greening,"The leaf shows signs of chlorosis, which is a symptom of greening disease. The yellowing and discoloration are consistent with the effects of greening, which is a fungal disease affecting citrus crops.",0.8,1,0,0,0,,
b (78).png,"Citrus,Black Spot",Citrus,Black Spot,qwen2.5vl:3b,Citrus,Greening,"The leaf shows signs of greening, with a noticeable yellowing and discoloration on the upper surface, which is characteristic of citrus greening disease. The leaf also appears to be wilted, which is another symptom of this disease.",0.85,1,0,0,0,,
g (203).png,"Citrus,Greening",Citrus,Greening,qwen2.5vl:3b,Citrus,Greening,"The leaf shows signs of chlorosis, which is a common symptom of citrus greening disease. The leaf is also curled and discolored, indicating a decline in health.",0.8,1,1,1,0,,
58.pn.png,"Citrus,Healthy",Citrus,Healthy,qwen2.5vl:3b,Citrus,Healthy,"The leaf appears to be healthy with no visible signs of discoloration, spots, or lesions that would indicate disease. The green color and smooth texture suggest it is not affected by any disease.",0.95,1,1,1,0,,
g (6).png,"Citrus,Greening",Citrus,Greening,qwen2.5vl:3b,Citrus,Greening,"The leaf shows signs of yellowing and discoloration, which are typical symptoms of citrus greening disease. The leaf is also curled and has a distorted shape, which are characteristic of this disease.",0.8,1,1,1,0,,
39.pn.png,"Citrus,Healthy",Citrus,Healthy,qwen2.5vl:3b,Citrus,Greening,"The leaf shows signs of discoloration and a lighter, more faded appearance, which are characteristic of citrus greening disease. The edges of the leaf are also curled, indicating stress or disease.",0.8,1,0,0,0,,
106.p.png,"Citrus,Canker",Citrus,Canker,qwen2.5vl:3b,Citrus,Greening,"The leaf shows signs of greening, with yellowish spots and discoloration, which are characteristic of citrus greening disease. The presence of these symptoms indicates that the leaf is affected by this disease.",0.85,1,0,0,0,,
136.p.png,"Citrus,Canker",Citrus,Canker,qwen2.5vl:3b,Citrus,Black Spot,"The leaf shows brown spots with yellowish edges, which are characteristic of Black Spot. The spots are irregularly shaped and scattered across the leaf surface.",0.8,1,0,0,0,,
b (59).png,"Citrus,Black Spot",Citrus,Black Spot,qwen2.5vl:3b,Citrus,Healthy,"The leaf appears to be green and healthy with no visible signs of disease such as lesions, discoloration, or spots. The texture and color are consistent with a healthy citrus leaf.",0.9,1,0,0,0,,
31.pn.png,"Citrus,Healthy",Citrus,Healthy,qwen2.5vl:3b,Citrus,Healthy,"The leaf appears to be green and healthy with no visible signs of discoloration, spots, or lesions that would indicate disease.",0.9,1,1,1,0,,
32.pn.png,"Citrus,Healthy",Citrus,Healthy,qwen2.5vl:3b,Citrus,Healthy,"The leaf appears to be in good condition with no visible signs of disease such as spots, discoloration, or lesions. The texture and color are consistent with a healthy leaf.",0.9,1,1,1,0,,
g (198).png,"Citrus,Greening",Citrus,Greening,qwen2.5vl:3b,Citrus,Greening,"The leaf shows signs of chlorosis, which is a symptom of greening disease. The yellowing and discoloration of the leaf are indicative of nutrient deficiency or disease.",0.8,1,1,1,0,,
152.p.png,"Citrus,Canker",Citrus,Canker,qwen2.5vl:3b,Citrus,Greening,"The leaf shows signs of chlorosis, which is a symptom of greening disease. The yellowing and discoloration are consistent with the typical appearance of citrus greening disease.",0.9,1,0,0,0,,
b (271).png,"Citrus,Black Spot",Citrus,Black Spot,qwen2.5vl:3b,Citrus,Greening,"The leaf shows signs of chlorosis, which is a common symptom of citrus greening disease. The leaf is also discolored with a yellowish hue, which is characteristic of this disease. Additionally, there are brown spots and discoloration on the leaf, further supporting the diagnosis of citrus greening.",0.8,1,0,0,0,,
g (167).png,"Citrus,Greening",Citrus,Greening,qwen2.5vl:3b,Citrus,Black Spot,"The leaf shows dark brown spots and lesions, which are characteristic of Black Spot disease. The spots are irregularly shaped and have a distinct, raised appearance, consistent with Black Spot symptoms.",0.85,1,0,0,0,,
b (2).png,"Citrus,Black Spot",Citrus,Black Spot,qwen2.5vl:3b,Citrus,Healthy,"The leaf appears to be green and healthy with no visible signs of discoloration, spots, or lesions that would indicate the presence of a disease like Black Spot, Canker, or Greening.",0.9,1,0,0,0,,
b (174).png,"Citrus,Black Spot",Citrus,Black Spot,qwen2.5vl:3b,Citrus,Healthy,"The leaf appears to be in good condition with no visible signs of discoloration, browning, or lesions that would indicate disease. The green color and the shape of the leaf suggest it is healthy.",0.9,1,0,0,0,,
115.p.png,"Citrus,Canker",Citrus,Canker,qwen2.5vl:3b,Citrus,Greening,"The leaf shows signs of greening, with yellow and red spots on the surface. These symptoms are characteristic of citrus greening disease, which is caused by the citrus tristeza virus.",0.8,1,0,0,0,,
g (100).png,"Citrus,Greening",Citrus,Greening,qwen2.5vl:3b,Citrus,Healthy,"The leaf appears to be green and healthy with no visible signs of disease such as spots, discoloration, or lesions. The veins and edges are intact without any damage.",0.9,1,0,0,0,,
11.pn.png,"Citrus,Healthy",Citrus,Healthy,qwen2.5vl:3b,Citrus,Healthy,"The leaf appears to be green and healthy with no visible signs of discoloration, spots, or lesions that would indicate disease. The veins and edges of the leaf are intact without any abnormal swelling or discoloration.",0.9,1,1,1,0,,
109.p.png,"Citrus,Canker",Citrus,Canker,qwen2.5vl:3b,Citrus,Black Spot,"The leaf exhibits dark brown spots with a raised edge, which are characteristic of Black Spot disease. The spots are irregularly shaped and have a distinct halo effect, which is a hallmark of this disease.",0.85,1,0,0,0,,
b (225).png,"Citrus,Black Spot",Citrus,Black Spot,qwen2.5vl:3b,Citrus,Black Spot,"The leaf shows brown spots and discoloration, which are typical symptoms of Black Spot. The brown spots are irregularly shaped and appear on the upper surface of the leaf, which is characteristic of this disease.",0.8,1,1,1,0,,
4.png.png,"Citrus,Healthy",Citrus,Healthy,qwen2.5vl:3b,Citrus,Healthy,"The leaf appears to be green and healthy with no visible signs of discoloration, spots, or lesions that would indicate disease. The texture and shape of the leaf are consistent with a healthy citrus leaf.",0.9,1,1,1,0,,
33.pn.png,"Citrus,Canker",Citrus,Canker,qwen2.5vl:3b,Citrus,Greening,"The leaf shows signs of greening, with yellowing and discoloration along the edges and tips. The presence of brown spots and the overall shape of the leaf suggest it is affected by a greening disease.",0.8,1,0,0,0,,
b (140).png,"Citrus,Black Spot",Citrus,Black Spot,qwen2.5vl:3b,Citrus,Healthy,"The leaf appears to be green and healthy with no visible signs of discoloration, spots, or lesions that would indicate disease. The edges are smooth and there are no visible symptoms of disease such as black spots, cankers, or greening.",0.9,1,0,0,0,,
16.pn.png,"Citrus,Healthy",Citrus,Healthy,qwen2.5vl:3b,Citrus,Healthy,"The leaf appears to be in good condition with no visible signs of discoloration, spots, or lesions. The texture and shape are consistent with healthy citrus leaves.",0.9,1,1,1,0,,
160.p.png,"Citrus,Canker",Citrus,Canker,qwen2.5vl:3b,,Healthy,"The leaf appears to be green and healthy with no visible signs of discoloration, spots, or lesions that would indicate disease. The texture and color are consistent with a healthy squash leaf.",0.9,0,0,0,1,,
g (44).png,"Citrus,Greening",Citrus,Greening,qwen2.5vl:3b,Citrus,Greening,"The leaf shows signs of chlorosis, which is a symptom of greening disease. The edges of the leaf are curled and the coloration is uneven, indicating a lack of chlorophyll, which is characteristic of greening disease.",0.8,1,1,1,0,,
bl (4).png,"Citrus,Black Spot",Citrus,Black Spot,qwen2.5vl:3b,Citrus,Greening,"The leaf shows signs of chlorosis, which is a symptom of greening disease. The leaf is also curled and has a yellowish tint, indicating nutrient deficiency or disease.",0.8,1,0,0,0,,
b (44).png,"Citrus,Black Spot",Citrus,Black Spot,qwen2.5vl:3b,Citrus,Healthy,"The leaf appears to be in good condition with no visible signs of discoloration, lesions, or other symptoms typically associated with diseases like Black Spot, Canker, or Greening. The color and texture of the leaf suggest it is healthy.",0.9,1,0,0,0,,
34.pn.png,"Citrus,Canker",Citrus,Canker,qwen2.5vl:3b,Citrus,Greening,"The leaf shows signs of greening, with yellowing and discoloration, which are typical symptoms of citrus greening disease. The leaf also has small, brown spots, which are consistent with the disease's appearance.",0.8,1,0,0,0,,
g (72).png,"Citrus,Greening",Citrus,Greening,qwen2.5vl:3b,Citrus,Healthy,"The leaf appears to be green and healthy with no visible signs of discoloration, spots, or lesions that would indicate the presence of a disease such as Black Spot, Canker, or Greening.",0.9,1,0,0,0,,
